This file contains any messages produced by compilers while
running configure, to aid debugging if configure makes a mistake.

It was created by Wine configure 11.15, which was
generated by GNU Autoconf 2.73.  Invocation command line was

  $ ./configure --enable-archs=i386,x86_64

## --------- ##
## Platform. ##
## --------- ##

hostname = vm
uname -m = x86_64
uname -r = 6.18.5-fc-v20
uname -s = Linux
uname -v = #1 SMP PREEMPT_DYNAMIC @0

/usr/bin/uname -p = x86_64
/bin/uname -X     = unknown

/bin/arch              = x86_64
/usr/bin/arch -k       = unknown
/usr/convex/getsysinfo = unknown
/usr/bin/hostinfo      = unknown
/bin/machine           = unknown
/usr/bin/oslevel       = unknown
/bin/universe          = unknown

PATH: /root/.local/bin/
PATH: /root/.cargo/bin/
PATH: /usr/local/go/bin/
PATH: /opt/node22/bin/
PATH: /opt/maven/bin/
PATH: /opt/gradle/bin/
PATH: /opt/rbenv/bin/
PATH: /root/.bun/bin/
PATH: /usr/local/sbin/
PATH: /usr/local/bin/
PATH: /usr/sbin/
PATH: /usr/bin/
PATH: /sbin/
PATH: /bin/


## ----------- ##
## Core tests. ##
## ----------- ##

configure:4088: looking for aux files: config.guess config.sub
configure:4101:  trying ./tools/
configure:4130:   ./tools/config.guess found
configure:4130:   ./tools/config.sub found
configure:4673: checking build system type
configure:4689: result: x86_64-pc-linux-gnu
configure:4709: checking host system type
configure:4724: result: x86_64-pc-linux-gnu
configure:4868: checking for gcc
configure:4889: found /usr/bin/gcc
configure:4901: result: gcc
configure:5260: checking for C compiler version
configure:5269: gcc --version >&5
gcc (Ubuntu 13.3.0-6ubuntu2~24.04.1) 13.3.0
Copyright (C) 2023 Free Software Foundation, Inc.
This is free software; see the source for copying conditions.  There is NO
warranty; not even for MERCHANTABILITY or FITNESS FOR A PARTICULAR PURPOSE.

configure:5280: $? = 0
configure:5269: gcc -v >&5
Using built-in specs.
COLLECT_GCC=gcc
COLLECT_LTO_WRAPPER=/usr/libexec/gcc/x86_64-linux-gnu/13/lto-wrapper
OFFLOAD_TARGET_NAMES=nvptx-none:amdgcn-amdhsa
OFFLOAD_TARGET_DEFAULT=1
Target: x86_64-linux-gnu
Configured with: ../src/configure -v --with-pkgversion='Ubuntu 13.3.0-6ubuntu2~24.04.1' --with-bugurl=file:///usr/share/doc/gcc-13/README.Bugs --enable-languages=c,ada,c++,go,d,fortran,objc,obj-c++,m2 --prefix=/usr --with-gcc-major-version-only --program-suffix=-13 --program-prefix=x86_64-linux-gnu- --enable-shared --enable-linker-build-id --libexecdir=/usr/libexec --without-included-gettext --enable-threads=posix --libdir=/usr/lib --enable-nls --enable-bootstrap --enable-clocale=gnu --enable-libstdcxx-debug --enable-libstdcxx-time=yes --with-default-libstdcxx-abi=new --enable-libstdcxx-backtrace --enable-gnu-unique-object --disable-vtable-verify --enable-plugin --enable-default-pie --with-system-zlib --enable-libphobos-checking=release --with-target-system-zlib=auto --enable-objc-gc=auto --enable-multiarch --disable-werror --enable-cet --with-arch-32=i686 --with-abi=m64 --with-multilib-list=m32,m64,mx32 --enable-multilib --with-tune=generic --enable-offload-targets=nvptx-none=/build/gcc-13-EldibY/gcc-13-13.3.0/debian/tmp-nvptx/usr,amdgcn-amdhsa=/build/gcc-13-EldibY/gcc-13-13.3.0/debian/tmp-gcn/usr --enable-offload-defaulted --without-cuda-driver --enable-checking=release --build=x86_64-linux-gnu --host=x86_64-linux-gnu --target=x86_64-linux-gnu --with-build-config=bootstrap-lto-lean --enable-link-serialization=2
Thread model: posix
Supported LTO compression algorithms: zlib zstd
gcc version 13.3.0 (Ubuntu 13.3.0-6ubuntu2~24.04.1) 
... rest of stderr output deleted ...
configure:5280: $? = 0
configure:5269: gcc -V >&5
gcc: error: unrecognized command-line option '-V'
gcc: fatal error: no input files
compilation terminated.
configure:5280: $? = 1
configure:5269: gcc -qversion >&5
gcc: error: unrecognized command-line option '-qversion'; did you mean '--version'?
gcc: fatal error: no input files
compilation terminated.
configure:5280: $? = 1
configure:5269: gcc -version >&5
gcc: error: unrecognized command-line option '-version'
gcc: fatal error: no input files
compilation terminated.
configure:5280: $? = 1
configure:5300: checking whether the C compiler works
configure:5322: gcc    conftest.c  >&5
configure:5326: $? = 0
configure:5377: result: yes
configure:5381: checking for C compiler default output file name
configure:5383: result: a.out
configure:5389: checking for suffix of executables
configure:5396: gcc -o conftest    conftest.c  >&5
configure:5400: $? = 0
configure:5424: result: 
configure:5448: checking whether we are cross compiling
configure:5456: gcc -o conftest    conftest.c  >&5
configure:5460: $? = 0
configure:5467: ./conftest
configure:5471: $? = 0
configure:5486: result: no
configure:5492: checking for suffix of object files
configure:5515: gcc -c   conftest.c >&5
configure:5519: $? = 0
configure:5543: result: o
configure:5547: checking whether the compiler supports GNU C
configure:5567: gcc -c   conftest.c >&5
configure:5567: $? = 0
configure:5579: result: yes
configure:5590: checking whether gcc accepts -g
configure:5611: gcc -c -g  conftest.c >&5
configure:5611: $? = 0
configure:5658: result: yes
configure:5678: checking for gcc option to enable C23 features
configure:5693: gcc  -c -g -O2  conftest.c >&5
conftest.c:14:3: error: #error "Compiler advertises conformance to C17 or earlier"
   14 | # error "Compiler advertises conformance to C17 or earlier"
      |   ^~~~~
conftest.c: In function 'alignas':
conftest.c:18:23: error: expected declaration specifiers before 'c23_aligned_as_double'
   18 | char alignas (double) c23_aligned_as_double;
      |                       ^~~~~~~~~~~~~~~~~~~~~
conftest.c:19:15: error: expected declaration specifiers or '...' before numeric constant
   19 | char alignas (0) c23_no_special_alignment;
      |               ^
conftest.c:20:13: error: storage class specified for parameter 'c23_aligned_as_int'
   20 | extern char c23_aligned_as_int;
      |             ^~~~~~~~~~~~~~~~~~
conftest.c:21:15: error: expected declaration specifiers or '...' before numeric constant
   21 | char alignas (0) alignas (int) c23_aligned_as_int;
      |               ^
conftest.c:26:23: warning: implicit declaration of function 'alignof'; did you mean 'alignas'? [-Wimplicit-function-declaration]
   26 |   c23_int_alignment = alignof (int),
      |                       ^~~~~~~
      |                       alignas
conftest.c:26:32: error: expected expression before 'int'
   26 |   c23_int_alignment = alignof (int),
      |                                ^~~
conftest.c:27:38: error: expected expression before 'int'
   27 |   c23_int_array_alignment = alignof (int[100]),
      |                                      ^~~
conftest.c:28:33: error: expected expression before 'char'
   28 |   c23_char_alignment = alignof (char)
      |                                 ^~~~
conftest.c:24:1: warning: empty declaration
   24 | enum
      | ^~~~
conftest.c:30:1: error: expected declaration specifiers before 'static_assert'
   30 | static_assert (0 < -alignof (int), "alignof is signed");
      | ^~~~~~~~~~~~~
conftest.c:32:43: error: expected '=', ',', ';', 'asm' or '__attribute__' before '{' token
   32 | int function_with_unnamed_parameter (int) { return 0; }
      |                                           ^
conftest.c:38:1: error: unknown type name 'bool'
   38 | bool use_u8 = (!sizeof u8"\xFF") == (!u8'x');
      | ^~~~
conftest.c:1:1: note: 'bool' is defined in header '<stdbool.h>'; did you forget to '#include <stdbool.h>'?
    1 | /* confdefs.h */
conftest.c:38:1: error: parameter 'use_u8' is initialized
   38 | bool use_u8 = (!sizeof u8"\xFF") == (!u8'x');
      | ^~~~
conftest.c:38:39: error: 'u8' undeclared (first use in this function)
   38 | bool use_u8 = (!sizeof u8"\xFF") == (!u8'x');
      |                                       ^~
conftest.c:38:39: note: each undeclared identifier is reported only once for each function it appears in
conftest.c:38:41: error: expected ')' before 'x'
   38 | bool use_u8 = (!sizeof u8"\xFF") == (!u8'x');
      |                                     ~   ^~~
      |                                         )
conftest.c:40:1: error: unknown type name 'bool'
   40 | bool check_that_bool_works = true | false | !nullptr;
      | ^~~~
conftest.c:40:1: note: 'bool' is defined in header '<stdbool.h>'; did you forget to '#include <stdbool.h>'?
conftest.c:40:1: error: parameter 'check_that_bool_works' is initialized
conftest.c:40:30: error: 'true' undeclared (first use in this function)
   40 | bool check_that_bool_works = true | false | !nullptr;
      |                              ^~~~
conftest.c:40:30: note: 'true' is defined in header '<stdbool.h>'; did you forget to '#include <stdbool.h>'?
conftest.c:40:37: error: 'false' undeclared (first use in this function)
   40 | bool check_that_bool_works = true | false | !nullptr;
      |                                     ^~~~~
conftest.c:40:37: note: 'false' is defined in header '<stdbool.h>'; did you forget to '#include <stdbool.h>'?
conftest.c:40:46: error: 'nullptr' undeclared (first use in this function); did you mean 'nullptr_t'?
   40 | bool check_that_bool_works = true | false | !nullptr;
      |                                              ^~~~~~~
      |                                              nullptr_t
conftest.c:42:3: error: #error "true does not work in #if"
   42 | # error "true does not work in #if"
      |   ^~~~~
conftest.c:61:1: error: expected declaration specifiers before 'static_assert'
   61 | static_assert (VA_OPT_TEST (LPAREN (), 0, <:-) == 42);
      | ^~~~~~~~~~~~~
conftest.c:63:1: error: expected declaration specifiers before 'static_assert'
   63 | static_assert (0b101010 == 42);
      | ^~~~~~~~~~~~~
conftest.c:64:1: error: expected declaration specifiers before 'static_assert'
   64 | static_assert (0B101010 == 42);
      | ^~~~~~~~~~~~~
conftest.c:65:1: error: expected declaration specifiers before 'static_assert'
   65 | static_assert (0xDEAD'BEEF == 3'735'928'559);
      | ^~~~~~~~~~~~~
conftest.c:65:22: warning: character constant too long for its type
   65 | static_assert (0xDEAD'BEEF == 3'735'928'559);
      |                      ^~~~~~~~~~~
conftest.c:65:36: warning: multi-character character constant [-Wmultichar]
   65 | static_assert (0xDEAD'BEEF == 3'735'928'559);
      |                                    ^~~~~
conftest.c:66:1: error: expected declaration specifiers before 'static_assert'
   66 | static_assert (0.500'000'000 == 0.5);
      | ^~~~~~~~~~~~~
conftest.c:66:21: warning: multi-character character constant [-Wmultichar]
   66 | static_assert (0.500'000'000 == 0.5);
      |                     ^~~~~
conftest.c:68:1: warning: empty declaration
   68 | enum unsignedish : unsigned int { uione = 1 };
      | ^~~~
conftest.c:69:1: error: expected declaration specifiers before 'static_assert'
   69 | static_assert (0 < -uione);
      | ^~~~~~~~~~~~~
In file included from conftest.c:71:
/usr/lib/gcc/x86_64-linux-gnu/13/include/stddef.h:145:26: error: storage class specified for parameter 'ptrdiff_t'
  145 | typedef __PTRDIFF_TYPE__ ptrdiff_t;
      |                          ^~~~~~~~~
/usr/lib/gcc/x86_64-linux-gnu/13/include/stddef.h:214:23: error: storage class specified for parameter 'size_t'
  214 | typedef __SIZE_TYPE__ size_t;
      |                       ^~~~~~
/usr/lib/gcc/x86_64-linux-gnu/13/include/stddef.h:329:24: error: storage class specified for parameter 'wchar_t'
  329 | typedef __WCHAR_TYPE__ wchar_t;
      |                        ^~~~~~~
/usr/lib/gcc/x86_64-linux-gnu/13/include/stddef.h:436:3: error: storage class specified for parameter 'max_align_t'
  436 | } max_align_t;
      |   ^~~~~~~~~~~
conftest.c:72:1: error: unknown type name 'constexpr'
   72 | constexpr nullptr_t null_pointer = nullptr;
      | ^~~~~~~~~
conftest.c:72:21: error: expected '=', ',', ';', 'asm' or '__attribute__' before 'null_pointer'
   72 | constexpr nullptr_t null_pointer = nullptr;
      |                     ^~~~~~~~~~~~
conftest.c:74:31: error: expected '=', ',', ';', 'asm' or '__attribute__' before '{' token
   74 | static typeof (1 + 1L) two () { return 2; }
      |                               ^
conftest.c:75:26: error: expected '=', ',', ';', 'asm' or '__attribute__' before '{' token
   75 | static long int three () { return 3; }
      |                          ^
conftest.c:80:1: error: expected '=', ',', ';', 'asm' or '__attribute__' before '{' token
   80 | {
      | ^
conftest.c:18:6: error: old-style parameter declarations in prototyped function definition
   18 | char alignas (double) c23_aligned_as_double;
      |      ^~~~~~~
conftest.c:98: error: expected '{' at end of input
configure:5693: $? = 1
configure: failed program was:
| /* confdefs.h */
| #define PACKAGE_NAME "Wine"
| #define PACKAGE_TARNAME "wine"
| #define PACKAGE_VERSION "11.15"
| #define PACKAGE_STRING "Wine 11.15"
| #define PACKAGE_BUGREPORT "wine-devel@winehq.org"
| #define PACKAGE_URL "https://www.winehq.org"
| /* end confdefs.h.  */
| 
| /* Does the compiler advertise conformance to C17 or earlier?
|    Although GCC 14 does not do that, even with -std=gnu23,
|    it is close enough, and defines __STDC_VERSION == 202000L.  */
| #if !defined __STDC_VERSION__ || __STDC_VERSION__ <= 201710L
| # error "Compiler advertises conformance to C17 or earlier"
| #endif
| 
| // Check alignas.
| char alignas (double) c23_aligned_as_double;
| char alignas (0) c23_no_special_alignment;
| extern char c23_aligned_as_int;
| char alignas (0) alignas (int) c23_aligned_as_int;
| 
| // Check alignof.
| enum
| {
|   c23_int_alignment = alignof (int),
|   c23_int_array_alignment = alignof (int[100]),
|   c23_char_alignment = alignof (char)
| };
| static_assert (0 < -alignof (int), "alignof is signed");
| 
| int function_with_unnamed_parameter (int) { return 0; }
| 
| void c23_noreturn ();
| 
| /* Test parsing of string and char UTF-8 literals (including hex escapes).
|    The parens pacify GCC 15.  */
| bool use_u8 = (!sizeof u8"\xFF") == (!u8'x');
| 
| bool check_that_bool_works = true | false | !nullptr;
| #if !true
| # error "true does not work in #if"
| #endif
| #if false
| #elifdef __STDC_VERSION__
| #else
| # error "#elifdef does not work"
| #endif
| 
| #ifndef __has_c_attribute
| # error "__has_c_attribute not defined"
| #endif
| 
| #ifndef __has_include
| # error "__has_include not defined"
| #endif
| 
| #define LPAREN() (
| #define FORTY_TWO(x) 42
| #define VA_OPT_TEST(r, x, ...) __VA_OPT__ (FORTY_TWO r x))
| static_assert (VA_OPT_TEST (LPAREN (), 0, <:-) == 42);
| 
| static_assert (0b101010 == 42);
| static_assert (0B101010 == 42);
| static_assert (0xDEAD'BEEF == 3'735'928'559);
| static_assert (0.500'000'000 == 0.5);
| 
| enum unsignedish : unsigned int { uione = 1 };
| static_assert (0 < -uione);
| 
| #include <stddef.h>
| constexpr nullptr_t null_pointer = nullptr;
| 
| static typeof (1 + 1L) two () { return 2; }
| static long int three () { return 3; }
| 
| 
| int
| main (int, char **)
| {
|   int ok = 0;
|   
|   {
|     label_before_declaration:
|       int arr[10] = {};
|       if (arr[0])
|         goto label_before_declaration;
|       if (!arr[0])
|         goto label_at_end_of_block;
|     label_at_end_of_block:
|   }
|   ok |= !null_pointer;
|   ok |= two != three;
| 
|   return ok;
| }
| 
configure:5693: gcc -std=gnu23 -c -g -O2  conftest.c >&5
gcc: error: unrecognized command-line option '-std=gnu23'; did you mean '-std=gnu2x'?
configure:5693: $? = 1
configure: failed program was:
| /* confdefs.h */
| #define PACKAGE_NAME "Wine"
| #define PACKAGE_TARNAME "wine"
| #define PACKAGE_VERSION "11.15"
| #define PACKAGE_STRING "Wine 11.15"
| #define PACKAGE_BUGREPORT "wine-devel@winehq.org"
| #define PACKAGE_URL "https://www.winehq.org"
| /* end confdefs.h.  */
| 
| /* Does the compiler advertise conformance to C17 or earlier?
|    Although GCC 14 does not do that, even with -std=gnu23,
|    it is close enough, and defines __STDC_VERSION == 202000L.  */
| #if !defined __STDC_VERSION__ || __STDC_VERSION__ <= 201710L
| # error "Compiler advertises conformance to C17 or earlier"
| #endif
| 
| // Check alignas.
| char alignas (double) c23_aligned_as_double;
| char alignas (0) c23_no_special_alignment;
| extern char c23_aligned_as_int;
| char alignas (0) alignas (int) c23_aligned_as_int;
| 
| // Check alignof.
| enum
| {
|   c23_int_alignment = alignof (int),
|   c23_int_array_alignment = alignof (int[100]),
|   c23_char_alignment = alignof (char)
| };
| static_assert (0 < -alignof (int), "alignof is signed");
| 
| int function_with_unnamed_parameter (int) { return 0; }
| 
| void c23_noreturn ();
| 
| /* Test parsing of string and char UTF-8 literals (including hex escapes).
|    The parens pacify GCC 15.  */
| bool use_u8 = (!sizeof u8"\xFF") == (!u8'x');
| 
| bool check_that_bool_works = true | false | !nullptr;
| #if !true
| # error "true does not work in #if"
| #endif
| #if false
| #elifdef __STDC_VERSION__
| #else
| # error "#elifdef does not work"
| #endif
| 
| #ifndef __has_c_attribute
| # error "__has_c_attribute not defined"
| #endif
| 
| #ifndef __has_include
| # error "__has_include not defined"
| #endif
| 
| #define LPAREN() (
| #define FORTY_TWO(x) 42
| #define VA_OPT_TEST(r, x, ...) __VA_OPT__ (FORTY_TWO r x))
| static_assert (VA_OPT_TEST (LPAREN (), 0, <:-) == 42);
| 
| static_assert (0b101010 == 42);
| static_assert (0B101010 == 42);
| static_assert (0xDEAD'BEEF == 3'735'928'559);
| static_assert (0.500'000'000 == 0.5);
| 
| enum unsignedish : unsigned int { uione = 1 };
| static_assert (0 < -uione);
| 
| #include <stddef.h>
| constexpr nullptr_t null_pointer = nullptr;
| 
| static typeof (1 + 1L) two () { return 2; }
| static long int three () { return 3; }
| 
| 
| int
| main (int, char **)
| {
|   int ok = 0;
|   
|   {
|     label_before_declaration:
|       int arr[10] = {};
|       if (arr[0])
|         goto label_before_declaration;
|       if (!arr[0])
|         goto label_at_end_of_block;
|     label_at_end_of_block:
|   }
|   ok |= !null_pointer;
|   ok |= two != three;
| 
|   return ok;
| }
| 
configure:5707: result: unsupported
configure:5727: checking for gcc option to enable C11 features
configure:5742: gcc  -c -g -O2  conftest.c >&5
configure:5742: $? = 0
configure:5761: result: none needed
configure:5943: checking for g++
configure:5964: found /usr/bin/g++
configure:5976: result: g++
configure:6003: checking for C++ compiler version
configure:6012: g++ --version >&5
g++ (Ubuntu 13.3.0-6ubuntu2~24.04.1) 13.3.0
Copyright (C) 2023 Free Software Foundation, Inc.
This is free software; see the source for copying conditions.  There is NO
warranty; not even for MERCHANTABILITY or FITNESS FOR A PARTICULAR PURPOSE.

configure:6023: $? = 0
configure:6012: g++ -v >&5
Using built-in specs.
COLLECT_GCC=g++
COLLECT_LTO_WRAPPER=/usr/libexec/gcc/x86_64-linux-gnu/13/lto-wrapper
OFFLOAD_TARGET_NAMES=nvptx-none:amdgcn-amdhsa
OFFLOAD_TARGET_DEFAULT=1
Target: x86_64-linux-gnu
Configured with: ../src/configure -v --with-pkgversion='Ubuntu 13.3.0-6ubuntu2~24.04.1' --with-bugurl=file:///usr/share/doc/gcc-13/README.Bugs --enable-languages=c,ada,c++,go,d,fortran,objc,obj-c++,m2 --prefix=/usr --with-gcc-major-version-only --program-suffix=-13 --program-prefix=x86_64-linux-gnu- --enable-shared --enable-linker-build-id --libexecdir=/usr/libexec --without-included-gettext --enable-threads=posix --libdir=/usr/lib --enable-nls --enable-bootstrap --enable-clocale=gnu --enable-libstdcxx-debug --enable-libstdcxx-time=yes --with-default-libstdcxx-abi=new --enable-libstdcxx-backtrace --enable-gnu-unique-object --disable-vtable-verify --enable-plugin --enable-default-pie --with-system-zlib --enable-libphobos-checking=release --with-target-system-zlib=auto --enable-objc-gc=auto --enable-multiarch --disable-werror --enable-cet --with-arch-32=i686 --with-abi=m64 --with-multilib-list=m32,m64,mx32 --enable-multilib --with-tune=generic --enable-offload-targets=nvptx-none=/build/gcc-13-EldibY/gcc-13-13.3.0/debian/tmp-nvptx/usr,amdgcn-amdhsa=/build/gcc-13-EldibY/gcc-13-13.3.0/debian/tmp-gcn/usr --enable-offload-defaulted --without-cuda-driver --enable-checking=release --build=x86_64-linux-gnu --host=x86_64-linux-gnu --target=x86_64-linux-gnu --with-build-config=bootstrap-lto-lean --enable-link-serialization=2
Thread model: posix
Supported LTO compression algorithms: zlib zstd
gcc version 13.3.0 (Ubuntu 13.3.0-6ubuntu2~24.04.1) 
... rest of stderr output deleted ...
configure:6023: $? = 0
configure:6012: g++ -V >&5
g++: error: unrecognized command-line option '-V'
g++: fatal error: no input files
compilation terminated.
configure:6023: $? = 1
configure:6012: g++ -qversion >&5
g++: error: unrecognized command-line option '-qversion'; did you mean '--version'?
g++: fatal error: no input files
compilation terminated.
configure:6023: $? = 1
configure:6027: checking whether the compiler supports GNU C++
configure:6047: g++ -c   conftest.cpp >&5
configure:6047: $? = 0
configure:6059: result: yes
configure:6070: checking whether g++ accepts -g
configure:6091: g++ -c -g  conftest.cpp >&5
configure:6091: $? = 0
configure:6138: result: yes
configure:6210: checking for cpp
configure:6231: found /usr/bin/cpp
configure:6243: result: cpp
configure:6317: checking for ld
configure:6338: found /usr/bin/ld
configure:6350: result: ld
configure:6540: checking for the directory containing the Wine tools
configure:6558: result: none needed
configure:6576: checking for flex
configure:6597: found /usr/bin/flex
configure:6609: result: flex
configure:6625: checking whether flex is recent enough
configure:6645: result: yes
configure:6653: checking for bison
configure:6674: found /usr/bin/bison
configure:6686: result: bison
configure:6702: checking whether bison is recent enough
configure:6721: result: yes
configure:6774: checking for strip
configure:6795: found /usr/bin/strip
configure:6807: result: strip
configure:6829: checking whether ln -s works
configure:6833: result: yes
configure:6844: checking for pkg-config
configure:6865: found /usr/bin/pkg-config
configure:6877: result: pkg-config
configure:7217: checking for msgfmt
configure:7253: result: no
configure:7539: checking for i686-w64-mingw32-gcc
configure:7575: result: no
configure:7539: checking for i586-w64-mingw32-gcc
configure:7575: result: no
configure:7539: checking for i486-w64-mingw32-gcc
configure:7575: result: no
configure:7539: checking for i386-w64-mingw32-gcc
configure:7575: result: no
configure:7539: checking for i686-w64-mingw32-clang
configure:7575: result: no
configure:7539: checking for i586-w64-mingw32-clang
configure:7575: result: no
configure:7539: checking for i486-w64-mingw32-clang
configure:7575: result: no
configure:7539: checking for i386-w64-mingw32-clang
configure:7575: result: no
configure:7539: checking for clang
configure:7560: found /usr/bin/clang
configure:7572: result: clang
configure:7710: checking whether clang supports -target i686-windows -fuse-ld=lld -Wl,-subsystem:console -Wl,-WX --no-default-config
configure:7729: clang -o conftest.exe -g -O2 -nostdlib -nodefaultlibs -target i686-windows -fuse-ld=lld -Wl,-subsystem:console -Wl,-WX --no-default-config   conftest.c  >&5
configure:7729: $? = 0
configure:7743: result: yes
configure:7862: checking for clang option to enable C99 features
configure:7876: clang -c -g -O2 -target i686-windows -fuse-ld=lld --no-default-config -Wl,-subsystem:console -Wl,-WX  conftest.c >&5
clang: warning: -Wl,-subsystem:console: 'linker' input unused [-Wunused-command-line-argument]
clang: warning: -Wl,-WX: 'linker' input unused [-Wunused-command-line-argument]
configure:7876: $? = 0
configure:7899: result: none needed
configure:7983: checking for clang option to enable C++17 features
configure:8752: clang -c -g -O2 -target i686-windows -fuse-ld=lld --no-default-config -Wl,-subsystem:console -Wl,-WX  conftest.cpp >&5
clang: warning: -Wl,-subsystem:console: 'linker' input unused [-Wunused-command-line-argument]
clang: warning: -Wl,-WX: 'linker' input unused [-Wunused-command-line-argument]
conftest.cpp:442:2: error: "This is not a C++17 compiler"
  442 | #error "This is not a C++17 compiler"
      |  ^
1 error generated.
configure:8752: $? = 1
configure: failed program was:
| /* confdefs.h */
| #define PACKAGE_NAME "Wine"
| #define PACKAGE_TARNAME "wine"
| #define PACKAGE_VERSION "11.15"
| #define PACKAGE_STRING "Wine 11.15"
| #define PACKAGE_BUGREPORT "wine-devel@winehq.org"
| #define PACKAGE_URL "https://www.winehq.org"
| #define EXEEXT ""
| /* end confdefs.h.  */
| 
| 
| // If the compiler admits that it is not ready for C++11, why torture it?
| // Hopefully, this will speed up the test.
| 
| #ifndef __cplusplus
| 
| #error "This is not a C++ compiler"
| 
| // MSVC always sets __cplusplus to 199711L in older versions; newer versions
| // only set it correctly if /Zc:__cplusplus is specified as well as a
| // /std:c++NN switch:
| //
| // https://devblogs.microsoft.com/cppblog/msvc-now-correctly-reports-__cplusplus/
| //
| // The value __cplusplus ought to have is available in _MSVC_LANG since
| // Visual Studio 2015 Update 3:
| //
| // https://learn.microsoft.com/en-us/cpp/preprocessor/predefined-macros
| //
| // This was also the first MSVC version to support C++14 so we can't use the
| // value of either __cplusplus or _MSVC_LANG to quickly rule out MSVC having
| // C++11 or C++14 support, but we can check _MSVC_LANG for C++17 and later.
| #elif __cplusplus < 201103L && !defined _MSC_VER
| 
| #error "This is not a C++11 compiler"
| 
| #else
| 
| namespace cxx11
| {
| 
|   namespace test_static_assert
|   {
| 
|     template <typename T>
|     struct check
|     {
|       static_assert(sizeof(int) <= sizeof(T), "not big enough");
|     };
| 
|   }
| 
|   namespace test_final_override
|   {
| 
|     struct Base
|     {
|       virtual ~Base() {}
|       virtual void f() {}
|     };
| 
|     struct Derived : public Base
|     {
|       virtual ~Derived() override {}
|       virtual void f() override {}
|     };
| 
|   }
| 
|   namespace test_double_right_angle_brackets
|   {
| 
|     template < typename T >
|     struct check {};
| 
|     typedef check<void> single_type;
|     typedef check<check<void>> double_type;
|     typedef check<check<check<void>>> triple_type;
|     typedef check<check<check<check<void>>>> quadruple_type;
| 
|   }
| 
|   namespace test_decltype
|   {
| 
|     int
|     f()
|     {
|       int a = 1;
|       decltype(a) b = 2;
|       return a + b;
|     }
| 
|   }
| 
|   namespace test_type_deduction
|   {
| 
|     template < typename T1, typename T2 >
|     struct is_same
|     {
|       static const bool value = false;
|     };
| 
|     template < typename T >
|     struct is_same<T, T>
|     {
|       static const bool value = true;
|     };
| 
|     template < typename T1, typename T2 >
|     auto
|     add(T1 a1, T2 a2) -> decltype(a1 + a2)
|     {
|       return a1 + a2;
|     }
| 
|     int
|     test(const int c, volatile int v)
|     {
|       static_assert(is_same<int, decltype(0)>::value == true, "");
|       static_assert(is_same<int, decltype(c)>::value == false, "");
|       static_assert(is_same<int, decltype(v)>::value == false, "");
|       auto ac = c;
|       auto av = v;
|       auto sumi = ac + av + 'x';
|       auto sumf = ac + av + 1.0;
|       static_assert(is_same<int, decltype(ac)>::value == true, "");
|       static_assert(is_same<int, decltype(av)>::value == true, "");
|       static_assert(is_same<int, decltype(sumi)>::value == true, "");
|       static_assert(is_same<int, decltype(sumf)>::value == false, "");
|       static_assert(is_same<int, decltype(add(c, v))>::value == true, "");
|       return (sumf > 0.0) ? sumi : add(c, v);
|     }
| 
|   }
| 
|   namespace test_noexcept
|   {
| 
|     int f() { return 0; }
|     int g() noexcept { return 0; }
| 
|     static_assert(noexcept(f()) == false, "");
|     static_assert(noexcept(g()) == true, "");
| 
|   }
| 
|   namespace test_constexpr
|   {
| 
|     template < typename CharT >
|     unsigned long constexpr
|     strlen_c_r(const CharT *const s, const unsigned long acc) noexcept
|     {
|       return *s ? strlen_c_r(s + 1, acc + 1) : acc;
|     }
| 
|     template < typename CharT >
|     unsigned long constexpr
|     strlen_c(const CharT *const s) noexcept
|     {
|       return strlen_c_r(s, 0UL);
|     }
| 
|     static_assert(strlen_c("") == 0UL, "");
|     static_assert(strlen_c("1") == 1UL, "");
|     static_assert(strlen_c("example") == 7UL, "");
|     static_assert(strlen_c("another\0example") == 7UL, "");
| 
|   }
| 
|   namespace test_rvalue_references
|   {
| 
|     template < int N >
|     struct answer
|     {
|       static constexpr int value = N;
|     };
| 
|     answer<1> f(int&)       { return answer<1>(); }
|     answer<2> f(const int&) { return answer<2>(); }
|     answer<3> f(int&&)      { return answer<3>(); }
| 
|     void
|     test()
|     {
|       int i = 0;
|       const int c = 0;
|       static_assert(decltype(f(i))::value == 1, "");
|       static_assert(decltype(f(c))::value == 2, "");
|       static_assert(decltype(f(0))::value == 3, "");
|     }
| 
|   }
| 
|   namespace test_uniform_initialization
|   {
| 
|     struct test
|     {
|       static const int zero {};
|       static const int one {1};
|     };
| 
|     static_assert(test::zero == 0, "");
|     static_assert(test::one == 1, "");
| 
|   }
| 
|   namespace test_lambdas
|   {
| 
|     void
|     test1()
|     {
|       auto lambda1 = [](){};
|       auto lambda2 = lambda1;
|       lambda1();
|       lambda2();
|     }
| 
|     int
|     test2()
|     {
|       auto a = [](int i, int j){ return i + j; }(1, 2);
|       auto b = []() -> int { return '0'; }();
|       auto c = [=](){ return a + b; }();
|       auto d = [&](){ return c; }();
|       auto e = [a, &b](int x) mutable {
|         const auto identity = [](int y){ return y; };
|         for (auto i = 0; i < a; ++i)
|           a += b--;
|         return x + identity(a + b);
|       }(0);
|       return a + b + c + d + e;
|     }
| 
|     int
|     test3()
|     {
|       const auto nullary = [](){ return 0; };
|       const auto unary = [](int x){ return x; };
|       using nullary_t = decltype(nullary);
|       using unary_t = decltype(unary);
|       const auto higher1st = [](nullary_t f){ return f(); };
|       const auto higher2nd = [unary](nullary_t f1){
|         return [unary, f1](unary_t f2){ return f2(unary(f1())); };
|       };
|       return higher1st(nullary) + higher2nd(nullary)(unary);
|     }
| 
|   }
| 
|   namespace test_variadic_templates
|   {
| 
|     template <int...>
|     struct sum;
| 
|     template <int N0, int... N1toN>
|     struct sum<N0, N1toN...>
|     {
|       static constexpr auto value = N0 + sum<N1toN...>::value;
|     };
| 
|     template <>
|     struct sum<>
|     {
|       static constexpr auto value = 0;
|     };
| 
|     static_assert(sum<>::value == 0, "");
|     static_assert(sum<1>::value == 1, "");
|     static_assert(sum<23>::value == 23, "");
|     static_assert(sum<1, 2>::value == 3, "");
|     static_assert(sum<5, 5, 11>::value == 21, "");
|     static_assert(sum<2, 3, 5, 7, 11, 13>::value == 41, "");
| 
|   }
| 
|   // http://stackoverflow.com/questions/13728184/template-aliases-and-sfinae
|   // Clang 3.1 fails with headers of libstd++ 4.8.3 when using std::function
|   // because of this.
|   namespace test_template_alias_sfinae
|   {
| 
|     struct foo {};
| 
|     template<typename T>
|     using member = typename T::member_type;
| 
|     template<typename T>
|     void func(...) {}
| 
|     template<typename T>
|     void func(member<T>*) {}
| 
|     void test();
| 
|     void test() { func<foo>(0); }
| 
|   }
| 
| }  // namespace cxx11
| 
| #endif  // __cplusplus >= 201103L
| 
| 
| 
| 
| // If the compiler admits that it is not ready for C++14, why torture it?
| // Hopefully, this will speed up the test.
| 
| #ifndef __cplusplus
| 
| #error "This is not a C++ compiler"
| 
| #elif __cplusplus < 201402L && !defined _MSC_VER
| 
| #error "This is not a C++14 compiler"
| 
| #else
| 
| namespace cxx14
| {
| 
|   namespace test_polymorphic_lambdas
|   {
| 
|     int
|     test()
|     {
|       const auto lambda = [](auto&&... args){
|         const auto istiny = [](auto x){
|           return (sizeof(x) == 1UL) ? 1 : 0;
|         };
|         const int aretiny[] = { istiny(args)... };
|         return aretiny[0];
|       };
|       return lambda(1, 1L, 1.0f, '1');
|     }
| 
|   }
| 
|   namespace test_binary_literals
|   {
| 
|     constexpr auto ivii = 0b0000000000101010;
|     static_assert(ivii == 42, "wrong value");
| 
|   }
| 
|   namespace test_generalized_constexpr
|   {
| 
|     template < typename CharT >
|     constexpr unsigned long
|     strlen_c(const CharT *const s) noexcept
|     {
|       auto length = 0UL;
|       for (auto p = s; *p; ++p)
|         ++length;
|       return length;
|     }
| 
|     static_assert(strlen_c("") == 0UL, "");
|     static_assert(strlen_c("x") == 1UL, "");
|     static_assert(strlen_c("test") == 4UL, "");
|     static_assert(strlen_c("another\0test") == 7UL, "");
| 
|   }
| 
|   namespace test_lambda_init_capture
|   {
| 
|     int
|     test()
|     {
|       auto x = 0;
|       const auto lambda1 = [a = x](int b){ return a + b; };
|       const auto lambda2 = [a = lambda1(x)](){ return a; };
|       return lambda2();
|     }
| 
|   }
| 
|   namespace test_digit_separators
|   {
| 
|     constexpr auto ten_million = 100'000'000;
|     static_assert(ten_million == 100000000, "");
| 
|   }
| 
|   namespace test_return_type_deduction
|   {
| 
|     auto f(int& x) { return x; }
|     decltype(auto) g(int& x) { return x; }
| 
|     template < typename T1, typename T2 >
|     struct is_same
|     {
|       static constexpr auto value = false;
|     };
| 
|     template < typename T >
|     struct is_same<T, T>
|     {
|       static constexpr auto value = true;
|     };
| 
|     int
|     test()
|     {
|       auto x = 0;
|       static_assert(is_same<int, decltype(f(x))>::value, "");
|       static_assert(is_same<int&, decltype(g(x))>::value, "");
|       return x;
|     }
| 
|   }
| 
| }  // namespace cxx14
| 
| #endif  // __cplusplus >= 201402L
| 
| 
| 
| 
| // If the compiler admits that it is not ready for C++17, why torture it?
| // Hopefully, this will speed up the test.
| 
| #ifndef __cplusplus
| 
| #error "This is not a C++ compiler"
| 
| #elif (defined _MSVC_LANG ? _MSVC_LANG : __cplusplus) < 201703L
| 
| #error "This is not a C++17 compiler"
| 
| #else
| 
| namespace cxx17
| {
| 
|   namespace test_constexpr_lambdas
|   {
| 
|     constexpr int foo = [](){return 42;}();
| 
|   }
| 
|   namespace test::nested_namespace::definitions
|   {
| 
|   }
| 
|   namespace test_fold_expression
|   {
| 
|     template<typename... Args>
|     int multiply(Args... args)
|     {
|       return (args * ... * 1);
|     }
| 
|     template<typename... Args>
|     bool all(Args... args)
|     {
|       return (args && ...);
|     }
| 
|   }
| 
|   namespace test_extended_static_assert
|   {
| 
|     static_assert (true);
| 
|   }
| 
|   namespace test_typename_in_template_template_parameter
|   {
| 
|     template<template<typename> typename X> struct D;
| 
|   }
| 
|   namespace test_fallthrough_nodiscard_maybe_unused_attributes
|   {
| 
|     int f1()
|     {
|       return 42;
|     }
| 
|     [[nodiscard]] int f2()
|     {
|       [[maybe_unused]] auto unused = f1();
| 
|       switch (f1())
|       {
|       case 17:
|         f1();
|         [[fallthrough]];
|       case 42:
|         f1();
|       }
|       return f1();
|     }
| 
|   }
| 
|   namespace test_extended_aggregate_initialization
|   {
| 
|     struct base1
|     {
|       int b1, b2 = 42;
|     };
| 
|     struct base2
|     {
|       base2() {
|         b3 = 42;
|       }
|       int b3;
|     };
| 
|     struct derived : base1, base2
|     {
|         int d;
|     };
| 
|     derived d1 {{1, 2}, {}, 4};  // full initialization
|     derived d2 {{}, {}, 4};      // value-initialized bases
| 
|   }
| 
|   namespace test_general_range_based_for_loop
|   {
| 
|     struct iter
|     {
|       int i;
| 
|       int& operator* ()
|       {
|         return i;
|       }
| 
|       const int& operator* () const
|       {
|         return i;
|       }
| 
|       iter& operator++()
|       {
|         ++i;
|         return *this;
|       }
|     };
| 
|     struct sentinel
|     {
|       int i;
|     };
| 
|     bool operator== (const iter& i, const sentinel& s)
|     {
|       return i.i == s.i;
|     }
| 
|     bool operator!= (const iter& i, const sentinel& s)
|     {
|       return !(i == s);
|     }
| 
|     struct range
|     {
|       iter begin() const
|       {
|         return {0};
|       }
| 
|       sentinel end() const
|       {
|         return {5};
|       }
|     };
| 
|     void f()
|     {
|       range r {};
| 
|       for (auto i : r)
|       {
|         [[maybe_unused]] auto v = i;
|       }
|     }
| 
|   }
| 
|   namespace test_lambda_capture_asterisk_this_by_value
|   {
| 
|     struct t
|     {
|       int i;
|       int foo()
|       {
|         return [*this]()
|         {
|           return i;
|         }();
|       }
|     };
| 
|   }
| 
|   namespace test_enum_class_construction
|   {
| 
|     enum class byte : unsigned char
|     {};
| 
|     byte foo {42};
| 
|   }
| 
|   namespace test_constexpr_if
|   {
| 
|     template <bool cond>
|     int f ()
|     {
|       if constexpr(cond)
|       {
|         return 13;
|       }
|       else
|       {
|         return 42;
|       }
|     }
| 
|   }
| 
|   namespace test_selection_statement_with_initializer
|   {
| 
|     int f()
|     {
|       return 13;
|     }
| 
|     int f2()
|     {
|       if (auto i = f(); i > 0)
|       {
|         return 3;
|       }
| 
|       switch (auto i = f(); i + 4)
|       {
|       case 17:
|         return 2;
| 
|       default:
|         return 1;
|       }
|     }
| 
|   }
| 
|   namespace test_template_argument_deduction_for_class_templates
|   {
| 
|     template <typename T1, typename T2>
|     struct pair
|     {
|       pair (T1 p1, T2 p2)
|         : m1 {p1},
|           m2 {p2}
|       {}
| 
|       T1 m1;
|       T2 m2;
|     };
| 
|     void f()
|     {
|       [[maybe_unused]] auto p = pair{13, 42u};
|     }
| 
|   }
| 
|   namespace test_non_type_auto_template_parameters
|   {
| 
|     template <auto n>
|     struct B
|     {};
| 
|     B<5> b1;
|     B<'a'> b2;
| 
|   }
| 
|   namespace test_exception_spec_type_system
|   {
| 
|     struct Good {};
|     struct Bad {};
| 
|     void g1() noexcept;
|     void g2();
| 
|     template<typename T>
|     Bad
|     f(T*, T*);
| 
|     template<typename T1, typename T2>
|     Good
|     f(T1*, T2*);
| 
|   }
| 
|   namespace test_inline_variables
|   {
| 
|     template<class T> void f(T)
|     {}
| 
|     template<class T> inline T g(T)
|     {
|       return T{};
|     }
| 
|     template<> inline void f<>(int)
|     {}
| 
|     template<> int g<>(int)
|     {
|       return 5;
|     }
| 
|   }
| 
| }  // namespace cxx17
| 
| #endif  // (defined _MSVC_LANG ? _MSVC_LANG : __cplusplus) < 201703L
| 
| 
| 
configure:8752: clang -std=gnu++17 -c -g -O2 -target i686-windows -fuse-ld=lld --no-default-config -Wl,-subsystem:console -Wl,-WX  conftest.cpp >&5
clang: warning: -Wl,-subsystem:console: 'linker' input unused [-Wunused-command-line-argument]
clang: warning: -Wl,-WX: 'linker' input unused [-Wunused-command-line-argument]
configure:8752: $? = 0
configure:8787: result: -std=gnu++17
configure:8804: checking whether clang supports -fno-strict-aliasing
configure:8823: clang -o conftest.exe -g -O2 -target i686-windows -fuse-ld=lld --no-default-config -Wl,-subsystem:console -Wl,-WX -nostdlib -nodefaultlibs -fno-strict-aliasing   conftest.c  >&5
configure:8823: $? = 0
configure:8837: result: yes
configure:8844: checking whether clang supports -Werror=unknown-warning-option
configure:8863: clang -o conftest.exe -g -O2 -target i686-windows -fuse-ld=lld --no-default-config -Wl,-subsystem:console -Wl,-WX -nostdlib -nodefaultlibs -Werror=unknown-warning-option   conftest.c  >&5
configure:8863: $? = 0
configure:8877: result: yes
configure:8884: checking whether clang supports -Werror=unused-command-line-argument
configure:8903: clang -o conftest.exe -g -O2 -target i686-windows -fuse-ld=lld --no-default-config -Wl,-subsystem:console -Wl,-WX -Werror=unknown-warning-option -nostdlib -nodefaultlibs -Werror=unused-command-line-argument   conftest.c  >&5
configure:8903: $? = 0
configure:8917: result: yes
configure:8924: checking whether clang supports -Werror=ignored-optimization-argument
configure:8943: clang -o conftest.exe -g -O2 -target i686-windows -fuse-ld=lld --no-default-config -Wl,-subsystem:console -Wl,-WX -Werror=unknown-warning-option -Werror=unused-command-line-argument -nostdlib -nodefaultlibs -Werror=ignored-optimization-argument   conftest.c  >&5
configure:8943: $? = 0
configure:8957: result: yes
configure:8964: checking whether clang supports -Werror=unsupported-floating-point-opt
configure:8983: clang -o conftest.exe -g -O2 -target i686-windows -fuse-ld=lld --no-default-config -Wl,-subsystem:console -Wl,-WX -Werror=unknown-warning-option -Werror=unused-command-line-argument -Werror=ignored-optimization-argument -nostdlib -nodefaultlibs -Werror=unsupported-floating-point-opt   conftest.c  >&5
configure:8983: $? = 0
configure:8997: result: yes
configure:9004: checking whether clang supports -Wempty-body
configure:9023: clang -o conftest.exe -g -O2 -target i686-windows -fuse-ld=lld --no-default-config -Wl,-subsystem:console -Wl,-WX -Werror=unknown-warning-option -Werror=unused-command-line-argument -Werror=ignored-optimization-argument -Werror=unsupported-floating-point-opt -nostdlib -nodefaultlibs -Wempty-body   conftest.c  >&5
configure:9023: $? = 0
configure:9037: result: yes
configure:9044: checking whether clang supports -Wignored-qualifiers
configure:9063: clang -o conftest.exe -g -O2 -target i686-windows -fuse-ld=lld --no-default-config -Wl,-subsystem:console -Wl,-WX -Werror=unknown-warning-option -Werror=unused-command-line-argument -Werror=ignored-optimization-argument -Werror=unsupported-floating-point-opt -nostdlib -nodefaultlibs -Wignored-qualifiers   conftest.c  >&5
configure:9063: $? = 0
configure:9077: result: yes
configure:9084: checking whether clang supports -Winit-self
configure:9103: clang -o conftest.exe -g -O2 -target i686-windows -fuse-ld=lld --no-default-config -Wl,-subsystem:console -Wl,-WX -Werror=unknown-warning-option -Werror=unused-command-line-argument -Werror=ignored-optimization-argument -Werror=unsupported-floating-point-opt -nostdlib -nodefaultlibs -Winit-self   conftest.c  >&5
configure:9103: $? = 0
configure:9117: result: yes
configure:9124: checking whether clang supports -Wpacked-not-aligned
configure:9143: clang -o conftest.exe -g -O2 -target i686-windows -fuse-ld=lld --no-default-config -Wl,-subsystem:console -Wl,-WX -Werror=unknown-warning-option -Werror=unused-command-line-argument -Werror=ignored-optimization-argument -Werror=unsupported-floating-point-opt -nostdlib -nodefaultlibs -Wpacked-not-aligned   conftest.c  >&5
error: unknown warning option '-Wpacked-not-aligned'; did you mean '-Wpacked-non-pod'? [-Werror,-Wunknown-warning-option]
configure:9143: $? = 1
configure: failed program was:
| /* confdefs.h */
| #define PACKAGE_NAME "Wine"
| #define PACKAGE_TARNAME "wine"
| #define PACKAGE_VERSION "11.15"
| #define PACKAGE_STRING "Wine 11.15"
| #define PACKAGE_BUGREPORT "wine-devel@winehq.org"
| #define PACKAGE_URL "https://www.winehq.org"
| #define EXEEXT ""
| /* end confdefs.h.  */
| void *__os_arm64x_dispatch_ret = 0;
| const unsigned int _load_config_used[0x50] = { sizeof(_load_config_used) };
| #if defined(__clang_major__) && defined(MIN_CLANG_VERSION) && __clang_major__ < MIN_CLANG_VERSION
| #error Too old clang version
| #endif
| int __cdecl mainCRTStartup(void) { return 0; }
configure:9157: result: no
configure:9164: checking whether clang supports -Wmicrosoft-enum-forward-reference
configure:9183: clang -o conftest.exe -g -O2 -target i686-windows -fuse-ld=lld --no-default-config -Wl,-subsystem:console -Wl,-WX -Werror=unknown-warning-option -Werror=unused-command-line-argument -Werror=ignored-optimization-argument -Werror=unsupported-floating-point-opt -nostdlib -nodefaultlibs -Wmicrosoft-enum-forward-reference   conftest.c  >&5
configure:9183: $? = 0
configure:9197: result: yes
configure:9204: checking whether clang supports -Wshift-overflow=2
configure:9223: clang -o conftest.exe -g -O2 -target i686-windows -fuse-ld=lld --no-default-config -Wl,-subsystem:console -Wl,-WX -Werror=unknown-warning-option -Werror=unused-command-line-argument -Werror=ignored-optimization-argument -Werror=unsupported-floating-point-opt -nostdlib -nodefaultlibs -Wshift-overflow=2   conftest.c  >&5
error: unknown warning option '-Wshift-overflow=2'; did you mean '-Wshift-overflow'? [-Werror,-Wunknown-warning-option]
configure:9223: $? = 1
configure: failed program was:
| /* confdefs.h */
| #define PACKAGE_NAME "Wine"
| #define PACKAGE_TARNAME "wine"
| #define PACKAGE_VERSION "11.15"
| #define PACKAGE_STRING "Wine 11.15"
| #define PACKAGE_BUGREPORT "wine-devel@winehq.org"
| #define PACKAGE_URL "https://www.winehq.org"
| #define EXEEXT ""
| /* end confdefs.h.  */
| void *__os_arm64x_dispatch_ret = 0;
| const unsigned int _load_config_used[0x50] = { sizeof(_load_config_used) };
| #if defined(__clang_major__) && defined(MIN_CLANG_VERSION) && __clang_major__ < MIN_CLANG_VERSION
| #error Too old clang version
| #endif
| int __cdecl mainCRTStartup(void) { return 0; }
configure:9237: result: no
configure:9244: checking whether clang supports -Wtype-limits
configure:9263: clang -o conftest.exe -g -O2 -target i686-windows -fuse-ld=lld --no-default-config -Wl,-subsystem:console -Wl,-WX -Werror=unknown-warning-option -Werror=unused-command-line-argument -Werror=ignored-optimization-argument -Werror=unsupported-floating-point-opt -nostdlib -nodefaultlibs -Wtype-limits   conftest.c  >&5
configure:9263: $? = 0
configure:9277: result: yes
configure:9284: checking whether clang supports -Wunused-but-set-parameter
configure:9303: clang -o conftest.exe -g -O2 -target i686-windows -fuse-ld=lld --no-default-config -Wl,-subsystem:console -Wl,-WX -Werror=unknown-warning-option -Werror=unused-command-line-argument -Werror=ignored-optimization-argument -Werror=unsupported-floating-point-opt -nostdlib -nodefaultlibs -Wunused-but-set-parameter   conftest.c  >&5
configure:9303: $? = 0
configure:9317: result: yes
configure:9324: checking whether clang supports -Wvla
configure:9343: clang -o conftest.exe -g -O2 -target i686-windows -fuse-ld=lld --no-default-config -Wl,-subsystem:console -Wl,-WX -Werror=unknown-warning-option -Werror=unused-command-line-argument -Werror=ignored-optimization-argument -Werror=unsupported-floating-point-opt -nostdlib -nodefaultlibs -Wvla   conftest.c  >&5
configure:9343: $? = 0
configure:9357: result: yes
configure:9364: checking whether clang supports -Wwrite-strings
configure:9383: clang -o conftest.exe -g -O2 -target i686-windows -fuse-ld=lld --no-default-config -Wl,-subsystem:console -Wl,-WX -Werror=unknown-warning-option -Werror=unused-command-line-argument -Werror=ignored-optimization-argument -Werror=unsupported-floating-point-opt -nostdlib -nodefaultlibs -Wwrite-strings   conftest.c  >&5
configure:9383: $? = 0
configure:9397: result: yes
configure:9404: checking whether clang supports -Wpointer-arith
configure:9423: clang -o conftest.exe -g -O2 -target i686-windows -fuse-ld=lld --no-default-config -Wl,-subsystem:console -Wl,-WX -Werror=unknown-warning-option -Werror=unused-command-line-argument -Werror=ignored-optimization-argument -Werror=unsupported-floating-point-opt -nostdlib -nodefaultlibs -Wpointer-arith   conftest.c  >&5
configure:9423: $? = 0
configure:9437: result: yes
configure:9444: checking whether clang supports -Wlogical-op
configure:9463: clang -o conftest.exe -g -O2 -target i686-windows -fuse-ld=lld --no-default-config -Wl,-subsystem:console -Wl,-WX -Werror=unknown-warning-option -Werror=unused-command-line-argument -Werror=ignored-optimization-argument -Werror=unsupported-floating-point-opt -nostdlib -nodefaultlibs -Wlogical-op   conftest.c  >&5
error: unknown warning option '-Wlogical-op'; did you mean '-Wlong-long'? [-Werror,-Wunknown-warning-option]
configure:9463: $? = 1
configure: failed program was:
| /* confdefs.h */
| #define PACKAGE_NAME "Wine"
| #define PACKAGE_TARNAME "wine"
| #define PACKAGE_VERSION "11.15"
| #define PACKAGE_STRING "Wine 11.15"
| #define PACKAGE_BUGREPORT "wine-devel@winehq.org"
| #define PACKAGE_URL "https://www.winehq.org"
| #define EXEEXT ""
| /* end confdefs.h.  */
| void *__os_arm64x_dispatch_ret = 0;
| const unsigned int _load_config_used[0x50] = { sizeof(_load_config_used) };
| #if defined(__clang_major__) && defined(MIN_CLANG_VERSION) && __clang_major__ < MIN_CLANG_VERSION
| #error Too old clang version
| #endif
| int __cdecl mainCRTStartup(void) { return 0; }
configure:9477: result: no
configure:9484: checking whether clang supports -Wenum-enum-conversion
configure:9503: clang -o conftest.exe -g -O2 -target i686-windows -fuse-ld=lld --no-default-config -Wl,-subsystem:console -Wl,-WX -Werror=unknown-warning-option -Werror=unused-command-line-argument -Werror=ignored-optimization-argument -Werror=unsupported-floating-point-opt -nostdlib -nodefaultlibs -Wenum-enum-conversion   conftest.c  >&5
configure:9503: $? = 0
configure:9517: result: yes
configure:9566: checking whether clang supports -ffunction-sections
configure:9585: clang -o conftest.exe -g -O2 -target i686-windows -fuse-ld=lld --no-default-config -Wl,-subsystem:console -Wl,-WX -Werror=unknown-warning-option -Werror=unused-command-line-argument -Werror=ignored-optimization-argument -Werror=unsupported-floating-point-opt -nostdlib -nodefaultlibs -ffunction-sections   conftest.c  >&5
configure:9585: $? = 0
configure:9599: result: yes
configure:9606: checking whether clang supports -ffp-exception-behavior=maytrap
configure:9625: clang -o conftest.exe -g -O2 -target i686-windows -fuse-ld=lld --no-default-config -Wl,-subsystem:console -Wl,-WX -Werror=unknown-warning-option -Werror=unused-command-line-argument -Werror=ignored-optimization-argument -Werror=unsupported-floating-point-opt -nostdlib -nodefaultlibs -ffp-exception-behavior=maytrap   conftest.c  >&5
configure:9625: $? = 0
configure:9639: result: yes
configure:9647: checking whether clang supports -fms-hotpatch -DMIN_CLANG_VERSION=18
configure:9666: clang -o conftest.exe -g -O2 -target i686-windows -fuse-ld=lld --no-default-config -Wl,-subsystem:console -Wl,-WX -Werror=unknown-warning-option -Werror=unused-command-line-argument -Werror=ignored-optimization-argument -Werror=unsupported-floating-point-opt -nostdlib -nodefaultlibs -fms-hotpatch -DMIN_CLANG_VERSION=18   conftest.c  >&5
configure:9666: $? = 0
configure:9680: result: yes
configure:9689: checking whether clang supports -flarge-source-files -Wmisleading-indentation
configure:9708: clang -o conftest.exe -g -O2 -target i686-windows -fuse-ld=lld --no-default-config -Wl,-subsystem:console -Wl,-WX -Werror=unknown-warning-option -Werror=unused-command-line-argument -Werror=ignored-optimization-argument -Werror=unsupported-floating-point-opt -nostdlib -nodefaultlibs -flarge-source-files -Wmisleading-indentation   conftest.c  >&5
clang: error: unknown argument: '-flarge-source-files'
configure:9708: $? = 1
configure: failed program was:
| /* confdefs.h */
| #define PACKAGE_NAME "Wine"
| #define PACKAGE_TARNAME "wine"
| #define PACKAGE_VERSION "11.15"
| #define PACKAGE_STRING "Wine 11.15"
| #define PACKAGE_BUGREPORT "wine-devel@winehq.org"
| #define PACKAGE_URL "https://www.winehq.org"
| #define EXEEXT ""
| /* end confdefs.h.  */
| void *__os_arm64x_dispatch_ret = 0;
| const unsigned int _load_config_used[0x50] = { sizeof(_load_config_used) };
| #if defined(__clang_major__) && defined(MIN_CLANG_VERSION) && __clang_major__ < MIN_CLANG_VERSION
| #error Too old clang version
| #endif
| int __cdecl mainCRTStartup(void) { return 0; }
configure:9722: result: no
configure:9731: checking whether clang supports -fno-omit-frame-pointer
configure:9750: clang -o conftest.exe -g -O2 -target i686-windows -fuse-ld=lld --no-default-config -Wl,-subsystem:console -Wl,-WX -Werror=unknown-warning-option -Werror=unused-command-line-argument -Werror=ignored-optimization-argument -Werror=unsupported-floating-point-opt -nostdlib -nodefaultlibs -fno-omit-frame-pointer   conftest.c  >&5
configure:9750: $? = 0
configure:9764: result: yes
configure:9771: checking whether clang supports -mpreferred-stack-boundary=2
configure:9790: clang -o conftest.exe -g -O2 -target i686-windows -fuse-ld=lld --no-default-config -Wl,-subsystem:console -Wl,-WX -Werror=unknown-warning-option -Werror=unused-command-line-argument -Werror=ignored-optimization-argument -Werror=unsupported-floating-point-opt -nostdlib -nodefaultlibs -mpreferred-stack-boundary=2   conftest.c  >&5
clang: error: unknown argument: '-mpreferred-stack-boundary=2'
configure:9790: $? = 1
configure: failed program was:
| /* confdefs.h */
| #define PACKAGE_NAME "Wine"
| #define PACKAGE_TARNAME "wine"
| #define PACKAGE_VERSION "11.15"
| #define PACKAGE_STRING "Wine 11.15"
| #define PACKAGE_BUGREPORT "wine-devel@winehq.org"
| #define PACKAGE_URL "https://www.winehq.org"
| #define EXEEXT ""
| /* end confdefs.h.  */
| void *__os_arm64x_dispatch_ret = 0;
| const unsigned int _load_config_used[0x50] = { sizeof(_load_config_used) };
| #if defined(__clang_major__) && defined(MIN_CLANG_VERSION) && __clang_major__ < MIN_CLANG_VERSION
| #error Too old clang version
| #endif
| int __cdecl mainCRTStartup(void) { return 0; }
configure:9804: result: no
configure:9811: checking whether clang supports -mlong-double-64
configure:9830: clang -o conftest.exe -g -O2 -target i686-windows -fuse-ld=lld --no-default-config -Wl,-subsystem:console -Wl,-WX -Werror=unknown-warning-option -Werror=unused-command-line-argument -Werror=ignored-optimization-argument -Werror=unsupported-floating-point-opt -nostdlib -nodefaultlibs -mlong-double-64   conftest.c  >&5
configure:9830: $? = 0
configure:9844: result: yes
configure:9851: checking whether clang supports -msse2
configure:9870: clang -o conftest.exe -g -O2 -target i686-windows -fuse-ld=lld --no-default-config -Wl,-subsystem:console -Wl,-WX -Werror=unknown-warning-option -Werror=unused-command-line-argument -Werror=ignored-optimization-argument -Werror=unsupported-floating-point-opt -nostdlib -nodefaultlibs -msse2   conftest.c  >&5
configure:9870: $? = 0
configure:9884: result: yes
configure:9891: checking whether clang supports -Wl,--disable-stdcall-fixup
configure:9910: clang -o conftest.exe -g -O2 -target i686-windows -fuse-ld=lld --no-default-config -Wl,-subsystem:console -Wl,-WX -Werror=unknown-warning-option -Werror=unused-command-line-argument -Werror=ignored-optimization-argument -Werror=unsupported-floating-point-opt -nostdlib -nodefaultlibs -Wl,--disable-stdcall-fixup   conftest.c  >&5
lld-link: error: ignoring unknown argument '--disable-stdcall-fixup'
clang: error: linker command failed with exit code 1 (use -v to see invocation)
configure:9910: $? = 1
configure: failed program was:
| /* confdefs.h */
| #define PACKAGE_NAME "Wine"
| #define PACKAGE_TARNAME "wine"
| #define PACKAGE_VERSION "11.15"
| #define PACKAGE_STRING "Wine 11.15"
| #define PACKAGE_BUGREPORT "wine-devel@winehq.org"
| #define PACKAGE_URL "https://www.winehq.org"
| #define EXEEXT ""
| /* end confdefs.h.  */
| void *__os_arm64x_dispatch_ret = 0;
| const unsigned int _load_config_used[0x50] = { sizeof(_load_config_used) };
| #if defined(__clang_major__) && defined(MIN_CLANG_VERSION) && __clang_major__ < MIN_CLANG_VERSION
| #error Too old clang version
| #endif
| int __cdecl mainCRTStartup(void) { return 0; }
configure:9924: result: no
configure:10161: checking whether clang supports -Wl,-debug:dwarf
configure:10180: clang -o conftest.exe -g -O2 -target i686-windows -fuse-ld=lld --no-default-config -Wl,-subsystem:console -Wl,-WX -Werror=unknown-warning-option -Werror=unused-command-line-argument -Werror=ignored-optimization-argument -Werror=unsupported-floating-point-opt -nostdlib -nodefaultlibs -Wl,-debug:dwarf   conftest.c  >&5
configure:10180: $? = 0
configure:10194: result: yes
configure:10202: checking whether clang supports -gdwarf-4
configure:10221: clang -o conftest.exe -g -O2 -target i686-windows -fuse-ld=lld --no-default-config -Wl,-subsystem:console -Wl,-WX -Werror=unknown-warning-option -Werror=unused-command-line-argument -Werror=ignored-optimization-argument -Werror=unsupported-floating-point-opt -Wl,-debug:dwarf -nostdlib -nodefaultlibs -gdwarf-4   conftest.c  >&5
configure:10221: $? = 0
configure:10235: result: yes
configure:10330: checking whether clang supports -Wdeclaration-after-statement
configure:10349: clang -o conftest.exe -g -O2 -target i686-windows -fuse-ld=lld --no-default-config -Wl,-subsystem:console -Wl,-WX -Werror=unknown-warning-option -Werror=unused-command-line-argument -Werror=ignored-optimization-argument -Werror=unsupported-floating-point-opt -Wl,-debug:dwarf -nostdlib -nodefaultlibs -Wdeclaration-after-statement   conftest.c  >&5
configure:10349: $? = 0
configure:10363: result: yes
configure:10370: checking whether clang supports -Wstrict-prototypes
configure:10389: clang -o conftest.exe -g -O2 -target i686-windows -fuse-ld=lld --no-default-config -Wl,-subsystem:console -Wl,-WX -Werror=unknown-warning-option -Werror=unused-command-line-argument -Werror=ignored-optimization-argument -Werror=unsupported-floating-point-opt -Wl,-debug:dwarf -nostdlib -nodefaultlibs -Wstrict-prototypes   conftest.c  >&5
configure:10389: $? = 0
configure:10403: result: yes
configure:10410: checking whether clang supports -Wabsolute-value
configure:10429: clang -o conftest.exe -g -O2 -target i686-windows -fuse-ld=lld --no-default-config -Wl,-subsystem:console -Wl,-WX -Werror=unknown-warning-option -Werror=unused-command-line-argument -Werror=ignored-optimization-argument -Werror=unsupported-floating-point-opt -Wl,-debug:dwarf -nostdlib -nodefaultlibs -Wabsolute-value   conftest.c  >&5
configure:10429: $? = 0
configure:10443: result: yes
configure:10450: checking whether clang supports -fasync-exceptions -DMIN_CLANG_VERSION=19
configure:10469: clang -o conftest.exe -g -O2 -target i686-windows -fuse-ld=lld --no-default-config -Wl,-subsystem:console -Wl,-WX -Werror=unknown-warning-option -Werror=unused-command-line-argument -Werror=ignored-optimization-argument -Werror=unsupported-floating-point-opt -Wl,-debug:dwarf -nostdlib -nodefaultlibs -fasync-exceptions -DMIN_CLANG_VERSION=19   conftest.c  >&5
conftest.c:13:2: error: Too old clang version
   13 | #error Too old clang version
      |  ^
1 error generated.
configure:10469: $? = 1
configure: failed program was:
| /* confdefs.h */
| #define PACKAGE_NAME "Wine"
| #define PACKAGE_TARNAME "wine"
| #define PACKAGE_VERSION "11.15"
| #define PACKAGE_STRING "Wine 11.15"
| #define PACKAGE_BUGREPORT "wine-devel@winehq.org"
| #define PACKAGE_URL "https://www.winehq.org"
| #define EXEEXT ""
| /* end confdefs.h.  */
| void *__os_arm64x_dispatch_ret = 0;
| const unsigned int _load_config_used[0x50] = { sizeof(_load_config_used) };
| #if defined(__clang_major__) && defined(MIN_CLANG_VERSION) && __clang_major__ < MIN_CLANG_VERSION
| #error Too old clang version
| #endif
| int __cdecl mainCRTStartup(void) { return 0; }
configure:10483: result: no
configure:7591: checking for x86_64-w64-mingw32-gcc
configure:7627: result: no
configure:7591: checking for amd64-w64-mingw32-gcc
configure:7627: result: no
configure:7591: checking for x86_64-w64-mingw32-clang
configure:7627: result: no
configure:7591: checking for amd64-w64-mingw32-clang
configure:7627: result: no
configure:7591: checking for clang
configure:7612: found /usr/bin/clang
configure:7624: result: clang
configure:7710: checking whether clang supports -target x86_64-windows -fuse-ld=lld -Wl,-subsystem:console -Wl,-WX --no-default-config
configure:7729: clang -o conftest.exe -g -O2 -nostdlib -nodefaultlibs -target x86_64-windows -fuse-ld=lld -Wl,-subsystem:console -Wl,-WX --no-default-config   conftest.c  >&5
configure:7729: $? = 0
configure:7743: result: yes
configure:7862: checking for clang option to enable C99 features
configure:7876: clang -c -g -O2 -target x86_64-windows -fuse-ld=lld --no-default-config -Wl,-subsystem:console -Wl,-WX  conftest.c >&5
clang: warning: -Wl,-subsystem:console: 'linker' input unused [-Wunused-command-line-argument]
clang: warning: -Wl,-WX: 'linker' input unused [-Wunused-command-line-argument]
configure:7876: $? = 0
configure:7899: result: none needed
configure:7926: checking whether clang supports SEH directives
configure:7943: clang -c -g -O2 -target x86_64-windows -fuse-ld=lld --no-default-config -Wl,-subsystem:console -Wl,-WX  conftest.c >&5
clang: warning: -Wl,-subsystem:console: 'linker' input unused [-Wunused-command-line-argument]
clang: warning: -Wl,-WX: 'linker' input unused [-Wunused-command-line-argument]
configure:7943: $? = 0
configure:7954: result: yes
configure:7983: checking for clang option to enable C++17 features
configure:8752: clang -c -g -O2 -target x86_64-windows -fuse-ld=lld --no-default-config -Wl,-subsystem:console -Wl,-WX  conftest.cpp >&5
clang: warning: -Wl,-subsystem:console: 'linker' input unused [-Wunused-command-line-argument]
clang: warning: -Wl,-WX: 'linker' input unused [-Wunused-command-line-argument]
conftest.cpp:442:2: error: "This is not a C++17 compiler"
  442 | #error "This is not a C++17 compiler"
      |  ^
1 error generated.
configure:8752: $? = 1
configure: failed program was:
| /* confdefs.h */
| #define PACKAGE_NAME "Wine"
| #define PACKAGE_TARNAME "wine"
| #define PACKAGE_VERSION "11.15"
| #define PACKAGE_STRING "Wine 11.15"
| #define PACKAGE_BUGREPORT "wine-devel@winehq.org"
| #define PACKAGE_URL "https://www.winehq.org"
| #define EXEEXT ""
| /* end confdefs.h.  */
| 
| 
| // If the compiler admits that it is not ready for C++11, why torture it?
| // Hopefully, this will speed up the test.
| 
| #ifndef __cplusplus
| 
| #error "This is not a C++ compiler"
| 
| // MSVC always sets __cplusplus to 199711L in older versions; newer versions
| // only set it correctly if /Zc:__cplusplus is specified as well as a
| // /std:c++NN switch:
| //
| // https://devblogs.microsoft.com/cppblog/msvc-now-correctly-reports-__cplusplus/
| //
| // The value __cplusplus ought to have is available in _MSVC_LANG since
| // Visual Studio 2015 Update 3:
| //
| // https://learn.microsoft.com/en-us/cpp/preprocessor/predefined-macros
| //
| // This was also the first MSVC version to support C++14 so we can't use the
| // value of either __cplusplus or _MSVC_LANG to quickly rule out MSVC having
| // C++11 or C++14 support, but we can check _MSVC_LANG for C++17 and later.
| #elif __cplusplus < 201103L && !defined _MSC_VER
| 
| #error "This is not a C++11 compiler"
| 
| #else
| 
| namespace cxx11
| {
| 
|   namespace test_static_assert
|   {
| 
|     template <typename T>
|     struct check
|     {
|       static_assert(sizeof(int) <= sizeof(T), "not big enough");
|     };
| 
|   }
| 
|   namespace test_final_override
|   {
| 
|     struct Base
|     {
|       virtual ~Base() {}
|       virtual void f() {}
|     };
| 
|     struct Derived : public Base
|     {
|       virtual ~Derived() override {}
|       virtual void f() override {}
|     };
| 
|   }
| 
|   namespace test_double_right_angle_brackets
|   {
| 
|     template < typename T >
|     struct check {};
| 
|     typedef check<void> single_type;
|     typedef check<check<void>> double_type;
|     typedef check<check<check<void>>> triple_type;
|     typedef check<check<check<check<void>>>> quadruple_type;
| 
|   }
| 
|   namespace test_decltype
|   {
| 
|     int
|     f()
|     {
|       int a = 1;
|       decltype(a) b = 2;
|       return a + b;
|     }
| 
|   }
| 
|   namespace test_type_deduction
|   {
| 
|     template < typename T1, typename T2 >
|     struct is_same
|     {
|       static const bool value = false;
|     };
| 
|     template < typename T >
|     struct is_same<T, T>
|     {
|       static const bool value = true;
|     };
| 
|     template < typename T1, typename T2 >
|     auto
|     add(T1 a1, T2 a2) -> decltype(a1 + a2)
|     {
|       return a1 + a2;
|     }
| 
|     int
|     test(const int c, volatile int v)
|     {
|       static_assert(is_same<int, decltype(0)>::value == true, "");
|       static_assert(is_same<int, decltype(c)>::value == false, "");
|       static_assert(is_same<int, decltype(v)>::value == false, "");
|       auto ac = c;
|       auto av = v;
|       auto sumi = ac + av + 'x';
|       auto sumf = ac + av + 1.0;
|       static_assert(is_same<int, decltype(ac)>::value == true, "");
|       static_assert(is_same<int, decltype(av)>::value == true, "");
|       static_assert(is_same<int, decltype(sumi)>::value == true, "");
|       static_assert(is_same<int, decltype(sumf)>::value == false, "");
|       static_assert(is_same<int, decltype(add(c, v))>::value == true, "");
|       return (sumf > 0.0) ? sumi : add(c, v);
|     }
| 
|   }
| 
|   namespace test_noexcept
|   {
| 
|     int f() { return 0; }
|     int g() noexcept { return 0; }
| 
|     static_assert(noexcept(f()) == false, "");
|     static_assert(noexcept(g()) == true, "");
| 
|   }
| 
|   namespace test_constexpr
|   {
| 
|     template < typename CharT >
|     unsigned long constexpr
|     strlen_c_r(const CharT *const s, const unsigned long acc) noexcept
|     {
|       return *s ? strlen_c_r(s + 1, acc + 1) : acc;
|     }
| 
|     template < typename CharT >
|     unsigned long constexpr
|     strlen_c(const CharT *const s) noexcept
|     {
|       return strlen_c_r(s, 0UL);
|     }
| 
|     static_assert(strlen_c("") == 0UL, "");
|     static_assert(strlen_c("1") == 1UL, "");
|     static_assert(strlen_c("example") == 7UL, "");
|     static_assert(strlen_c("another\0example") == 7UL, "");
| 
|   }
| 
|   namespace test_rvalue_references
|   {
| 
|     template < int N >
|     struct answer
|     {
|       static constexpr int value = N;
|     };
| 
|     answer<1> f(int&)       { return answer<1>(); }
|     answer<2> f(const int&) { return answer<2>(); }
|     answer<3> f(int&&)      { return answer<3>(); }
| 
|     void
|     test()
|     {
|       int i = 0;
|       const int c = 0;
|       static_assert(decltype(f(i))::value == 1, "");
|       static_assert(decltype(f(c))::value == 2, "");
|       static_assert(decltype(f(0))::value == 3, "");
|     }
| 
|   }
| 
|   namespace test_uniform_initialization
|   {
| 
|     struct test
|     {
|       static const int zero {};
|       static const int one {1};
|     };
| 
|     static_assert(test::zero == 0, "");
|     static_assert(test::one == 1, "");
| 
|   }
| 
|   namespace test_lambdas
|   {
| 
|     void
|     test1()
|     {
|       auto lambda1 = [](){};
|       auto lambda2 = lambda1;
|       lambda1();
|       lambda2();
|     }
| 
|     int
|     test2()
|     {
|       auto a = [](int i, int j){ return i + j; }(1, 2);
|       auto b = []() -> int { return '0'; }();
|       auto c = [=](){ return a + b; }();
|       auto d = [&](){ return c; }();
|       auto e = [a, &b](int x) mutable {
|         const auto identity = [](int y){ return y; };
|         for (auto i = 0; i < a; ++i)
|           a += b--;
|         return x + identity(a + b);
|       }(0);
|       return a + b + c + d + e;
|     }
| 
|     int
|     test3()
|     {
|       const auto nullary = [](){ return 0; };
|       const auto unary = [](int x){ return x; };
|       using nullary_t = decltype(nullary);
|       using unary_t = decltype(unary);
|       const auto higher1st = [](nullary_t f){ return f(); };
|       const auto higher2nd = [unary](nullary_t f1){
|         return [unary, f1](unary_t f2){ return f2(unary(f1())); };
|       };
|       return higher1st(nullary) + higher2nd(nullary)(unary);
|     }
| 
|   }
| 
|   namespace test_variadic_templates
|   {
| 
|     template <int...>
|     struct sum;
| 
|     template <int N0, int... N1toN>
|     struct sum<N0, N1toN...>
|     {
|       static constexpr auto value = N0 + sum<N1toN...>::value;
|     };
| 
|     template <>
|     struct sum<>
|     {
|       static constexpr auto value = 0;
|     };
| 
|     static_assert(sum<>::value == 0, "");
|     static_assert(sum<1>::value == 1, "");
|     static_assert(sum<23>::value == 23, "");
|     static_assert(sum<1, 2>::value == 3, "");
|     static_assert(sum<5, 5, 11>::value == 21, "");
|     static_assert(sum<2, 3, 5, 7, 11, 13>::value == 41, "");
| 
|   }
| 
|   // http://stackoverflow.com/questions/13728184/template-aliases-and-sfinae
|   // Clang 3.1 fails with headers of libstd++ 4.8.3 when using std::function
|   // because of this.
|   namespace test_template_alias_sfinae
|   {
| 
|     struct foo {};
| 
|     template<typename T>
|     using member = typename T::member_type;
| 
|     template<typename T>
|     void func(...) {}
| 
|     template<typename T>
|     void func(member<T>*) {}
| 
|     void test();
| 
|     void test() { func<foo>(0); }
| 
|   }
| 
| }  // namespace cxx11
| 
| #endif  // __cplusplus >= 201103L
| 
| 
| 
| 
| // If the compiler admits that it is not ready for C++14, why torture it?
| // Hopefully, this will speed up the test.
| 
| #ifndef __cplusplus
| 
| #error "This is not a C++ compiler"
| 
| #elif __cplusplus < 201402L && !defined _MSC_VER
| 
| #error "This is not a C++14 compiler"
| 
| #else
| 
| namespace cxx14
| {
| 
|   namespace test_polymorphic_lambdas
|   {
| 
|     int
|     test()
|     {
|       const auto lambda = [](auto&&... args){
|         const auto istiny = [](auto x){
|           return (sizeof(x) == 1UL) ? 1 : 0;
|         };
|         const int aretiny[] = { istiny(args)... };
|         return aretiny[0];
|       };
|       return lambda(1, 1L, 1.0f, '1');
|     }
| 
|   }
| 
|   namespace test_binary_literals
|   {
| 
|     constexpr auto ivii = 0b0000000000101010;
|     static_assert(ivii == 42, "wrong value");
| 
|   }
| 
|   namespace test_generalized_constexpr
|   {
| 
|     template < typename CharT >
|     constexpr unsigned long
|     strlen_c(const CharT *const s) noexcept
|     {
|       auto length = 0UL;
|       for (auto p = s; *p; ++p)
|         ++length;
|       return length;
|     }
| 
|     static_assert(strlen_c("") == 0UL, "");
|     static_assert(strlen_c("x") == 1UL, "");
|     static_assert(strlen_c("test") == 4UL, "");
|     static_assert(strlen_c("another\0test") == 7UL, "");
| 
|   }
| 
|   namespace test_lambda_init_capture
|   {
| 
|     int
|     test()
|     {
|       auto x = 0;
|       const auto lambda1 = [a = x](int b){ return a + b; };
|       const auto lambda2 = [a = lambda1(x)](){ return a; };
|       return lambda2();
|     }
| 
|   }
| 
|   namespace test_digit_separators
|   {
| 
|     constexpr auto ten_million = 100'000'000;
|     static_assert(ten_million == 100000000, "");
| 
|   }
| 
|   namespace test_return_type_deduction
|   {
| 
|     auto f(int& x) { return x; }
|     decltype(auto) g(int& x) { return x; }
| 
|     template < typename T1, typename T2 >
|     struct is_same
|     {
|       static constexpr auto value = false;
|     };
| 
|     template < typename T >
|     struct is_same<T, T>
|     {
|       static constexpr auto value = true;
|     };
| 
|     int
|     test()
|     {
|       auto x = 0;
|       static_assert(is_same<int, decltype(f(x))>::value, "");
|       static_assert(is_same<int&, decltype(g(x))>::value, "");
|       return x;
|     }
| 
|   }
| 
| }  // namespace cxx14
| 
| #endif  // __cplusplus >= 201402L
| 
| 
| 
| 
| // If the compiler admits that it is not ready for C++17, why torture it?
| // Hopefully, this will speed up the test.
| 
| #ifndef __cplusplus
| 
| #error "This is not a C++ compiler"
| 
| #elif (defined _MSVC_LANG ? _MSVC_LANG : __cplusplus) < 201703L
| 
| #error "This is not a C++17 compiler"
| 
| #else
| 
| namespace cxx17
| {
| 
|   namespace test_constexpr_lambdas
|   {
| 
|     constexpr int foo = [](){return 42;}();
| 
|   }
| 
|   namespace test::nested_namespace::definitions
|   {
| 
|   }
| 
|   namespace test_fold_expression
|   {
| 
|     template<typename... Args>
|     int multiply(Args... args)
|     {
|       return (args * ... * 1);
|     }
| 
|     template<typename... Args>
|     bool all(Args... args)
|     {
|       return (args && ...);
|     }
| 
|   }
| 
|   namespace test_extended_static_assert
|   {
| 
|     static_assert (true);
| 
|   }
| 
|   namespace test_typename_in_template_template_parameter
|   {
| 
|     template<template<typename> typename X> struct D;
| 
|   }
| 
|   namespace test_fallthrough_nodiscard_maybe_unused_attributes
|   {
| 
|     int f1()
|     {
|       return 42;
|     }
| 
|     [[nodiscard]] int f2()
|     {
|       [[maybe_unused]] auto unused = f1();
| 
|       switch (f1())
|       {
|       case 17:
|         f1();
|         [[fallthrough]];
|       case 42:
|         f1();
|       }
|       return f1();
|     }
| 
|   }
| 
|   namespace test_extended_aggregate_initialization
|   {
| 
|     struct base1
|     {
|       int b1, b2 = 42;
|     };
| 
|     struct base2
|     {
|       base2() {
|         b3 = 42;
|       }
|       int b3;
|     };
| 
|     struct derived : base1, base2
|     {
|         int d;
|     };
| 
|     derived d1 {{1, 2}, {}, 4};  // full initialization
|     derived d2 {{}, {}, 4};      // value-initialized bases
| 
|   }
| 
|   namespace test_general_range_based_for_loop
|   {
| 
|     struct iter
|     {
|       int i;
| 
|       int& operator* ()
|       {
|         return i;
|       }
| 
|       const int& operator* () const
|       {
|         return i;
|       }
| 
|       iter& operator++()
|       {
|         ++i;
|         return *this;
|       }
|     };
| 
|     struct sentinel
|     {
|       int i;
|     };
| 
|     bool operator== (const iter& i, const sentinel& s)
|     {
|       return i.i == s.i;
|     }
| 
|     bool operator!= (const iter& i, const sentinel& s)
|     {
|       return !(i == s);
|     }
| 
|     struct range
|     {
|       iter begin() const
|       {
|         return {0};
|       }
| 
|       sentinel end() const
|       {
|         return {5};
|       }
|     };
| 
|     void f()
|     {
|       range r {};
| 
|       for (auto i : r)
|       {
|         [[maybe_unused]] auto v = i;
|       }
|     }
| 
|   }
| 
|   namespace test_lambda_capture_asterisk_this_by_value
|   {
| 
|     struct t
|     {
|       int i;
|       int foo()
|       {
|         return [*this]()
|         {
|           return i;
|         }();
|       }
|     };
| 
|   }
| 
|   namespace test_enum_class_construction
|   {
| 
|     enum class byte : unsigned char
|     {};
| 
|     byte foo {42};
| 
|   }
| 
|   namespace test_constexpr_if
|   {
| 
|     template <bool cond>
|     int f ()
|     {
|       if constexpr(cond)
|       {
|         return 13;
|       }
|       else
|       {
|         return 42;
|       }
|     }
| 
|   }
| 
|   namespace test_selection_statement_with_initializer
|   {
| 
|     int f()
|     {
|       return 13;
|     }
| 
|     int f2()
|     {
|       if (auto i = f(); i > 0)
|       {
|         return 3;
|       }
| 
|       switch (auto i = f(); i + 4)
|       {
|       case 17:
|         return 2;
| 
|       default:
|         return 1;
|       }
|     }
| 
|   }
| 
|   namespace test_template_argument_deduction_for_class_templates
|   {
| 
|     template <typename T1, typename T2>
|     struct pair
|     {
|       pair (T1 p1, T2 p2)
|         : m1 {p1},
|           m2 {p2}
|       {}
| 
|       T1 m1;
|       T2 m2;
|     };
| 
|     void f()
|     {
|       [[maybe_unused]] auto p = pair{13, 42u};
|     }
| 
|   }
| 
|   namespace test_non_type_auto_template_parameters
|   {
| 
|     template <auto n>
|     struct B
|     {};
| 
|     B<5> b1;
|     B<'a'> b2;
| 
|   }
| 
|   namespace test_exception_spec_type_system
|   {
| 
|     struct Good {};
|     struct Bad {};
| 
|     void g1() noexcept;
|     void g2();
| 
|     template<typename T>
|     Bad
|     f(T*, T*);
| 
|     template<typename T1, typename T2>
|     Good
|     f(T1*, T2*);
| 
|   }
| 
|   namespace test_inline_variables
|   {
| 
|     template<class T> void f(T)
|     {}
| 
|     template<class T> inline T g(T)
|     {
|       return T{};
|     }
| 
|     template<> inline void f<>(int)
|     {}
| 
|     template<> int g<>(int)
|     {
|       return 5;
|     }
| 
|   }
| 
| }  // namespace cxx17
| 
| #endif  // (defined _MSVC_LANG ? _MSVC_LANG : __cplusplus) < 201703L
| 
| 
| 
configure:8752: clang -std=gnu++17 -c -g -O2 -target x86_64-windows -fuse-ld=lld --no-default-config -Wl,-subsystem:console -Wl,-WX  conftest.cpp >&5
clang: warning: -Wl,-subsystem:console: 'linker' input unused [-Wunused-command-line-argument]
clang: warning: -Wl,-WX: 'linker' input unused [-Wunused-command-line-argument]
configure:8752: $? = 0
configure:8787: result: -std=gnu++17
configure:8804: checking whether clang supports -fno-strict-aliasing
configure:8823: clang -o conftest.exe -g -O2 -target x86_64-windows -fuse-ld=lld --no-default-config -Wl,-subsystem:console -Wl,-WX -nostdlib -nodefaultlibs -fno-strict-aliasing   conftest.c  >&5
configure:8823: $? = 0
configure:8837: result: yes
configure:8844: checking whether clang supports -Werror=unknown-warning-option
configure:8863: clang -o conftest.exe -g -O2 -target x86_64-windows -fuse-ld=lld --no-default-config -Wl,-subsystem:console -Wl,-WX -nostdlib -nodefaultlibs -Werror=unknown-warning-option   conftest.c  >&5
configure:8863: $? = 0
configure:8877: result: yes
configure:8884: checking whether clang supports -Werror=unused-command-line-argument
configure:8903: clang -o conftest.exe -g -O2 -target x86_64-windows -fuse-ld=lld --no-default-config -Wl,-subsystem:console -Wl,-WX -Werror=unknown-warning-option -nostdlib -nodefaultlibs -Werror=unused-command-line-argument   conftest.c  >&5
configure:8903: $? = 0
configure:8917: result: yes
configure:8924: checking whether clang supports -Werror=ignored-optimization-argument
configure:8943: clang -o conftest.exe -g -O2 -target x86_64-windows -fuse-ld=lld --no-default-config -Wl,-subsystem:console -Wl,-WX -Werror=unknown-warning-option -Werror=unused-command-line-argument -nostdlib -nodefaultlibs -Werror=ignored-optimization-argument   conftest.c  >&5
configure:8943: $? = 0
configure:8957: result: yes
configure:8964: checking whether clang supports -Werror=unsupported-floating-point-opt
configure:8983: clang -o conftest.exe -g -O2 -target x86_64-windows -fuse-ld=lld --no-default-config -Wl,-subsystem:console -Wl,-WX -Werror=unknown-warning-option -Werror=unused-command-line-argument -Werror=ignored-optimization-argument -nostdlib -nodefaultlibs -Werror=unsupported-floating-point-opt   conftest.c  >&5
configure:8983: $? = 0
configure:8997: result: yes
configure:9004: checking whether clang supports -Wempty-body
configure:9023: clang -o conftest.exe -g -O2 -target x86_64-windows -fuse-ld=lld --no-default-config -Wl,-subsystem:console -Wl,-WX -Werror=unknown-warning-option -Werror=unused-command-line-argument -Werror=ignored-optimization-argument -Werror=unsupported-floating-point-opt -nostdlib -nodefaultlibs -Wempty-body   conftest.c  >&5
configure:9023: $? = 0
configure:9037: result: yes
configure:9044: checking whether clang supports -Wignored-qualifiers
configure:9063: clang -o conftest.exe -g -O2 -target x86_64-windows -fuse-ld=lld --no-default-config -Wl,-subsystem:console -Wl,-WX -Werror=unknown-warning-option -Werror=unused-command-line-argument -Werror=ignored-optimization-argument -Werror=unsupported-floating-point-opt -nostdlib -nodefaultlibs -Wignored-qualifiers   conftest.c  >&5
configure:9063: $? = 0
configure:9077: result: yes
configure:9084: checking whether clang supports -Winit-self
configure:9103: clang -o conftest.exe -g -O2 -target x86_64-windows -fuse-ld=lld --no-default-config -Wl,-subsystem:console -Wl,-WX -Werror=unknown-warning-option -Werror=unused-command-line-argument -Werror=ignored-optimization-argument -Werror=unsupported-floating-point-opt -nostdlib -nodefaultlibs -Winit-self   conftest.c  >&5
configure:9103: $? = 0
configure:9117: result: yes
configure:9124: checking whether clang supports -Wpacked-not-aligned
configure:9143: clang -o conftest.exe -g -O2 -target x86_64-windows -fuse-ld=lld --no-default-config -Wl,-subsystem:console -Wl,-WX -Werror=unknown-warning-option -Werror=unused-command-line-argument -Werror=ignored-optimization-argument -Werror=unsupported-floating-point-opt -nostdlib -nodefaultlibs -Wpacked-not-aligned   conftest.c  >&5
error: unknown warning option '-Wpacked-not-aligned'; did you mean '-Wpacked-non-pod'? [-Werror,-Wunknown-warning-option]
configure:9143: $? = 1
configure: failed program was:
| /* confdefs.h */
| #define PACKAGE_NAME "Wine"
| #define PACKAGE_TARNAME "wine"
| #define PACKAGE_VERSION "11.15"
| #define PACKAGE_STRING "Wine 11.15"
| #define PACKAGE_BUGREPORT "wine-devel@winehq.org"
| #define PACKAGE_URL "https://www.winehq.org"
| #define EXEEXT ""
| /* end confdefs.h.  */
| void *__os_arm64x_dispatch_ret = 0;
| const unsigned int _load_config_used[0x50] = { sizeof(_load_config_used) };
| #if defined(__clang_major__) && defined(MIN_CLANG_VERSION) && __clang_major__ < MIN_CLANG_VERSION
| #error Too old clang version
| #endif
| int __cdecl mainCRTStartup(void) { return 0; }
configure:9157: result: no
configure:9164: checking whether clang supports -Wmicrosoft-enum-forward-reference
configure:9183: clang -o conftest.exe -g -O2 -target x86_64-windows -fuse-ld=lld --no-default-config -Wl,-subsystem:console -Wl,-WX -Werror=unknown-warning-option -Werror=unused-command-line-argument -Werror=ignored-optimization-argument -Werror=unsupported-floating-point-opt -nostdlib -nodefaultlibs -Wmicrosoft-enum-forward-reference   conftest.c  >&5
configure:9183: $? = 0
configure:9197: result: yes
configure:9204: checking whether clang supports -Wshift-overflow=2
configure:9223: clang -o conftest.exe -g -O2 -target x86_64-windows -fuse-ld=lld --no-default-config -Wl,-subsystem:console -Wl,-WX -Werror=unknown-warning-option -Werror=unused-command-line-argument -Werror=ignored-optimization-argument -Werror=unsupported-floating-point-opt -nostdlib -nodefaultlibs -Wshift-overflow=2   conftest.c  >&5
error: unknown warning option '-Wshift-overflow=2'; did you mean '-Wshift-overflow'? [-Werror,-Wunknown-warning-option]
configure:9223: $? = 1
configure: failed program was:
| /* confdefs.h */
| #define PACKAGE_NAME "Wine"
| #define PACKAGE_TARNAME "wine"
| #define PACKAGE_VERSION "11.15"
| #define PACKAGE_STRING "Wine 11.15"
| #define PACKAGE_BUGREPORT "wine-devel@winehq.org"
| #define PACKAGE_URL "https://www.winehq.org"
| #define EXEEXT ""
| /* end confdefs.h.  */
| void *__os_arm64x_dispatch_ret = 0;
| const unsigned int _load_config_used[0x50] = { sizeof(_load_config_used) };
| #if defined(__clang_major__) && defined(MIN_CLANG_VERSION) && __clang_major__ < MIN_CLANG_VERSION
| #error Too old clang version
| #endif
| int __cdecl mainCRTStartup(void) { return 0; }
configure:9237: result: no
configure:9244: checking whether clang supports -Wtype-limits
configure:9263: clang -o conftest.exe -g -O2 -target x86_64-windows -fuse-ld=lld --no-default-config -Wl,-subsystem:console -Wl,-WX -Werror=unknown-warning-option -Werror=unused-command-line-argument -Werror=ignored-optimization-argument -Werror=unsupported-floating-point-opt -nostdlib -nodefaultlibs -Wtype-limits   conftest.c  >&5
configure:9263: $? = 0
configure:9277: result: yes
configure:9284: checking whether clang supports -Wunused-but-set-parameter
configure:9303: clang -o conftest.exe -g -O2 -target x86_64-windows -fuse-ld=lld --no-default-config -Wl,-subsystem:console -Wl,-WX -Werror=unknown-warning-option -Werror=unused-command-line-argument -Werror=ignored-optimization-argument -Werror=unsupported-floating-point-opt -nostdlib -nodefaultlibs -Wunused-but-set-parameter   conftest.c  >&5
configure:9303: $? = 0
configure:9317: result: yes
configure:9324: checking whether clang supports -Wvla
configure:9343: clang -o conftest.exe -g -O2 -target x86_64-windows -fuse-ld=lld --no-default-config -Wl,-subsystem:console -Wl,-WX -Werror=unknown-warning-option -Werror=unused-command-line-argument -Werror=ignored-optimization-argument -Werror=unsupported-floating-point-opt -nostdlib -nodefaultlibs -Wvla   conftest.c  >&5
configure:9343: $? = 0
configure:9357: result: yes
configure:9364: checking whether clang supports -Wwrite-strings
configure:9383: clang -o conftest.exe -g -O2 -target x86_64-windows -fuse-ld=lld --no-default-config -Wl,-subsystem:console -Wl,-WX -Werror=unknown-warning-option -Werror=unused-command-line-argument -Werror=ignored-optimization-argument -Werror=unsupported-floating-point-opt -nostdlib -nodefaultlibs -Wwrite-strings   conftest.c  >&5
configure:9383: $? = 0
configure:9397: result: yes
configure:9404: checking whether clang supports -Wpointer-arith
configure:9423: clang -o conftest.exe -g -O2 -target x86_64-windows -fuse-ld=lld --no-default-config -Wl,-subsystem:console -Wl,-WX -Werror=unknown-warning-option -Werror=unused-command-line-argument -Werror=ignored-optimization-argument -Werror=unsupported-floating-point-opt -nostdlib -nodefaultlibs -Wpointer-arith   conftest.c  >&5
configure:9423: $? = 0
configure:9437: result: yes
configure:9444: checking whether clang supports -Wlogical-op
configure:9463: clang -o conftest.exe -g -O2 -target x86_64-windows -fuse-ld=lld --no-default-config -Wl,-subsystem:console -Wl,-WX -Werror=unknown-warning-option -Werror=unused-command-line-argument -Werror=ignored-optimization-argument -Werror=unsupported-floating-point-opt -nostdlib -nodefaultlibs -Wlogical-op   conftest.c  >&5
error: unknown warning option '-Wlogical-op'; did you mean '-Wlong-long'? [-Werror,-Wunknown-warning-option]
configure:9463: $? = 1
configure: failed program was:
| /* confdefs.h */
| #define PACKAGE_NAME "Wine"
| #define PACKAGE_TARNAME "wine"
| #define PACKAGE_VERSION "11.15"
| #define PACKAGE_STRING "Wine 11.15"
| #define PACKAGE_BUGREPORT "wine-devel@winehq.org"
| #define PACKAGE_URL "https://www.winehq.org"
| #define EXEEXT ""
| /* end confdefs.h.  */
| void *__os_arm64x_dispatch_ret = 0;
| const unsigned int _load_config_used[0x50] = { sizeof(_load_config_used) };
| #if defined(__clang_major__) && defined(MIN_CLANG_VERSION) && __clang_major__ < MIN_CLANG_VERSION
| #error Too old clang version
| #endif
| int __cdecl mainCRTStartup(void) { return 0; }
configure:9477: result: no
configure:9484: checking whether clang supports -Wenum-enum-conversion
configure:9503: clang -o conftest.exe -g -O2 -target x86_64-windows -fuse-ld=lld --no-default-config -Wl,-subsystem:console -Wl,-WX -Werror=unknown-warning-option -Werror=unused-command-line-argument -Werror=ignored-optimization-argument -Werror=unsupported-floating-point-opt -nostdlib -nodefaultlibs -Wenum-enum-conversion   conftest.c  >&5
configure:9503: $? = 0
configure:9517: result: yes
configure:9566: checking whether clang supports -ffunction-sections
configure:9585: clang -o conftest.exe -g -O2 -target x86_64-windows -fuse-ld=lld --no-default-config -Wl,-subsystem:console -Wl,-WX -Werror=unknown-warning-option -Werror=unused-command-line-argument -Werror=ignored-optimization-argument -Werror=unsupported-floating-point-opt -nostdlib -nodefaultlibs -ffunction-sections   conftest.c  >&5
configure:9585: $? = 0
configure:9599: result: yes
configure:9606: checking whether clang supports -ffp-exception-behavior=maytrap
configure:9625: clang -o conftest.exe -g -O2 -target x86_64-windows -fuse-ld=lld --no-default-config -Wl,-subsystem:console -Wl,-WX -Werror=unknown-warning-option -Werror=unused-command-line-argument -Werror=ignored-optimization-argument -Werror=unsupported-floating-point-opt -nostdlib -nodefaultlibs -ffp-exception-behavior=maytrap   conftest.c  >&5
configure:9625: $? = 0
configure:9639: result: yes
configure:9647: checking whether clang supports -fms-hotpatch -DMIN_CLANG_VERSION=18
configure:9666: clang -o conftest.exe -g -O2 -target x86_64-windows -fuse-ld=lld --no-default-config -Wl,-subsystem:console -Wl,-WX -Werror=unknown-warning-option -Werror=unused-command-line-argument -Werror=ignored-optimization-argument -Werror=unsupported-floating-point-opt -nostdlib -nodefaultlibs -fms-hotpatch -DMIN_CLANG_VERSION=18   conftest.c  >&5
configure:9666: $? = 0
configure:9680: result: yes
configure:9689: checking whether clang supports -flarge-source-files -Wmisleading-indentation
configure:9708: clang -o conftest.exe -g -O2 -target x86_64-windows -fuse-ld=lld --no-default-config -Wl,-subsystem:console -Wl,-WX -Werror=unknown-warning-option -Werror=unused-command-line-argument -Werror=ignored-optimization-argument -Werror=unsupported-floating-point-opt -nostdlib -nodefaultlibs -flarge-source-files -Wmisleading-indentation   conftest.c  >&5
clang: error: unknown argument: '-flarge-source-files'
configure:9708: $? = 1
configure: failed program was:
| /* confdefs.h */
| #define PACKAGE_NAME "Wine"
| #define PACKAGE_TARNAME "wine"
| #define PACKAGE_VERSION "11.15"
| #define PACKAGE_STRING "Wine 11.15"
| #define PACKAGE_BUGREPORT "wine-devel@winehq.org"
| #define PACKAGE_URL "https://www.winehq.org"
| #define EXEEXT ""
| /* end confdefs.h.  */
| void *__os_arm64x_dispatch_ret = 0;
| const unsigned int _load_config_used[0x50] = { sizeof(_load_config_used) };
| #if defined(__clang_major__) && defined(MIN_CLANG_VERSION) && __clang_major__ < MIN_CLANG_VERSION
| #error Too old clang version
| #endif
| int __cdecl mainCRTStartup(void) { return 0; }
configure:9722: result: no
configure:9931: checking whether clang supports -Wformat-overflow
configure:9950: clang -o conftest.exe -g -O2 -target x86_64-windows -fuse-ld=lld --no-default-config -Wl,-subsystem:console -Wl,-WX -Werror=unknown-warning-option -Werror=unused-command-line-argument -Werror=ignored-optimization-argument -Werror=unsupported-floating-point-opt -nostdlib -nodefaultlibs -Wformat-overflow   conftest.c  >&5
configure:9950: $? = 0
configure:9964: result: yes
configure:9971: checking whether clang supports -Wnonnull
configure:9990: clang -o conftest.exe -g -O2 -target x86_64-windows -fuse-ld=lld --no-default-config -Wl,-subsystem:console -Wl,-WX -Werror=unknown-warning-option -Werror=unused-command-line-argument -Werror=ignored-optimization-argument -Werror=unsupported-floating-point-opt -nostdlib -nodefaultlibs -Wnonnull   conftest.c  >&5
configure:9990: $? = 0
configure:10004: result: yes
configure:10011: checking whether clang supports -mlong-double-64
configure:10030: clang -o conftest.exe -g -O2 -target x86_64-windows -fuse-ld=lld --no-default-config -Wl,-subsystem:console -Wl,-WX -Werror=unknown-warning-option -Werror=unused-command-line-argument -Werror=ignored-optimization-argument -Werror=unsupported-floating-point-opt -nostdlib -nodefaultlibs -mlong-double-64   conftest.c  >&5
configure:10030: $? = 0
configure:10044: result: yes
configure:10051: checking whether clang supports -mcx16
configure:10070: clang -o conftest.exe -g -O2 -target x86_64-windows -fuse-ld=lld --no-default-config -Wl,-subsystem:console -Wl,-WX -Werror=unknown-warning-option -Werror=unused-command-line-argument -Werror=ignored-optimization-argument -Werror=unsupported-floating-point-opt -nostdlib -nodefaultlibs -mcx16   conftest.c  >&5
configure:10070: $? = 0
configure:10084: result: yes
configure:10091: checking whether clang supports -mcmodel=small
configure:10110: clang -o conftest.exe -g -O2 -target x86_64-windows -fuse-ld=lld --no-default-config -Wl,-subsystem:console -Wl,-WX -Werror=unknown-warning-option -Werror=unused-command-line-argument -Werror=ignored-optimization-argument -Werror=unsupported-floating-point-opt -nostdlib -nodefaultlibs -mcmodel=small   conftest.c  >&5
configure:10110: $? = 0
configure:10124: result: yes
configure:10161: checking whether clang supports -Wl,-debug:dwarf
configure:10180: clang -o conftest.exe -g -O2 -target x86_64-windows -fuse-ld=lld --no-default-config -Wl,-subsystem:console -Wl,-WX -Werror=unknown-warning-option -Werror=unused-command-line-argument -Werror=ignored-optimization-argument -Werror=unsupported-floating-point-opt -nostdlib -nodefaultlibs -Wl,-debug:dwarf   conftest.c  >&5
configure:10180: $? = 0
configure:10194: result: yes
configure:10202: checking whether clang supports -gdwarf-4
configure:10221: clang -o conftest.exe -g -O2 -target x86_64-windows -fuse-ld=lld --no-default-config -Wl,-subsystem:console -Wl,-WX -Werror=unknown-warning-option -Werror=unused-command-line-argument -Werror=ignored-optimization-argument -Werror=unsupported-floating-point-opt -Wl,-debug:dwarf -nostdlib -nodefaultlibs -gdwarf-4   conftest.c  >&5
configure:10221: $? = 0
configure:10235: result: yes
configure:10330: checking whether clang supports -Wdeclaration-after-statement
configure:10349: clang -o conftest.exe -g -O2 -target x86_64-windows -fuse-ld=lld --no-default-config -Wl,-subsystem:console -Wl,-WX -Werror=unknown-warning-option -Werror=unused-command-line-argument -Werror=ignored-optimization-argument -Werror=unsupported-floating-point-opt -Wl,-debug:dwarf -nostdlib -nodefaultlibs -Wdeclaration-after-statement   conftest.c  >&5
configure:10349: $? = 0
configure:10363: result: yes
configure:10370: checking whether clang supports -Wstrict-prototypes
configure:10389: clang -o conftest.exe -g -O2 -target x86_64-windows -fuse-ld=lld --no-default-config -Wl,-subsystem:console -Wl,-WX -Werror=unknown-warning-option -Werror=unused-command-line-argument -Werror=ignored-optimization-argument -Werror=unsupported-floating-point-opt -Wl,-debug:dwarf -nostdlib -nodefaultlibs -Wstrict-prototypes   conftest.c  >&5
configure:10389: $? = 0
configure:10403: result: yes
configure:10410: checking whether clang supports -Wabsolute-value
configure:10429: clang -o conftest.exe -g -O2 -target x86_64-windows -fuse-ld=lld --no-default-config -Wl,-subsystem:console -Wl,-WX -Werror=unknown-warning-option -Werror=unused-command-line-argument -Werror=ignored-optimization-argument -Werror=unsupported-floating-point-opt -Wl,-debug:dwarf -nostdlib -nodefaultlibs -Wabsolute-value   conftest.c  >&5
configure:10429: $? = 0
configure:10443: result: yes
configure:10450: checking whether clang supports -fasync-exceptions -DMIN_CLANG_VERSION=19
configure:10469: clang -o conftest.exe -g -O2 -target x86_64-windows -fuse-ld=lld --no-default-config -Wl,-subsystem:console -Wl,-WX -Werror=unknown-warning-option -Werror=unused-command-line-argument -Werror=ignored-optimization-argument -Werror=unsupported-floating-point-opt -Wl,-debug:dwarf -nostdlib -nodefaultlibs -fasync-exceptions -DMIN_CLANG_VERSION=19   conftest.c  >&5
conftest.c:13:2: error: Too old clang version
   13 | #error Too old clang version
      |  ^
1 error generated.
configure:10469: $? = 1
configure: failed program was:
| /* confdefs.h */
| #define PACKAGE_NAME "Wine"
| #define PACKAGE_TARNAME "wine"
| #define PACKAGE_VERSION "11.15"
| #define PACKAGE_STRING "Wine 11.15"
| #define PACKAGE_BUGREPORT "wine-devel@winehq.org"
| #define PACKAGE_URL "https://www.winehq.org"
| #define EXEEXT ""
| /* end confdefs.h.  */
| void *__os_arm64x_dispatch_ret = 0;
| const unsigned int _load_config_used[0x50] = { sizeof(_load_config_used) };
| #if defined(__clang_major__) && defined(MIN_CLANG_VERSION) && __clang_major__ < MIN_CLANG_VERSION
| #error Too old clang version
| #endif
| int __cdecl mainCRTStartup(void) { return 0; }
configure:10483: result: no
configure:10508: checking for i386_set_ldt in -li386
configure:10537: gcc -m64 -o conftest -g -O2   conftest.c -li386   >&5
/usr/bin/ld: cannot find -li386: No such file or directory
collect2: error: ld returned 1 exit status
configure:10537: $? = 1
configure: failed program was:
| /* confdefs.h */
| #define PACKAGE_NAME "Wine"
| #define PACKAGE_TARNAME "wine"
| #define PACKAGE_VERSION "11.15"
| #define PACKAGE_STRING "Wine 11.15"
| #define PACKAGE_BUGREPORT "wine-devel@winehq.org"
| #define PACKAGE_URL "https://www.winehq.org"
| #define EXEEXT ""
| /* end confdefs.h.  */
| 
| /* Override any GCC internal prototype to avoid an error.
|    Use char because int might match the return type of a GCC
|    builtin and then its argument prototype would still apply.
|    The 'extern "C"' is for builds by C++ compilers;
|    although this is not generally supported in C code supporting it here
|    has little cost and some practical benefit (sr 110532).  */
| #ifdef __cplusplus
| extern "C"
| #endif
| char i386_set_ldt (void);
| int
| main (void)
| {
| return i386_set_ldt ();
|   ;
|   return 0;
| }
configure:10549: result: no
configure:10569: checking for gcc -m64 option to support large files
configure:10604: gcc -m64 -c -g -O2  conftest.c >&5
configure:10604: $? = 0
configure:10610: gcc -m64 -c -g -O2  -DFTYPE=ino_t conftest.c >&5
configure:10610: $? = 0
configure:10635: result: none needed
configure:10660: checking for gcc -m64 option to support timestamps after 2038
configure:10692: gcc -m64 -c -g -O2  conftest.c >&5
configure:10692: $? = 0
configure:10704: result: none needed
configure:10770: checking for stdio.h
configure:10770: gcc -m64 -c -g -O2  conftest.c >&5
configure:10770: $? = 0
configure:10770: result: yes
configure:10770: checking for stdlib.h
configure:10770: gcc -m64 -c -g -O2  conftest.c >&5
configure:10770: $? = 0
configure:10770: result: yes
configure:10770: checking for string.h
configure:10770: gcc -m64 -c -g -O2  conftest.c >&5
configure:10770: $? = 0
configure:10770: result: yes
configure:10770: checking for inttypes.h
configure:10770: gcc -m64 -c -g -O2  conftest.c >&5
configure:10770: $? = 0
configure:10770: result: yes
configure:10770: checking for stdint.h
configure:10770: gcc -m64 -c -g -O2  conftest.c >&5
configure:10770: $? = 0
configure:10770: result: yes
configure:10770: checking for strings.h
configure:10770: gcc -m64 -c -g -O2  conftest.c >&5
configure:10770: $? = 0
configure:10770: result: yes
configure:10770: checking for sys/stat.h
configure:10770: gcc -m64 -c -g -O2  conftest.c >&5
configure:10770: $? = 0
configure:10770: result: yes
configure:10770: checking for sys/types.h
configure:10770: gcc -m64 -c -g -O2  conftest.c >&5
configure:10770: $? = 0
configure:10770: result: yes
configure:10770: checking for unistd.h
configure:10770: gcc -m64 -c -g -O2  conftest.c >&5
configure:10770: $? = 0
configure:10770: result: yes
configure:10795: checking for OpenCL/opencl.h
configure:10795: gcc -m64 -c -g -O2  conftest.c >&5
conftest.c:48:10: fatal error: OpenCL/opencl.h: No such file or directory
   48 | #include <OpenCL/opencl.h>
      |          ^~~~~~~~~~~~~~~~~
compilation terminated.
configure:10795: $? = 1
configure: failed program was:
| /* confdefs.h */
| #define PACKAGE_NAME "Wine"
| #define PACKAGE_TARNAME "wine"
| #define PACKAGE_VERSION "11.15"
| #define PACKAGE_STRING "Wine 11.15"
| #define PACKAGE_BUGREPORT "wine-devel@winehq.org"
| #define PACKAGE_URL "https://www.winehq.org"
| #define EXEEXT ""
| #define HAVE_STDIO_H 1
| #define HAVE_STDLIB_H 1
| #define HAVE_STRING_H 1
| #define HAVE_INTTYPES_H 1
| #define HAVE_STDINT_H 1
| #define HAVE_STRINGS_H 1
| #define HAVE_SYS_STAT_H 1
| #define HAVE_SYS_TYPES_H 1
| #define HAVE_UNISTD_H 1
| #define STDC_HEADERS 1
| /* end confdefs.h.  */
| #include <stddef.h>
| #ifdef HAVE_STDIO_H
| # include <stdio.h>
| #endif
| #ifdef HAVE_STDLIB_H
| # include <stdlib.h>
| #endif
| #ifdef HAVE_STRING_H
| # include <string.h>
| #endif
| #ifdef HAVE_INTTYPES_H
| # include <inttypes.h>
| #endif
| #ifdef HAVE_STDINT_H
| # include <stdint.h>
| #endif
| #ifdef HAVE_STRINGS_H
| # include <strings.h>
| #endif
| #ifdef HAVE_SYS_TYPES_H
| # include <sys/types.h>
| #endif
| #ifdef HAVE_SYS_STAT_H
| # include <sys/stat.h>
| #endif
| #ifdef HAVE_UNISTD_H
| # include <unistd.h>
| #endif
| #include <OpenCL/opencl.h>
configure:10795: result: no
configure:10801: checking for arpa/inet.h
configure:10801: gcc -m64 -c -g -O2  conftest.c >&5
configure:10801: $? = 0
configure:10801: result: yes
configure:10807: checking for arpa/nameser.h
configure:10807: gcc -m64 -c -g -O2  conftest.c >&5
configure:10807: $? = 0
configure:10807: result: yes
configure:10813: checking for asm/hwcap.h
configure:10813: gcc -m64 -c -g -O2  conftest.c >&5
conftest.c:50:10: fatal error: asm/hwcap.h: No such file or directory
   50 | #include <asm/hwcap.h>
      |          ^~~~~~~~~~~~~
compilation terminated.
configure:10813: $? = 1
configure: failed program was:
| /* confdefs.h */
| #define PACKAGE_NAME "Wine"
| #define PACKAGE_TARNAME "wine"
| #define PACKAGE_VERSION "11.15"
| #define PACKAGE_STRING "Wine 11.15"
| #define PACKAGE_BUGREPORT "wine-devel@winehq.org"
| #define PACKAGE_URL "https://www.winehq.org"
| #define EXEEXT ""
| #define HAVE_STDIO_H 1
| #define HAVE_STDLIB_H 1
| #define HAVE_STRING_H 1
| #define HAVE_INTTYPES_H 1
| #define HAVE_STDINT_H 1
| #define HAVE_STRINGS_H 1
| #define HAVE_SYS_STAT_H 1
| #define HAVE_SYS_TYPES_H 1
| #define HAVE_UNISTD_H 1
| #define STDC_HEADERS 1
| #define HAVE_ARPA_INET_H 1
| #define HAVE_ARPA_NAMESER_H 1
| /* end confdefs.h.  */
| #include <stddef.h>
| #ifdef HAVE_STDIO_H
| # include <stdio.h>
| #endif
| #ifdef HAVE_STDLIB_H
| # include <stdlib.h>
| #endif
| #ifdef HAVE_STRING_H
| # include <string.h>
| #endif
| #ifdef HAVE_INTTYPES_H
| # include <inttypes.h>
| #endif
| #ifdef HAVE_STDINT_H
| # include <stdint.h>
| #endif
| #ifdef HAVE_STRINGS_H
| # include <strings.h>
| #endif
| #ifdef HAVE_SYS_TYPES_H
| # include <sys/types.h>
| #endif
| #ifdef HAVE_SYS_STAT_H
| # include <sys/stat.h>
| #endif
| #ifdef HAVE_UNISTD_H
| # include <unistd.h>
| #endif
| #include <asm/hwcap.h>
configure:10813: result: no
configure:10819: checking for asm/termbits.h
configure:10819: gcc -m64 -c -g -O2  conftest.c >&5
configure:10819: $? = 0
configure:10819: result: yes
configure:10825: checking for asm/types.h
configure:10825: gcc -m64 -c -g -O2  conftest.c >&5
configure:10825: $? = 0
configure:10825: result: yes
configure:10831: checking for asm/user.h
configure:10831: gcc -m64 -c -g -O2  conftest.c >&5
conftest.c:52:10: fatal error: asm/user.h: No such file or directory
   52 | #include <asm/user.h>
      |          ^~~~~~~~~~~~
compilation terminated.
configure:10831: $? = 1
configure: failed program was:
| /* confdefs.h */
| #define PACKAGE_NAME "Wine"
| #define PACKAGE_TARNAME "wine"
| #define PACKAGE_VERSION "11.15"
| #define PACKAGE_STRING "Wine 11.15"
| #define PACKAGE_BUGREPORT "wine-devel@winehq.org"
| #define PACKAGE_URL "https://www.winehq.org"
| #define EXEEXT ""
| #define HAVE_STDIO_H 1
| #define HAVE_STDLIB_H 1
| #define HAVE_STRING_H 1
| #define HAVE_INTTYPES_H 1
| #define HAVE_STDINT_H 1
| #define HAVE_STRINGS_H 1
| #define HAVE_SYS_STAT_H 1
| #define HAVE_SYS_TYPES_H 1
| #define HAVE_UNISTD_H 1
| #define STDC_HEADERS 1
| #define HAVE_ARPA_INET_H 1
| #define HAVE_ARPA_NAMESER_H 1
| #define HAVE_ASM_TERMBITS_H 1
| #define HAVE_ASM_TYPES_H 1
| /* end confdefs.h.  */
| #include <stddef.h>
| #ifdef HAVE_STDIO_H
| # include <stdio.h>
| #endif
| #ifdef HAVE_STDLIB_H
| # include <stdlib.h>
| #endif
| #ifdef HAVE_STRING_H
| # include <string.h>
| #endif
| #ifdef HAVE_INTTYPES_H
| # include <inttypes.h>
| #endif
| #ifdef HAVE_STDINT_H
| # include <stdint.h>
| #endif
| #ifdef HAVE_STRINGS_H
| # include <strings.h>
| #endif
| #ifdef HAVE_SYS_TYPES_H
| # include <sys/types.h>
| #endif
| #ifdef HAVE_SYS_STAT_H
| # include <sys/stat.h>
| #endif
| #ifdef HAVE_UNISTD_H
| # include <unistd.h>
| #endif
| #include <asm/user.h>
configure:10831: result: no
configure:10837: checking for bluetooth/bluetooth.h
configure:10837: gcc -m64 -c -g -O2  conftest.c >&5
conftest.c:52:10: fatal error: bluetooth/bluetooth.h: No such file or directory
   52 | #include <bluetooth/bluetooth.h>
      |          ^~~~~~~~~~~~~~~~~~~~~~~
compilation terminated.
configure:10837: $? = 1
configure: failed program was:
| /* confdefs.h */
| #define PACKAGE_NAME "Wine"
| #define PACKAGE_TARNAME "wine"
| #define PACKAGE_VERSION "11.15"
| #define PACKAGE_STRING "Wine 11.15"
| #define PACKAGE_BUGREPORT "wine-devel@winehq.org"
| #define PACKAGE_URL "https://www.winehq.org"
| #define EXEEXT ""
| #define HAVE_STDIO_H 1
| #define HAVE_STDLIB_H 1
| #define HAVE_STRING_H 1
| #define HAVE_INTTYPES_H 1
| #define HAVE_STDINT_H 1
| #define HAVE_STRINGS_H 1
| #define HAVE_SYS_STAT_H 1
| #define HAVE_SYS_TYPES_H 1
| #define HAVE_UNISTD_H 1
| #define STDC_HEADERS 1
| #define HAVE_ARPA_INET_H 1
| #define HAVE_ARPA_NAMESER_H 1
| #define HAVE_ASM_TERMBITS_H 1
| #define HAVE_ASM_TYPES_H 1
| /* end confdefs.h.  */
| #include <stddef.h>
| #ifdef HAVE_STDIO_H
| # include <stdio.h>
| #endif
| #ifdef HAVE_STDLIB_H
| # include <stdlib.h>
| #endif
| #ifdef HAVE_STRING_H
| # include <string.h>
| #endif
| #ifdef HAVE_INTTYPES_H
| # include <inttypes.h>
| #endif
| #ifdef HAVE_STDINT_H
| # include <stdint.h>
| #endif
| #ifdef HAVE_STRINGS_H
| # include <strings.h>
| #endif
| #ifdef HAVE_SYS_TYPES_H
| # include <sys/types.h>
| #endif
| #ifdef HAVE_SYS_STAT_H
| # include <sys/stat.h>
| #endif
| #ifdef HAVE_UNISTD_H
| # include <unistd.h>
| #endif
| #include <bluetooth/bluetooth.h>
configure:10837: result: no
configure:10843: checking for dev/evdev/input.h
configure:10843: gcc -m64 -c -g -O2  conftest.c >&5
conftest.c:52:10: fatal error: dev/evdev/input.h: No such file or directory
   52 | #include <dev/evdev/input.h>
      |          ^~~~~~~~~~~~~~~~~~~
compilation terminated.
configure:10843: $? = 1
configure: failed program was:
| /* confdefs.h */
| #define PACKAGE_NAME "Wine"
| #define PACKAGE_TARNAME "wine"
| #define PACKAGE_VERSION "11.15"
| #define PACKAGE_STRING "Wine 11.15"
| #define PACKAGE_BUGREPORT "wine-devel@winehq.org"
| #define PACKAGE_URL "https://www.winehq.org"
| #define EXEEXT ""
| #define HAVE_STDIO_H 1
| #define HAVE_STDLIB_H 1
| #define HAVE_STRING_H 1
| #define HAVE_INTTYPES_H 1
| #define HAVE_STDINT_H 1
| #define HAVE_STRINGS_H 1
| #define HAVE_SYS_STAT_H 1
| #define HAVE_SYS_TYPES_H 1
| #define HAVE_UNISTD_H 1
| #define STDC_HEADERS 1
| #define HAVE_ARPA_INET_H 1
| #define HAVE_ARPA_NAMESER_H 1
| #define HAVE_ASM_TERMBITS_H 1
| #define HAVE_ASM_TYPES_H 1
| /* end confdefs.h.  */
| #include <stddef.h>
| #ifdef HAVE_STDIO_H
| # include <stdio.h>
| #endif
| #ifdef HAVE_STDLIB_H
| # include <stdlib.h>
| #endif
| #ifdef HAVE_STRING_H
| # include <string.h>
| #endif
| #ifdef HAVE_INTTYPES_H
| # include <inttypes.h>
| #endif
| #ifdef HAVE_STDINT_H
| # include <stdint.h>
| #endif
| #ifdef HAVE_STRINGS_H
| # include <strings.h>
| #endif
| #ifdef HAVE_SYS_TYPES_H
| # include <sys/types.h>
| #endif
| #ifdef HAVE_SYS_STAT_H
| # include <sys/stat.h>
| #endif
| #ifdef HAVE_UNISTD_H
| # include <unistd.h>
| #endif
| #include <dev/evdev/input.h>
configure:10843: result: no
configure:10849: checking for elf.h
configure:10849: gcc -m64 -c -g -O2  conftest.c >&5
configure:10849: $? = 0
configure:10849: result: yes
configure:10855: checking for gettext-po.h
configure:10855: gcc -m64 -c -g -O2  conftest.c >&5
conftest.c:53:10: fatal error: gettext-po.h: No such file or directory
   53 | #include <gettext-po.h>
      |          ^~~~~~~~~~~~~~
compilation terminated.
configure:10855: $? = 1
configure: failed program was:
| /* confdefs.h */
| #define PACKAGE_NAME "Wine"
| #define PACKAGE_TARNAME "wine"
| #define PACKAGE_VERSION "11.15"
| #define PACKAGE_STRING "Wine 11.15"
| #define PACKAGE_BUGREPORT "wine-devel@winehq.org"
| #define PACKAGE_URL "https://www.winehq.org"
| #define EXEEXT ""
| #define HAVE_STDIO_H 1
| #define HAVE_STDLIB_H 1
| #define HAVE_STRING_H 1
| #define HAVE_INTTYPES_H 1
| #define HAVE_STDINT_H 1
| #define HAVE_STRINGS_H 1
| #define HAVE_SYS_STAT_H 1
| #define HAVE_SYS_TYPES_H 1
| #define HAVE_UNISTD_H 1
| #define STDC_HEADERS 1
| #define HAVE_ARPA_INET_H 1
| #define HAVE_ARPA_NAMESER_H 1
| #define HAVE_ASM_TERMBITS_H 1
| #define HAVE_ASM_TYPES_H 1
| #define HAVE_ELF_H 1
| /* end confdefs.h.  */
| #include <stddef.h>
| #ifdef HAVE_STDIO_H
| # include <stdio.h>
| #endif
| #ifdef HAVE_STDLIB_H
| # include <stdlib.h>
| #endif
| #ifdef HAVE_STRING_H
| # include <string.h>
| #endif
| #ifdef HAVE_INTTYPES_H
| # include <inttypes.h>
| #endif
| #ifdef HAVE_STDINT_H
| # include <stdint.h>
| #endif
| #ifdef HAVE_STRINGS_H
| # include <strings.h>
| #endif
| #ifdef HAVE_SYS_TYPES_H
| # include <sys/types.h>
| #endif
| #ifdef HAVE_SYS_STAT_H
| # include <sys/stat.h>
| #endif
| #ifdef HAVE_UNISTD_H
| # include <unistd.h>
| #endif
| #include <gettext-po.h>
configure:10855: result: no
configure:10861: checking for link.h
configure:10861: gcc -m64 -c -g -O2  conftest.c >&5
configure:10861: $? = 0
configure:10861: result: yes
configure:10867: checking for linux/cdrom.h
configure:10867: gcc -m64 -c -g -O2  conftest.c >&5
configure:10867: $? = 0
configure:10867: result: yes
configure:10873: checking for linux/errqueue.h
configure:10873: gcc -m64 -c -g -O2  conftest.c >&5
configure:10873: $? = 0
configure:10873: result: yes
configure:10879: checking for linux/filter.h
configure:10879: gcc -m64 -c -g -O2  conftest.c >&5
configure:10879: $? = 0
configure:10879: result: yes
configure:10885: checking for linux/fs.h
configure:10885: gcc -m64 -c -g -O2  conftest.c >&5
configure:10885: $? = 0
configure:10885: result: yes
configure:10891: checking for linux/hdreg.h
configure:10891: gcc -m64 -c -g -O2  conftest.c >&5
configure:10891: $? = 0
configure:10891: result: yes
configure:10897: checking for linux/hidraw.h
configure:10897: gcc -m64 -c -g -O2  conftest.c >&5
configure:10897: $? = 0
configure:10897: result: yes
configure:10903: checking for linux/input.h
configure:10903: gcc -m64 -c -g -O2  conftest.c >&5
configure:10903: $? = 0
configure:10903: result: yes
configure:10909: checking for linux/ioctl.h
configure:10909: gcc -m64 -c -g -O2  conftest.c >&5
configure:10909: $? = 0
configure:10909: result: yes
configure:10915: checking for linux/major.h
configure:10915: gcc -m64 -c -g -O2  conftest.c >&5
configure:10915: $? = 0
configure:10915: result: yes
configure:10921: checking for linux/memfd.h
configure:10921: gcc -m64 -c -g -O2  conftest.c >&5
configure:10921: $? = 0
configure:10921: result: yes
configure:10927: checking for linux/ntsync.h
configure:10927: gcc -m64 -c -g -O2  conftest.c >&5
conftest.c:64:10: fatal error: linux/ntsync.h: No such file or directory
   64 | #include <linux/ntsync.h>
      |          ^~~~~~~~~~~~~~~~
compilation terminated.
configure:10927: $? = 1
configure: failed program was:
| /* confdefs.h */
| #define PACKAGE_NAME "Wine"
| #define PACKAGE_TARNAME "wine"
| #define PACKAGE_VERSION "11.15"
| #define PACKAGE_STRING "Wine 11.15"
| #define PACKAGE_BUGREPORT "wine-devel@winehq.org"
| #define PACKAGE_URL "https://www.winehq.org"
| #define EXEEXT ""
| #define HAVE_STDIO_H 1
| #define HAVE_STDLIB_H 1
| #define HAVE_STRING_H 1
| #define HAVE_INTTYPES_H 1
| #define HAVE_STDINT_H 1
| #define HAVE_STRINGS_H 1
| #define HAVE_SYS_STAT_H 1
| #define HAVE_SYS_TYPES_H 1
| #define HAVE_UNISTD_H 1
| #define STDC_HEADERS 1
| #define HAVE_ARPA_INET_H 1
| #define HAVE_ARPA_NAMESER_H 1
| #define HAVE_ASM_TERMBITS_H 1
| #define HAVE_ASM_TYPES_H 1
| #define HAVE_ELF_H 1
| #define HAVE_LINK_H 1
| #define HAVE_LINUX_CDROM_H 1
| #define HAVE_LINUX_ERRQUEUE_H 1
| #define HAVE_LINUX_FILTER_H 1
| #define HAVE_LINUX_FS_H 1
| #define HAVE_LINUX_HDREG_H 1
| #define HAVE_LINUX_HIDRAW_H 1
| #define HAVE_LINUX_INPUT_H 1
| #define HAVE_LINUX_IOCTL_H 1
| #define HAVE_LINUX_MAJOR_H 1
| #define HAVE_LINUX_MEMFD_H 1
| /* end confdefs.h.  */
| #include <stddef.h>
| #ifdef HAVE_STDIO_H
| # include <stdio.h>
| #endif
| #ifdef HAVE_STDLIB_H
| # include <stdlib.h>
| #endif
| #ifdef HAVE_STRING_H
| # include <string.h>
| #endif
| #ifdef HAVE_INTTYPES_H
| # include <inttypes.h>
| #endif
| #ifdef HAVE_STDINT_H
| # include <stdint.h>
| #endif
| #ifdef HAVE_STRINGS_H
| # include <strings.h>
| #endif
| #ifdef HAVE_SYS_TYPES_H
| # include <sys/types.h>
| #endif
| #ifdef HAVE_SYS_STAT_H
| # include <sys/stat.h>
| #endif
| #ifdef HAVE_UNISTD_H
| # include <unistd.h>
| #endif
| #include <linux/ntsync.h>
configure:10927: result: no
configure:10933: checking for linux/param.h
configure:10933: gcc -m64 -c -g -O2  conftest.c >&5
configure:10933: $? = 0
configure:10933: result: yes
configure:10939: checking for linux/serial.h
configure:10939: gcc -m64 -c -g -O2  conftest.c >&5
configure:10939: $? = 0
configure:10939: result: yes
configure:10945: checking for linux/types.h
configure:10945: gcc -m64 -c -g -O2  conftest.c >&5
configure:10945: $? = 0
configure:10945: result: yes
configure:10951: checking for linux/ucdrom.h
configure:10951: gcc -m64 -c -g -O2  conftest.c >&5
conftest.c:67:10: fatal error: linux/ucdrom.h: No such file or directory
   67 | #include <linux/ucdrom.h>
      |          ^~~~~~~~~~~~~~~~
compilation terminated.
configure:10951: $? = 1
configure: failed program was:
| /* confdefs.h */
| #define PACKAGE_NAME "Wine"
| #define PACKAGE_TARNAME "wine"
| #define PACKAGE_VERSION "11.15"
| #define PACKAGE_STRING "Wine 11.15"
| #define PACKAGE_BUGREPORT "wine-devel@winehq.org"
| #define PACKAGE_URL "https://www.winehq.org"
| #define EXEEXT ""
| #define HAVE_STDIO_H 1
| #define HAVE_STDLIB_H 1
| #define HAVE_STRING_H 1
| #define HAVE_INTTYPES_H 1
| #define HAVE_STDINT_H 1
| #define HAVE_STRINGS_H 1
| #define HAVE_SYS_STAT_H 1
| #define HAVE_SYS_TYPES_H 1
| #define HAVE_UNISTD_H 1
| #define STDC_HEADERS 1
| #define HAVE_ARPA_INET_H 1
| #define HAVE_ARPA_NAMESER_H 1
| #define HAVE_ASM_TERMBITS_H 1
| #define HAVE_ASM_TYPES_H 1
| #define HAVE_ELF_H 1
| #define HAVE_LINK_H 1
| #define HAVE_LINUX_CDROM_H 1
| #define HAVE_LINUX_ERRQUEUE_H 1
| #define HAVE_LINUX_FILTER_H 1
| #define HAVE_LINUX_FS_H 1
| #define HAVE_LINUX_HDREG_H 1
| #define HAVE_LINUX_HIDRAW_H 1
| #define HAVE_LINUX_INPUT_H 1
| #define HAVE_LINUX_IOCTL_H 1
| #define HAVE_LINUX_MAJOR_H 1
| #define HAVE_LINUX_MEMFD_H 1
| #define HAVE_LINUX_PARAM_H 1
| #define HAVE_LINUX_SERIAL_H 1
| #define HAVE_LINUX_TYPES_H 1
| /* end confdefs.h.  */
| #include <stddef.h>
| #ifdef HAVE_STDIO_H
| # include <stdio.h>
| #endif
| #ifdef HAVE_STDLIB_H
| # include <stdlib.h>
| #endif
| #ifdef HAVE_STRING_H
| # include <string.h>
| #endif
| #ifdef HAVE_INTTYPES_H
| # include <inttypes.h>
| #endif
| #ifdef HAVE_STDINT_H
| # include <stdint.h>
| #endif
| #ifdef HAVE_STRINGS_H
| # include <strings.h>
| #endif
| #ifdef HAVE_SYS_TYPES_H
| # include <sys/types.h>
| #endif
| #ifdef HAVE_SYS_STAT_H
| # include <sys/stat.h>
| #endif
| #ifdef HAVE_UNISTD_H
| # include <unistd.h>
| #endif
| #include <linux/ucdrom.h>
configure:10951: result: no
configure:10957: checking for linux/userfaultfd.h
configure:10957: gcc -m64 -c -g -O2  conftest.c >&5
configure:10957: $? = 0
configure:10957: result: yes
configure:10963: checking for linux/wireless.h
configure:10963: gcc -m64 -c -g -O2  conftest.c >&5
configure:10963: $? = 0
configure:10963: result: yes
configure:10969: checking for lwp.h
configure:10969: gcc -m64 -c -g -O2  conftest.c >&5
conftest.c:69:10: fatal error: lwp.h: No such file or directory
   69 | #include <lwp.h>
      |          ^~~~~~~
compilation terminated.
configure:10969: $? = 1
configure: failed program was:
| /* confdefs.h */
| #define PACKAGE_NAME "Wine"
| #define PACKAGE_TARNAME "wine"
| #define PACKAGE_VERSION "11.15"
| #define PACKAGE_STRING "Wine 11.15"
| #define PACKAGE_BUGREPORT "wine-devel@winehq.org"
| #define PACKAGE_URL "https://www.winehq.org"
| #define EXEEXT ""
| #define HAVE_STDIO_H 1
| #define HAVE_STDLIB_H 1
| #define HAVE_STRING_H 1
| #define HAVE_INTTYPES_H 1
| #define HAVE_STDINT_H 1
| #define HAVE_STRINGS_H 1
| #define HAVE_SYS_STAT_H 1
| #define HAVE_SYS_TYPES_H 1
| #define HAVE_UNISTD_H 1
| #define STDC_HEADERS 1
| #define HAVE_ARPA_INET_H 1
| #define HAVE_ARPA_NAMESER_H 1
| #define HAVE_ASM_TERMBITS_H 1
| #define HAVE_ASM_TYPES_H 1
| #define HAVE_ELF_H 1
| #define HAVE_LINK_H 1
| #define HAVE_LINUX_CDROM_H 1
| #define HAVE_LINUX_ERRQUEUE_H 1
| #define HAVE_LINUX_FILTER_H 1
| #define HAVE_LINUX_FS_H 1
| #define HAVE_LINUX_HDREG_H 1
| #define HAVE_LINUX_HIDRAW_H 1
| #define HAVE_LINUX_INPUT_H 1
| #define HAVE_LINUX_IOCTL_H 1
| #define HAVE_LINUX_MAJOR_H 1
| #define HAVE_LINUX_MEMFD_H 1
| #define HAVE_LINUX_PARAM_H 1
| #define HAVE_LINUX_SERIAL_H 1
| #define HAVE_LINUX_TYPES_H 1
| #define HAVE_LINUX_USERFAULTFD_H 1
| #define HAVE_LINUX_WIRELESS_H 1
| /* end confdefs.h.  */
| #include <stddef.h>
| #ifdef HAVE_STDIO_H
| # include <stdio.h>
| #endif
| #ifdef HAVE_STDLIB_H
| # include <stdlib.h>
| #endif
| #ifdef HAVE_STRING_H
| # include <string.h>
| #endif
| #ifdef HAVE_INTTYPES_H
| # include <inttypes.h>
| #endif
| #ifdef HAVE_STDINT_H
| # include <stdint.h>
| #endif
| #ifdef HAVE_STRINGS_H
| # include <strings.h>
| #endif
| #ifdef HAVE_SYS_TYPES_H
| # include <sys/types.h>
| #endif
| #ifdef HAVE_SYS_STAT_H
| # include <sys/stat.h>
| #endif
| #ifdef HAVE_UNISTD_H
| # include <unistd.h>
| #endif
| #include <lwp.h>
configure:10969: result: no
configure:10975: checking for mach-o/loader.h
configure:10975: gcc -m64 -c -g -O2  conftest.c >&5
conftest.c:69:10: fatal error: mach-o/loader.h: No such file or directory
   69 | #include <mach-o/loader.h>
      |          ^~~~~~~~~~~~~~~~~
compilation terminated.
configure:10975: $? = 1
configure: failed program was:
| /* confdefs.h */
| #define PACKAGE_NAME "Wine"
| #define PACKAGE_TARNAME "wine"
| #define PACKAGE_VERSION "11.15"
| #define PACKAGE_STRING "Wine 11.15"
| #define PACKAGE_BUGREPORT "wine-devel@winehq.org"
| #define PACKAGE_URL "https://www.winehq.org"
| #define EXEEXT ""
| #define HAVE_STDIO_H 1
| #define HAVE_STDLIB_H 1
| #define HAVE_STRING_H 1
| #define HAVE_INTTYPES_H 1
| #define HAVE_STDINT_H 1
| #define HAVE_STRINGS_H 1
| #define HAVE_SYS_STAT_H 1
| #define HAVE_SYS_TYPES_H 1
| #define HAVE_UNISTD_H 1
| #define STDC_HEADERS 1
| #define HAVE_ARPA_INET_H 1
| #define HAVE_ARPA_NAMESER_H 1
| #define HAVE_ASM_TERMBITS_H 1
| #define HAVE_ASM_TYPES_H 1
| #define HAVE_ELF_H 1
| #define HAVE_LINK_H 1
| #define HAVE_LINUX_CDROM_H 1
| #define HAVE_LINUX_ERRQUEUE_H 1
| #define HAVE_LINUX_FILTER_H 1
| #define HAVE_LINUX_FS_H 1
| #define HAVE_LINUX_HDREG_H 1
| #define HAVE_LINUX_HIDRAW_H 1
| #define HAVE_LINUX_INPUT_H 1
| #define HAVE_LINUX_IOCTL_H 1
| #define HAVE_LINUX_MAJOR_H 1
| #define HAVE_LINUX_MEMFD_H 1
| #define HAVE_LINUX_PARAM_H 1
| #define HAVE_LINUX_SERIAL_H 1
| #define HAVE_LINUX_TYPES_H 1
| #define HAVE_LINUX_USERFAULTFD_H 1
| #define HAVE_LINUX_WIRELESS_H 1
| /* end confdefs.h.  */
| #include <stddef.h>
| #ifdef HAVE_STDIO_H
| # include <stdio.h>
| #endif
| #ifdef HAVE_STDLIB_H
| # include <stdlib.h>
| #endif
| #ifdef HAVE_STRING_H
| # include <string.h>
| #endif
| #ifdef HAVE_INTTYPES_H
| # include <inttypes.h>
| #endif
| #ifdef HAVE_STDINT_H
| # include <stdint.h>
| #endif
| #ifdef HAVE_STRINGS_H
| # include <strings.h>
| #endif
| #ifdef HAVE_SYS_TYPES_H
| # include <sys/types.h>
| #endif
| #ifdef HAVE_SYS_STAT_H
| # include <sys/stat.h>
| #endif
| #ifdef HAVE_UNISTD_H
| # include <unistd.h>
| #endif
| #include <mach-o/loader.h>
configure:10975: result: no
configure:10981: checking for mach/mach.h
configure:10981: gcc -m64 -c -g -O2  conftest.c >&5
conftest.c:69:10: fatal error: mach/mach.h: No such file or directory
   69 | #include <mach/mach.h>
      |          ^~~~~~~~~~~~~
compilation terminated.
configure:10981: $? = 1
configure: failed program was:
| /* confdefs.h */
| #define PACKAGE_NAME "Wine"
| #define PACKAGE_TARNAME "wine"
| #define PACKAGE_VERSION "11.15"
| #define PACKAGE_STRING "Wine 11.15"
| #define PACKAGE_BUGREPORT "wine-devel@winehq.org"
| #define PACKAGE_URL "https://www.winehq.org"
| #define EXEEXT ""
| #define HAVE_STDIO_H 1
| #define HAVE_STDLIB_H 1
| #define HAVE_STRING_H 1
| #define HAVE_INTTYPES_H 1
| #define HAVE_STDINT_H 1
| #define HAVE_STRINGS_H 1
| #define HAVE_SYS_STAT_H 1
| #define HAVE_SYS_TYPES_H 1
| #define HAVE_UNISTD_H 1
| #define STDC_HEADERS 1
| #define HAVE_ARPA_INET_H 1
| #define HAVE_ARPA_NAMESER_H 1
| #define HAVE_ASM_TERMBITS_H 1
| #define HAVE_ASM_TYPES_H 1
| #define HAVE_ELF_H 1
| #define HAVE_LINK_H 1
| #define HAVE_LINUX_CDROM_H 1
| #define HAVE_LINUX_ERRQUEUE_H 1
| #define HAVE_LINUX_FILTER_H 1
| #define HAVE_LINUX_FS_H 1
| #define HAVE_LINUX_HDREG_H 1
| #define HAVE_LINUX_HIDRAW_H 1
| #define HAVE_LINUX_INPUT_H 1
| #define HAVE_LINUX_IOCTL_H 1
| #define HAVE_LINUX_MAJOR_H 1
| #define HAVE_LINUX_MEMFD_H 1
| #define HAVE_LINUX_PARAM_H 1
| #define HAVE_LINUX_SERIAL_H 1
| #define HAVE_LINUX_TYPES_H 1
| #define HAVE_LINUX_USERFAULTFD_H 1
| #define HAVE_LINUX_WIRELESS_H 1
| /* end confdefs.h.  */
| #include <stddef.h>
| #ifdef HAVE_STDIO_H
| # include <stdio.h>
| #endif
| #ifdef HAVE_STDLIB_H
| # include <stdlib.h>
| #endif
| #ifdef HAVE_STRING_H
| # include <string.h>
| #endif
| #ifdef HAVE_INTTYPES_H
| # include <inttypes.h>
| #endif
| #ifdef HAVE_STDINT_H
| # include <stdint.h>
| #endif
| #ifdef HAVE_STRINGS_H
| # include <strings.h>
| #endif
| #ifdef HAVE_SYS_TYPES_H
| # include <sys/types.h>
| #endif
| #ifdef HAVE_SYS_STAT_H
| # include <sys/stat.h>
| #endif
| #ifdef HAVE_UNISTD_H
| # include <unistd.h>
| #endif
| #include <mach/mach.h>
configure:10981: result: no
configure:10987: checking for machine/cpu.h
configure:10987: gcc -m64 -c -g -O2  conftest.c >&5
conftest.c:69:10: fatal error: machine/cpu.h: No such file or directory
   69 | #include <machine/cpu.h>
      |          ^~~~~~~~~~~~~~~
compilation terminated.
configure:10987: $? = 1
configure: failed program was:
| /* confdefs.h */
| #define PACKAGE_NAME "Wine"
| #define PACKAGE_TARNAME "wine"
| #define PACKAGE_VERSION "11.15"
| #define PACKAGE_STRING "Wine 11.15"
| #define PACKAGE_BUGREPORT "wine-devel@winehq.org"
| #define PACKAGE_URL "https://www.winehq.org"
| #define EXEEXT ""
| #define HAVE_STDIO_H 1
| #define HAVE_STDLIB_H 1
| #define HAVE_STRING_H 1
| #define HAVE_INTTYPES_H 1
| #define HAVE_STDINT_H 1
| #define HAVE_STRINGS_H 1
| #define HAVE_SYS_STAT_H 1
| #define HAVE_SYS_TYPES_H 1
| #define HAVE_UNISTD_H 1
| #define STDC_HEADERS 1
| #define HAVE_ARPA_INET_H 1
| #define HAVE_ARPA_NAMESER_H 1
| #define HAVE_ASM_TERMBITS_H 1
| #define HAVE_ASM_TYPES_H 1
| #define HAVE_ELF_H 1
| #define HAVE_LINK_H 1
| #define HAVE_LINUX_CDROM_H 1
| #define HAVE_LINUX_ERRQUEUE_H 1
| #define HAVE_LINUX_FILTER_H 1
| #define HAVE_LINUX_FS_H 1
| #define HAVE_LINUX_HDREG_H 1
| #define HAVE_LINUX_HIDRAW_H 1
| #define HAVE_LINUX_INPUT_H 1
| #define HAVE_LINUX_IOCTL_H 1
| #define HAVE_LINUX_MAJOR_H 1
| #define HAVE_LINUX_MEMFD_H 1
| #define HAVE_LINUX_PARAM_H 1
| #define HAVE_LINUX_SERIAL_H 1
| #define HAVE_LINUX_TYPES_H 1
| #define HAVE_LINUX_USERFAULTFD_H 1
| #define HAVE_LINUX_WIRELESS_H 1
| /* end confdefs.h.  */
| #include <stddef.h>
| #ifdef HAVE_STDIO_H
| # include <stdio.h>
| #endif
| #ifdef HAVE_STDLIB_H
| # include <stdlib.h>
| #endif
| #ifdef HAVE_STRING_H
| # include <string.h>
| #endif
| #ifdef HAVE_INTTYPES_H
| # include <inttypes.h>
| #endif
| #ifdef HAVE_STDINT_H
| # include <stdint.h>
| #endif
| #ifdef HAVE_STRINGS_H
| # include <strings.h>
| #endif
| #ifdef HAVE_SYS_TYPES_H
| # include <sys/types.h>
| #endif
| #ifdef HAVE_SYS_STAT_H
| # include <sys/stat.h>
| #endif
| #ifdef HAVE_UNISTD_H
| # include <unistd.h>
| #endif
| #include <machine/cpu.h>
configure:10987: result: no
configure:10993: checking for machine/sysarch.h
configure:10993: gcc -m64 -c -g -O2  conftest.c >&5
conftest.c:69:10: fatal error: machine/sysarch.h: No such file or directory
   69 | #include <machine/sysarch.h>
      |          ^~~~~~~~~~~~~~~~~~~
compilation terminated.
configure:10993: $? = 1
configure: failed program was:
| /* confdefs.h */
| #define PACKAGE_NAME "Wine"
| #define PACKAGE_TARNAME "wine"
| #define PACKAGE_VERSION "11.15"
| #define PACKAGE_STRING "Wine 11.15"
| #define PACKAGE_BUGREPORT "wine-devel@winehq.org"
| #define PACKAGE_URL "https://www.winehq.org"
| #define EXEEXT ""
| #define HAVE_STDIO_H 1
| #define HAVE_STDLIB_H 1
| #define HAVE_STRING_H 1
| #define HAVE_INTTYPES_H 1
| #define HAVE_STDINT_H 1
| #define HAVE_STRINGS_H 1
| #define HAVE_SYS_STAT_H 1
| #define HAVE_SYS_TYPES_H 1
| #define HAVE_UNISTD_H 1
| #define STDC_HEADERS 1
| #define HAVE_ARPA_INET_H 1
| #define HAVE_ARPA_NAMESER_H 1
| #define HAVE_ASM_TERMBITS_H 1
| #define HAVE_ASM_TYPES_H 1
| #define HAVE_ELF_H 1
| #define HAVE_LINK_H 1
| #define HAVE_LINUX_CDROM_H 1
| #define HAVE_LINUX_ERRQUEUE_H 1
| #define HAVE_LINUX_FILTER_H 1
| #define HAVE_LINUX_FS_H 1
| #define HAVE_LINUX_HDREG_H 1
| #define HAVE_LINUX_HIDRAW_H 1
| #define HAVE_LINUX_INPUT_H 1
| #define HAVE_LINUX_IOCTL_H 1
| #define HAVE_LINUX_MAJOR_H 1
| #define HAVE_LINUX_MEMFD_H 1
| #define HAVE_LINUX_PARAM_H 1
| #define HAVE_LINUX_SERIAL_H 1
| #define HAVE_LINUX_TYPES_H 1
| #define HAVE_LINUX_USERFAULTFD_H 1
| #define HAVE_LINUX_WIRELESS_H 1
| /* end confdefs.h.  */
| #include <stddef.h>
| #ifdef HAVE_STDIO_H
| # include <stdio.h>
| #endif
| #ifdef HAVE_STDLIB_H
| # include <stdlib.h>
| #endif
| #ifdef HAVE_STRING_H
| # include <string.h>
| #endif
| #ifdef HAVE_INTTYPES_H
| # include <inttypes.h>
| #endif
| #ifdef HAVE_STDINT_H
| # include <stdint.h>
| #endif
| #ifdef HAVE_STRINGS_H
| # include <strings.h>
| #endif
| #ifdef HAVE_SYS_TYPES_H
| # include <sys/types.h>
| #endif
| #ifdef HAVE_SYS_STAT_H
| # include <sys/stat.h>
| #endif
| #ifdef HAVE_UNISTD_H
| # include <unistd.h>
| #endif
| #include <machine/sysarch.h>
configure:10993: result: no
configure:10999: checking for mntent.h
configure:10999: gcc -m64 -c -g -O2  conftest.c >&5
configure:10999: $? = 0
configure:10999: result: yes
configure:11005: checking for netdb.h
configure:11005: gcc -m64 -c -g -O2  conftest.c >&5
configure:11005: $? = 0
configure:11005: result: yes
configure:11011: checking for netinet/in.h
configure:11011: gcc -m64 -c -g -O2  conftest.c >&5
configure:11011: $? = 0
configure:11011: result: yes
configure:11017: checking for netinet/in_systm.h
configure:11017: gcc -m64 -c -g -O2  conftest.c >&5
configure:11017: $? = 0
configure:11017: result: yes
configure:11023: checking for netinet/tcp.h
configure:11023: gcc -m64 -c -g -O2  conftest.c >&5
configure:11023: $? = 0
configure:11023: result: yes
configure:11029: checking for netinet/tcp_fsm.h
configure:11029: gcc -m64 -c -g -O2  conftest.c >&5
conftest.c:74:10: fatal error: netinet/tcp_fsm.h: No such file or directory
   74 | #include <netinet/tcp_fsm.h>
      |          ^~~~~~~~~~~~~~~~~~~
compilation terminated.
configure:11029: $? = 1
configure: failed program was:
| /* confdefs.h */
| #define PACKAGE_NAME "Wine"
| #define PACKAGE_TARNAME "wine"
| #define PACKAGE_VERSION "11.15"
| #define PACKAGE_STRING "Wine 11.15"
| #define PACKAGE_BUGREPORT "wine-devel@winehq.org"
| #define PACKAGE_URL "https://www.winehq.org"
| #define EXEEXT ""
| #define HAVE_STDIO_H 1
| #define HAVE_STDLIB_H 1
| #define HAVE_STRING_H 1
| #define HAVE_INTTYPES_H 1
| #define HAVE_STDINT_H 1
| #define HAVE_STRINGS_H 1
| #define HAVE_SYS_STAT_H 1
| #define HAVE_SYS_TYPES_H 1
| #define HAVE_UNISTD_H 1
| #define STDC_HEADERS 1
| #define HAVE_ARPA_INET_H 1
| #define HAVE_ARPA_NAMESER_H 1
| #define HAVE_ASM_TERMBITS_H 1
| #define HAVE_ASM_TYPES_H 1
| #define HAVE_ELF_H 1
| #define HAVE_LINK_H 1
| #define HAVE_LINUX_CDROM_H 1
| #define HAVE_LINUX_ERRQUEUE_H 1
| #define HAVE_LINUX_FILTER_H 1
| #define HAVE_LINUX_FS_H 1
| #define HAVE_LINUX_HDREG_H 1
| #define HAVE_LINUX_HIDRAW_H 1
| #define HAVE_LINUX_INPUT_H 1
| #define HAVE_LINUX_IOCTL_H 1
| #define HAVE_LINUX_MAJOR_H 1
| #define HAVE_LINUX_MEMFD_H 1
| #define HAVE_LINUX_PARAM_H 1
| #define HAVE_LINUX_SERIAL_H 1
| #define HAVE_LINUX_TYPES_H 1
| #define HAVE_LINUX_USERFAULTFD_H 1
| #define HAVE_LINUX_WIRELESS_H 1
| #define HAVE_MNTENT_H 1
| #define HAVE_NETDB_H 1
| #define HAVE_NETINET_IN_H 1
| #define HAVE_NETINET_IN_SYSTM_H 1
| #define HAVE_NETINET_TCP_H 1
| /* end confdefs.h.  */
| #include <stddef.h>
| #ifdef HAVE_STDIO_H
| # include <stdio.h>
| #endif
| #ifdef HAVE_STDLIB_H
| # include <stdlib.h>
| #endif
| #ifdef HAVE_STRING_H
| # include <string.h>
| #endif
| #ifdef HAVE_INTTYPES_H
| # include <inttypes.h>
| #endif
| #ifdef HAVE_STDINT_H
| # include <stdint.h>
| #endif
| #ifdef HAVE_STRINGS_H
| # include <strings.h>
| #endif
| #ifdef HAVE_SYS_TYPES_H
| # include <sys/types.h>
| #endif
| #ifdef HAVE_SYS_STAT_H
| # include <sys/stat.h>
| #endif
| #ifdef HAVE_UNISTD_H
| # include <unistd.h>
| #endif
| #include <netinet/tcp_fsm.h>
configure:11029: result: no
configure:11035: checking for port.h
configure:11035: gcc -m64 -c -g -O2  conftest.c >&5
conftest.c:74:10: fatal error: port.h: No such file or directory
   74 | #include <port.h>
      |          ^~~~~~~~
compilation terminated.
configure:11035: $? = 1
configure: failed program was:
| /* confdefs.h */
| #define PACKAGE_NAME "Wine"
| #define PACKAGE_TARNAME "wine"
| #define PACKAGE_VERSION "11.15"
| #define PACKAGE_STRING "Wine 11.15"
| #define PACKAGE_BUGREPORT "wine-devel@winehq.org"
| #define PACKAGE_URL "https://www.winehq.org"
| #define EXEEXT ""
| #define HAVE_STDIO_H 1
| #define HAVE_STDLIB_H 1
| #define HAVE_STRING_H 1
| #define HAVE_INTTYPES_H 1
| #define HAVE_STDINT_H 1
| #define HAVE_STRINGS_H 1
| #define HAVE_SYS_STAT_H 1
| #define HAVE_SYS_TYPES_H 1
| #define HAVE_UNISTD_H 1
| #define STDC_HEADERS 1
| #define HAVE_ARPA_INET_H 1
| #define HAVE_ARPA_NAMESER_H 1
| #define HAVE_ASM_TERMBITS_H 1
| #define HAVE_ASM_TYPES_H 1
| #define HAVE_ELF_H 1
| #define HAVE_LINK_H 1
| #define HAVE_LINUX_CDROM_H 1
| #define HAVE_LINUX_ERRQUEUE_H 1
| #define HAVE_LINUX_FILTER_H 1
| #define HAVE_LINUX_FS_H 1
| #define HAVE_LINUX_HDREG_H 1
| #define HAVE_LINUX_HIDRAW_H 1
| #define HAVE_LINUX_INPUT_H 1
| #define HAVE_LINUX_IOCTL_H 1
| #define HAVE_LINUX_MAJOR_H 1
| #define HAVE_LINUX_MEMFD_H 1
| #define HAVE_LINUX_PARAM_H 1
| #define HAVE_LINUX_SERIAL_H 1
| #define HAVE_LINUX_TYPES_H 1
| #define HAVE_LINUX_USERFAULTFD_H 1
| #define HAVE_LINUX_WIRELESS_H 1
| #define HAVE_MNTENT_H 1
| #define HAVE_NETDB_H 1
| #define HAVE_NETINET_IN_H 1
| #define HAVE_NETINET_IN_SYSTM_H 1
| #define HAVE_NETINET_TCP_H 1
| /* end confdefs.h.  */
| #include <stddef.h>
| #ifdef HAVE_STDIO_H
| # include <stdio.h>
| #endif
| #ifdef HAVE_STDLIB_H
| # include <stdlib.h>
| #endif
| #ifdef HAVE_STRING_H
| # include <string.h>
| #endif
| #ifdef HAVE_INTTYPES_H
| # include <inttypes.h>
| #endif
| #ifdef HAVE_STDINT_H
| # include <stdint.h>
| #endif
| #ifdef HAVE_STRINGS_H
| # include <strings.h>
| #endif
| #ifdef HAVE_SYS_TYPES_H
| # include <sys/types.h>
| #endif
| #ifdef HAVE_SYS_STAT_H
| # include <sys/stat.h>
| #endif
| #ifdef HAVE_UNISTD_H
| # include <unistd.h>
| #endif
| #include <port.h>
configure:11035: result: no
configure:11041: checking for pwd.h
configure:11041: gcc -m64 -c -g -O2  conftest.c >&5
configure:11041: $? = 0
configure:11041: result: yes
configure:11047: checking for sched.h
configure:11047: gcc -m64 -c -g -O2  conftest.c >&5
configure:11047: $? = 0
configure:11047: result: yes
configure:11053: checking for scsi/scsi.h
configure:11053: gcc -m64 -c -g -O2  conftest.c >&5
configure:11053: $? = 0
configure:11053: result: yes
configure:11059: checking for scsi/scsi_ioctl.h
configure:11059: gcc -m64 -c -g -O2  conftest.c >&5
configure:11059: $? = 0
configure:11059: result: yes
configure:11065: checking for scsi/sg.h
configure:11065: gcc -m64 -c -g -O2  conftest.c >&5
configure:11065: $? = 0
configure:11065: result: yes
configure:11071: checking for sys/attr.h
configure:11071: gcc -m64 -c -g -O2  conftest.c >&5
conftest.c:79:10: fatal error: sys/attr.h: No such file or directory
   79 | #include <sys/attr.h>
      |          ^~~~~~~~~~~~
compilation terminated.
configure:11071: $? = 1
configure: failed program was:
| /* confdefs.h */
| #define PACKAGE_NAME "Wine"
| #define PACKAGE_TARNAME "wine"
| #define PACKAGE_VERSION "11.15"
| #define PACKAGE_STRING "Wine 11.15"
| #define PACKAGE_BUGREPORT "wine-devel@winehq.org"
| #define PACKAGE_URL "https://www.winehq.org"
| #define EXEEXT ""
| #define HAVE_STDIO_H 1
| #define HAVE_STDLIB_H 1
| #define HAVE_STRING_H 1
| #define HAVE_INTTYPES_H 1
| #define HAVE_STDINT_H 1
| #define HAVE_STRINGS_H 1
| #define HAVE_SYS_STAT_H 1
| #define HAVE_SYS_TYPES_H 1
| #define HAVE_UNISTD_H 1
| #define STDC_HEADERS 1
| #define HAVE_ARPA_INET_H 1
| #define HAVE_ARPA_NAMESER_H 1
| #define HAVE_ASM_TERMBITS_H 1
| #define HAVE_ASM_TYPES_H 1
| #define HAVE_ELF_H 1
| #define HAVE_LINK_H 1
| #define HAVE_LINUX_CDROM_H 1
| #define HAVE_LINUX_ERRQUEUE_H 1
| #define HAVE_LINUX_FILTER_H 1
| #define HAVE_LINUX_FS_H 1
| #define HAVE_LINUX_HDREG_H 1
| #define HAVE_LINUX_HIDRAW_H 1
| #define HAVE_LINUX_INPUT_H 1
| #define HAVE_LINUX_IOCTL_H 1
| #define HAVE_LINUX_MAJOR_H 1
| #define HAVE_LINUX_MEMFD_H 1
| #define HAVE_LINUX_PARAM_H 1
| #define HAVE_LINUX_SERIAL_H 1
| #define HAVE_LINUX_TYPES_H 1
| #define HAVE_LINUX_USERFAULTFD_H 1
| #define HAVE_LINUX_WIRELESS_H 1
| #define HAVE_MNTENT_H 1
| #define HAVE_NETDB_H 1
| #define HAVE_NETINET_IN_H 1
| #define HAVE_NETINET_IN_SYSTM_H 1
| #define HAVE_NETINET_TCP_H 1
| #define HAVE_PWD_H 1
| #define HAVE_SCHED_H 1
| #define HAVE_SCSI_SCSI_H 1
| #define HAVE_SCSI_SCSI_IOCTL_H 1
| #define HAVE_SCSI_SG_H 1
| /* end confdefs.h.  */
| #include <stddef.h>
| #ifdef HAVE_STDIO_H
| # include <stdio.h>
| #endif
| #ifdef HAVE_STDLIB_H
| # include <stdlib.h>
| #endif
| #ifdef HAVE_STRING_H
| # include <string.h>
| #endif
| #ifdef HAVE_INTTYPES_H
| # include <inttypes.h>
| #endif
| #ifdef HAVE_STDINT_H
| # include <stdint.h>
| #endif
| #ifdef HAVE_STRINGS_H
| # include <strings.h>
| #endif
| #ifdef HAVE_SYS_TYPES_H
| # include <sys/types.h>
| #endif
| #ifdef HAVE_SYS_STAT_H
| # include <sys/stat.h>
| #endif
| #ifdef HAVE_UNISTD_H
| # include <unistd.h>
| #endif
| #include <sys/attr.h>
configure:11071: result: no
configure:11077: checking for sys/auxv.h
configure:11077: gcc -m64 -c -g -O2  conftest.c >&5
configure:11077: $? = 0
configure:11077: result: yes
configure:11083: checking for sys/cdio.h
configure:11083: gcc -m64 -c -g -O2  conftest.c >&5
conftest.c:80:10: fatal error: sys/cdio.h: No such file or directory
   80 | #include <sys/cdio.h>
      |          ^~~~~~~~~~~~
compilation terminated.
configure:11083: $? = 1
configure: failed program was:
| /* confdefs.h */
| #define PACKAGE_NAME "Wine"
| #define PACKAGE_TARNAME "wine"
| #define PACKAGE_VERSION "11.15"
| #define PACKAGE_STRING "Wine 11.15"
| #define PACKAGE_BUGREPORT "wine-devel@winehq.org"
| #define PACKAGE_URL "https://www.winehq.org"
| #define EXEEXT ""
| #define HAVE_STDIO_H 1
| #define HAVE_STDLIB_H 1
| #define HAVE_STRING_H 1
| #define HAVE_INTTYPES_H 1
| #define HAVE_STDINT_H 1
| #define HAVE_STRINGS_H 1
| #define HAVE_SYS_STAT_H 1
| #define HAVE_SYS_TYPES_H 1
| #define HAVE_UNISTD_H 1
| #define STDC_HEADERS 1
| #define HAVE_ARPA_INET_H 1
| #define HAVE_ARPA_NAMESER_H 1
| #define HAVE_ASM_TERMBITS_H 1
| #define HAVE_ASM_TYPES_H 1
| #define HAVE_ELF_H 1
| #define HAVE_LINK_H 1
| #define HAVE_LINUX_CDROM_H 1
| #define HAVE_LINUX_ERRQUEUE_H 1
| #define HAVE_LINUX_FILTER_H 1
| #define HAVE_LINUX_FS_H 1
| #define HAVE_LINUX_HDREG_H 1
| #define HAVE_LINUX_HIDRAW_H 1
| #define HAVE_LINUX_INPUT_H 1
| #define HAVE_LINUX_IOCTL_H 1
| #define HAVE_LINUX_MAJOR_H 1
| #define HAVE_LINUX_MEMFD_H 1
| #define HAVE_LINUX_PARAM_H 1
| #define HAVE_LINUX_SERIAL_H 1
| #define HAVE_LINUX_TYPES_H 1
| #define HAVE_LINUX_USERFAULTFD_H 1
| #define HAVE_LINUX_WIRELESS_H 1
| #define HAVE_MNTENT_H 1
| #define HAVE_NETDB_H 1
| #define HAVE_NETINET_IN_H 1
| #define HAVE_NETINET_IN_SYSTM_H 1
| #define HAVE_NETINET_TCP_H 1
| #define HAVE_PWD_H 1
| #define HAVE_SCHED_H 1
| #define HAVE_SCSI_SCSI_H 1
| #define HAVE_SCSI_SCSI_IOCTL_H 1
| #define HAVE_SCSI_SG_H 1
| #define HAVE_SYS_AUXV_H 1
| /* end confdefs.h.  */
| #include <stddef.h>
| #ifdef HAVE_STDIO_H
| # include <stdio.h>
| #endif
| #ifdef HAVE_STDLIB_H
| # include <stdlib.h>
| #endif
| #ifdef HAVE_STRING_H
| # include <string.h>
| #endif
| #ifdef HAVE_INTTYPES_H
| # include <inttypes.h>
| #endif
| #ifdef HAVE_STDINT_H
| # include <stdint.h>
| #endif
| #ifdef HAVE_STRINGS_H
| # include <strings.h>
| #endif
| #ifdef HAVE_SYS_TYPES_H
| # include <sys/types.h>
| #endif
| #ifdef HAVE_SYS_STAT_H
| # include <sys/stat.h>
| #endif
| #ifdef HAVE_UNISTD_H
| # include <unistd.h>
| #endif
| #include <sys/cdio.h>
configure:11083: result: no
configure:11089: checking for sys/epoll.h
configure:11089: gcc -m64 -c -g -O2  conftest.c >&5
configure:11089: $? = 0
configure:11089: result: yes
configure:11095: checking for sys/event.h
configure:11095: gcc -m64 -c -g -O2  conftest.c >&5
conftest.c:81:10: fatal error: sys/event.h: No such file or directory
   81 | #include <sys/event.h>
      |          ^~~~~~~~~~~~~
compilation terminated.
configure:11095: $? = 1
configure: failed program was:
| /* confdefs.h */
| #define PACKAGE_NAME "Wine"
| #define PACKAGE_TARNAME "wine"
| #define PACKAGE_VERSION "11.15"
| #define PACKAGE_STRING "Wine 11.15"
| #define PACKAGE_BUGREPORT "wine-devel@winehq.org"
| #define PACKAGE_URL "https://www.winehq.org"
| #define EXEEXT ""
| #define HAVE_STDIO_H 1
| #define HAVE_STDLIB_H 1
| #define HAVE_STRING_H 1
| #define HAVE_INTTYPES_H 1
| #define HAVE_STDINT_H 1
| #define HAVE_STRINGS_H 1
| #define HAVE_SYS_STAT_H 1
| #define HAVE_SYS_TYPES_H 1
| #define HAVE_UNISTD_H 1
| #define STDC_HEADERS 1
| #define HAVE_ARPA_INET_H 1
| #define HAVE_ARPA_NAMESER_H 1
| #define HAVE_ASM_TERMBITS_H 1
| #define HAVE_ASM_TYPES_H 1
| #define HAVE_ELF_H 1
| #define HAVE_LINK_H 1
| #define HAVE_LINUX_CDROM_H 1
| #define HAVE_LINUX_ERRQUEUE_H 1
| #define HAVE_LINUX_FILTER_H 1
| #define HAVE_LINUX_FS_H 1
| #define HAVE_LINUX_HDREG_H 1
| #define HAVE_LINUX_HIDRAW_H 1
| #define HAVE_LINUX_INPUT_H 1
| #define HAVE_LINUX_IOCTL_H 1
| #define HAVE_LINUX_MAJOR_H 1
| #define HAVE_LINUX_MEMFD_H 1
| #define HAVE_LINUX_PARAM_H 1
| #define HAVE_LINUX_SERIAL_H 1
| #define HAVE_LINUX_TYPES_H 1
| #define HAVE_LINUX_USERFAULTFD_H 1
| #define HAVE_LINUX_WIRELESS_H 1
| #define HAVE_MNTENT_H 1
| #define HAVE_NETDB_H 1
| #define HAVE_NETINET_IN_H 1
| #define HAVE_NETINET_IN_SYSTM_H 1
| #define HAVE_NETINET_TCP_H 1
| #define HAVE_PWD_H 1
| #define HAVE_SCHED_H 1
| #define HAVE_SCSI_SCSI_H 1
| #define HAVE_SCSI_SCSI_IOCTL_H 1
| #define HAVE_SCSI_SG_H 1
| #define HAVE_SYS_AUXV_H 1
| #define HAVE_SYS_EPOLL_H 1
| /* end confdefs.h.  */
| #include <stddef.h>
| #ifdef HAVE_STDIO_H
| # include <stdio.h>
| #endif
| #ifdef HAVE_STDLIB_H
| # include <stdlib.h>
| #endif
| #ifdef HAVE_STRING_H
| # include <string.h>
| #endif
| #ifdef HAVE_INTTYPES_H
| # include <inttypes.h>
| #endif
| #ifdef HAVE_STDINT_H
| # include <stdint.h>
| #endif
| #ifdef HAVE_STRINGS_H
| # include <strings.h>
| #endif
| #ifdef HAVE_SYS_TYPES_H
| # include <sys/types.h>
| #endif
| #ifdef HAVE_SYS_STAT_H
| # include <sys/stat.h>
| #endif
| #ifdef HAVE_UNISTD_H
| # include <unistd.h>
| #endif
| #include <sys/event.h>
configure:11095: result: no
configure:11101: checking for sys/extattr.h
configure:11101: gcc -m64 -c -g -O2  conftest.c >&5
conftest.c:81:10: fatal error: sys/extattr.h: No such file or directory
   81 | #include <sys/extattr.h>
      |          ^~~~~~~~~~~~~~~
compilation terminated.
configure:11101: $? = 1
configure: failed program was:
| /* confdefs.h */
| #define PACKAGE_NAME "Wine"
| #define PACKAGE_TARNAME "wine"
| #define PACKAGE_VERSION "11.15"
| #define PACKAGE_STRING "Wine 11.15"
| #define PACKAGE_BUGREPORT "wine-devel@winehq.org"
| #define PACKAGE_URL "https://www.winehq.org"
| #define EXEEXT ""
| #define HAVE_STDIO_H 1
| #define HAVE_STDLIB_H 1
| #define HAVE_STRING_H 1
| #define HAVE_INTTYPES_H 1
| #define HAVE_STDINT_H 1
| #define HAVE_STRINGS_H 1
| #define HAVE_SYS_STAT_H 1
| #define HAVE_SYS_TYPES_H 1
| #define HAVE_UNISTD_H 1
| #define STDC_HEADERS 1
| #define HAVE_ARPA_INET_H 1
| #define HAVE_ARPA_NAMESER_H 1
| #define HAVE_ASM_TERMBITS_H 1
| #define HAVE_ASM_TYPES_H 1
| #define HAVE_ELF_H 1
| #define HAVE_LINK_H 1
| #define HAVE_LINUX_CDROM_H 1
| #define HAVE_LINUX_ERRQUEUE_H 1
| #define HAVE_LINUX_FILTER_H 1
| #define HAVE_LINUX_FS_H 1
| #define HAVE_LINUX_HDREG_H 1
| #define HAVE_LINUX_HIDRAW_H 1
| #define HAVE_LINUX_INPUT_H 1
| #define HAVE_LINUX_IOCTL_H 1
| #define HAVE_LINUX_MAJOR_H 1
| #define HAVE_LINUX_MEMFD_H 1
| #define HAVE_LINUX_PARAM_H 1
| #define HAVE_LINUX_SERIAL_H 1
| #define HAVE_LINUX_TYPES_H 1
| #define HAVE_LINUX_USERFAULTFD_H 1
| #define HAVE_LINUX_WIRELESS_H 1
| #define HAVE_MNTENT_H 1
| #define HAVE_NETDB_H 1
| #define HAVE_NETINET_IN_H 1
| #define HAVE_NETINET_IN_SYSTM_H 1
| #define HAVE_NETINET_TCP_H 1
| #define HAVE_PWD_H 1
| #define HAVE_SCHED_H 1
| #define HAVE_SCSI_SCSI_H 1
| #define HAVE_SCSI_SCSI_IOCTL_H 1
| #define HAVE_SCSI_SG_H 1
| #define HAVE_SYS_AUXV_H 1
| #define HAVE_SYS_EPOLL_H 1
| /* end confdefs.h.  */
| #include <stddef.h>
| #ifdef HAVE_STDIO_H
| # include <stdio.h>
| #endif
| #ifdef HAVE_STDLIB_H
| # include <stdlib.h>
| #endif
| #ifdef HAVE_STRING_H
| # include <string.h>
| #endif
| #ifdef HAVE_INTTYPES_H
| # include <inttypes.h>
| #endif
| #ifdef HAVE_STDINT_H
| # include <stdint.h>
| #endif
| #ifdef HAVE_STRINGS_H
| # include <strings.h>
| #endif
| #ifdef HAVE_SYS_TYPES_H
| # include <sys/types.h>
| #endif
| #ifdef HAVE_SYS_STAT_H
| # include <sys/stat.h>
| #endif
| #ifdef HAVE_UNISTD_H
| # include <unistd.h>
| #endif
| #include <sys/extattr.h>
configure:11101: result: no
configure:11107: checking for sys/filio.h
configure:11107: gcc -m64 -c -g -O2  conftest.c >&5
conftest.c:81:10: fatal error: sys/filio.h: No such file or directory
   81 | #include <sys/filio.h>
      |          ^~~~~~~~~~~~~
compilation terminated.
configure:11107: $? = 1
configure: failed program was:
| /* confdefs.h */
| #define PACKAGE_NAME "Wine"
| #define PACKAGE_TARNAME "wine"
| #define PACKAGE_VERSION "11.15"
| #define PACKAGE_STRING "Wine 11.15"
| #define PACKAGE_BUGREPORT "wine-devel@winehq.org"
| #define PACKAGE_URL "https://www.winehq.org"
| #define EXEEXT ""
| #define HAVE_STDIO_H 1
| #define HAVE_STDLIB_H 1
| #define HAVE_STRING_H 1
| #define HAVE_INTTYPES_H 1
| #define HAVE_STDINT_H 1
| #define HAVE_STRINGS_H 1
| #define HAVE_SYS_STAT_H 1
| #define HAVE_SYS_TYPES_H 1
| #define HAVE_UNISTD_H 1
| #define STDC_HEADERS 1
| #define HAVE_ARPA_INET_H 1
| #define HAVE_ARPA_NAMESER_H 1
| #define HAVE_ASM_TERMBITS_H 1
| #define HAVE_ASM_TYPES_H 1
| #define HAVE_ELF_H 1
| #define HAVE_LINK_H 1
| #define HAVE_LINUX_CDROM_H 1
| #define HAVE_LINUX_ERRQUEUE_H 1
| #define HAVE_LINUX_FILTER_H 1
| #define HAVE_LINUX_FS_H 1
| #define HAVE_LINUX_HDREG_H 1
| #define HAVE_LINUX_HIDRAW_H 1
| #define HAVE_LINUX_INPUT_H 1
| #define HAVE_LINUX_IOCTL_H 1
| #define HAVE_LINUX_MAJOR_H 1
| #define HAVE_LINUX_MEMFD_H 1
| #define HAVE_LINUX_PARAM_H 1
| #define HAVE_LINUX_SERIAL_H 1
| #define HAVE_LINUX_TYPES_H 1
| #define HAVE_LINUX_USERFAULTFD_H 1
| #define HAVE_LINUX_WIRELESS_H 1
| #define HAVE_MNTENT_H 1
| #define HAVE_NETDB_H 1
| #define HAVE_NETINET_IN_H 1
| #define HAVE_NETINET_IN_SYSTM_H 1
| #define HAVE_NETINET_TCP_H 1
| #define HAVE_PWD_H 1
| #define HAVE_SCHED_H 1
| #define HAVE_SCSI_SCSI_H 1
| #define HAVE_SCSI_SCSI_IOCTL_H 1
| #define HAVE_SCSI_SG_H 1
| #define HAVE_SYS_AUXV_H 1
| #define HAVE_SYS_EPOLL_H 1
| /* end confdefs.h.  */
| #include <stddef.h>
| #ifdef HAVE_STDIO_H
| # include <stdio.h>
| #endif
| #ifdef HAVE_STDLIB_H
| # include <stdlib.h>
| #endif
| #ifdef HAVE_STRING_H
| # include <string.h>
| #endif
| #ifdef HAVE_INTTYPES_H
| # include <inttypes.h>
| #endif
| #ifdef HAVE_STDINT_H
| # include <stdint.h>
| #endif
| #ifdef HAVE_STRINGS_H
| # include <strings.h>
| #endif
| #ifdef HAVE_SYS_TYPES_H
| # include <sys/types.h>
| #endif
| #ifdef HAVE_SYS_STAT_H
| # include <sys/stat.h>
| #endif
| #ifdef HAVE_UNISTD_H
| # include <unistd.h>
| #endif
| #include <sys/filio.h>
configure:11107: result: no
configure:11113: checking for sys/ipc.h
configure:11113: gcc -m64 -c -g -O2  conftest.c >&5
configure:11113: $? = 0
configure:11113: result: yes
configure:11119: checking for sys/link.h
configure:11119: gcc -m64 -c -g -O2  conftest.c >&5
conftest.c:82:10: fatal error: sys/link.h: No such file or directory
   82 | #include <sys/link.h>
      |          ^~~~~~~~~~~~
compilation terminated.
configure:11119: $? = 1
configure: failed program was:
| /* confdefs.h */
| #define PACKAGE_NAME "Wine"
| #define PACKAGE_TARNAME "wine"
| #define PACKAGE_VERSION "11.15"
| #define PACKAGE_STRING "Wine 11.15"
| #define PACKAGE_BUGREPORT "wine-devel@winehq.org"
| #define PACKAGE_URL "https://www.winehq.org"
| #define EXEEXT ""
| #define HAVE_STDIO_H 1
| #define HAVE_STDLIB_H 1
| #define HAVE_STRING_H 1
| #define HAVE_INTTYPES_H 1
| #define HAVE_STDINT_H 1
| #define HAVE_STRINGS_H 1
| #define HAVE_SYS_STAT_H 1
| #define HAVE_SYS_TYPES_H 1
| #define HAVE_UNISTD_H 1
| #define STDC_HEADERS 1
| #define HAVE_ARPA_INET_H 1
| #define HAVE_ARPA_NAMESER_H 1
| #define HAVE_ASM_TERMBITS_H 1
| #define HAVE_ASM_TYPES_H 1
| #define HAVE_ELF_H 1
| #define HAVE_LINK_H 1
| #define HAVE_LINUX_CDROM_H 1
| #define HAVE_LINUX_ERRQUEUE_H 1
| #define HAVE_LINUX_FILTER_H 1
| #define HAVE_LINUX_FS_H 1
| #define HAVE_LINUX_HDREG_H 1
| #define HAVE_LINUX_HIDRAW_H 1
| #define HAVE_LINUX_INPUT_H 1
| #define HAVE_LINUX_IOCTL_H 1
| #define HAVE_LINUX_MAJOR_H 1
| #define HAVE_LINUX_MEMFD_H 1
| #define HAVE_LINUX_PARAM_H 1
| #define HAVE_LINUX_SERIAL_H 1
| #define HAVE_LINUX_TYPES_H 1
| #define HAVE_LINUX_USERFAULTFD_H 1
| #define HAVE_LINUX_WIRELESS_H 1
| #define HAVE_MNTENT_H 1
| #define HAVE_NETDB_H 1
| #define HAVE_NETINET_IN_H 1
| #define HAVE_NETINET_IN_SYSTM_H 1
| #define HAVE_NETINET_TCP_H 1
| #define HAVE_PWD_H 1
| #define HAVE_SCHED_H 1
| #define HAVE_SCSI_SCSI_H 1
| #define HAVE_SCSI_SCSI_IOCTL_H 1
| #define HAVE_SCSI_SG_H 1
| #define HAVE_SYS_AUXV_H 1
| #define HAVE_SYS_EPOLL_H 1
| #define HAVE_SYS_IPC_H 1
| /* end confdefs.h.  */
| #include <stddef.h>
| #ifdef HAVE_STDIO_H
| # include <stdio.h>
| #endif
| #ifdef HAVE_STDLIB_H
| # include <stdlib.h>
| #endif
| #ifdef HAVE_STRING_H
| # include <string.h>
| #endif
| #ifdef HAVE_INTTYPES_H
| # include <inttypes.h>
| #endif
| #ifdef HAVE_STDINT_H
| # include <stdint.h>
| #endif
| #ifdef HAVE_STRINGS_H
| # include <strings.h>
| #endif
| #ifdef HAVE_SYS_TYPES_H
| # include <sys/types.h>
| #endif
| #ifdef HAVE_SYS_STAT_H
| # include <sys/stat.h>
| #endif
| #ifdef HAVE_UNISTD_H
| # include <unistd.h>
| #endif
| #include <sys/link.h>
configure:11119: result: no
configure:11125: checking for sys/modem.h
configure:11125: gcc -m64 -c -g -O2  conftest.c >&5
conftest.c:82:10: fatal error: sys/modem.h: No such file or directory
   82 | #include <sys/modem.h>
      |          ^~~~~~~~~~~~~
compilation terminated.
configure:11125: $? = 1
configure: failed program was:
| /* confdefs.h */
| #define PACKAGE_NAME "Wine"
| #define PACKAGE_TARNAME "wine"
| #define PACKAGE_VERSION "11.15"
| #define PACKAGE_STRING "Wine 11.15"
| #define PACKAGE_BUGREPORT "wine-devel@winehq.org"
| #define PACKAGE_URL "https://www.winehq.org"
| #define EXEEXT ""
| #define HAVE_STDIO_H 1
| #define HAVE_STDLIB_H 1
| #define HAVE_STRING_H 1
| #define HAVE_INTTYPES_H 1
| #define HAVE_STDINT_H 1
| #define HAVE_STRINGS_H 1
| #define HAVE_SYS_STAT_H 1
| #define HAVE_SYS_TYPES_H 1
| #define HAVE_UNISTD_H 1
| #define STDC_HEADERS 1
| #define HAVE_ARPA_INET_H 1
| #define HAVE_ARPA_NAMESER_H 1
| #define HAVE_ASM_TERMBITS_H 1
| #define HAVE_ASM_TYPES_H 1
| #define HAVE_ELF_H 1
| #define HAVE_LINK_H 1
| #define HAVE_LINUX_CDROM_H 1
| #define HAVE_LINUX_ERRQUEUE_H 1
| #define HAVE_LINUX_FILTER_H 1
| #define HAVE_LINUX_FS_H 1
| #define HAVE_LINUX_HDREG_H 1
| #define HAVE_LINUX_HIDRAW_H 1
| #define HAVE_LINUX_INPUT_H 1
| #define HAVE_LINUX_IOCTL_H 1
| #define HAVE_LINUX_MAJOR_H 1
| #define HAVE_LINUX_MEMFD_H 1
| #define HAVE_LINUX_PARAM_H 1
| #define HAVE_LINUX_SERIAL_H 1
| #define HAVE_LINUX_TYPES_H 1
| #define HAVE_LINUX_USERFAULTFD_H 1
| #define HAVE_LINUX_WIRELESS_H 1
| #define HAVE_MNTENT_H 1
| #define HAVE_NETDB_H 1
| #define HAVE_NETINET_IN_H 1
| #define HAVE_NETINET_IN_SYSTM_H 1
| #define HAVE_NETINET_TCP_H 1
| #define HAVE_PWD_H 1
| #define HAVE_SCHED_H 1
| #define HAVE_SCSI_SCSI_H 1
| #define HAVE_SCSI_SCSI_IOCTL_H 1
| #define HAVE_SCSI_SG_H 1
| #define HAVE_SYS_AUXV_H 1
| #define HAVE_SYS_EPOLL_H 1
| #define HAVE_SYS_IPC_H 1
| /* end confdefs.h.  */
| #include <stddef.h>
| #ifdef HAVE_STDIO_H
| # include <stdio.h>
| #endif
| #ifdef HAVE_STDLIB_H
| # include <stdlib.h>
| #endif
| #ifdef HAVE_STRING_H
| # include <string.h>
| #endif
| #ifdef HAVE_INTTYPES_H
| # include <inttypes.h>
| #endif
| #ifdef HAVE_STDINT_H
| # include <stdint.h>
| #endif
| #ifdef HAVE_STRINGS_H
| # include <strings.h>
| #endif
| #ifdef HAVE_SYS_TYPES_H
| # include <sys/types.h>
| #endif
| #ifdef HAVE_SYS_STAT_H
| # include <sys/stat.h>
| #endif
| #ifdef HAVE_UNISTD_H
| # include <unistd.h>
| #endif
| #include <sys/modem.h>
configure:11125: result: no
configure:11131: checking for sys/mtio.h
configure:11131: gcc -m64 -c -g -O2  conftest.c >&5
configure:11131: $? = 0
configure:11131: result: yes
configure:11137: checking for sys/param.h
configure:11137: gcc -m64 -c -g -O2  conftest.c >&5
configure:11137: $? = 0
configure:11137: result: yes
configure:11143: checking for sys/personality.h
configure:11143: gcc -m64 -c -g -O2  conftest.c >&5
configure:11143: $? = 0
configure:11143: result: yes
configure:11149: checking for sys/prctl.h
configure:11149: gcc -m64 -c -g -O2  conftest.c >&5
configure:11149: $? = 0
configure:11149: result: yes
configure:11155: checking for sys/ptrace.h
configure:11155: gcc -m64 -c -g -O2  conftest.c >&5
configure:11155: $? = 0
configure:11155: result: yes
configure:11161: checking for sys/queue.h
configure:11161: gcc -m64 -c -g -O2  conftest.c >&5
configure:11161: $? = 0
configure:11161: result: yes
configure:11167: checking for sys/random.h
configure:11167: gcc -m64 -c -g -O2  conftest.c >&5
configure:11167: $? = 0
configure:11167: result: yes
configure:11173: checking for sys/resource.h
configure:11173: gcc -m64 -c -g -O2  conftest.c >&5
configure:11173: $? = 0
configure:11173: result: yes
configure:11179: checking for sys/scsiio.h
configure:11179: gcc -m64 -c -g -O2  conftest.c >&5
conftest.c:90:10: fatal error: sys/scsiio.h: No such file or directory
   90 | #include <sys/scsiio.h>
      |          ^~~~~~~~~~~~~~
compilation terminated.
configure:11179: $? = 1
configure: failed program was:
| /* confdefs.h */
| #define PACKAGE_NAME "Wine"
| #define PACKAGE_TARNAME "wine"
| #define PACKAGE_VERSION "11.15"
| #define PACKAGE_STRING "Wine 11.15"
| #define PACKAGE_BUGREPORT "wine-devel@winehq.org"
| #define PACKAGE_URL "https://www.winehq.org"
| #define EXEEXT ""
| #define HAVE_STDIO_H 1
| #define HAVE_STDLIB_H 1
| #define HAVE_STRING_H 1
| #define HAVE_INTTYPES_H 1
| #define HAVE_STDINT_H 1
| #define HAVE_STRINGS_H 1
| #define HAVE_SYS_STAT_H 1
| #define HAVE_SYS_TYPES_H 1
| #define HAVE_UNISTD_H 1
| #define STDC_HEADERS 1
| #define HAVE_ARPA_INET_H 1
| #define HAVE_ARPA_NAMESER_H 1
| #define HAVE_ASM_TERMBITS_H 1
| #define HAVE_ASM_TYPES_H 1
| #define HAVE_ELF_H 1
| #define HAVE_LINK_H 1
| #define HAVE_LINUX_CDROM_H 1
| #define HAVE_LINUX_ERRQUEUE_H 1
| #define HAVE_LINUX_FILTER_H 1
| #define HAVE_LINUX_FS_H 1
| #define HAVE_LINUX_HDREG_H 1
| #define HAVE_LINUX_HIDRAW_H 1
| #define HAVE_LINUX_INPUT_H 1
| #define HAVE_LINUX_IOCTL_H 1
| #define HAVE_LINUX_MAJOR_H 1
| #define HAVE_LINUX_MEMFD_H 1
| #define HAVE_LINUX_PARAM_H 1
| #define HAVE_LINUX_SERIAL_H 1
| #define HAVE_LINUX_TYPES_H 1
| #define HAVE_LINUX_USERFAULTFD_H 1
| #define HAVE_LINUX_WIRELESS_H 1
| #define HAVE_MNTENT_H 1
| #define HAVE_NETDB_H 1
| #define HAVE_NETINET_IN_H 1
| #define HAVE_NETINET_IN_SYSTM_H 1
| #define HAVE_NETINET_TCP_H 1
| #define HAVE_PWD_H 1
| #define HAVE_SCHED_H 1
| #define HAVE_SCSI_SCSI_H 1
| #define HAVE_SCSI_SCSI_IOCTL_H 1
| #define HAVE_SCSI_SG_H 1
| #define HAVE_SYS_AUXV_H 1
| #define HAVE_SYS_EPOLL_H 1
| #define HAVE_SYS_IPC_H 1
| #define HAVE_SYS_MTIO_H 1
| #define HAVE_SYS_PARAM_H 1
| #define HAVE_SYS_PERSONALITY_H 1
| #define HAVE_SYS_PRCTL_H 1
| #define HAVE_SYS_PTRACE_H 1
| #define HAVE_SYS_QUEUE_H 1
| #define HAVE_SYS_RANDOM_H 1
| #define HAVE_SYS_RESOURCE_H 1
| /* end confdefs.h.  */
| #include <stddef.h>
| #ifdef HAVE_STDIO_H
| # include <stdio.h>
| #endif
| #ifdef HAVE_STDLIB_H
| # include <stdlib.h>
| #endif
| #ifdef HAVE_STRING_H
| # include <string.h>
| #endif
| #ifdef HAVE_INTTYPES_H
| # include <inttypes.h>
| #endif
| #ifdef HAVE_STDINT_H
| # include <stdint.h>
| #endif
| #ifdef HAVE_STRINGS_H
| # include <strings.h>
| #endif
| #ifdef HAVE_SYS_TYPES_H
| # include <sys/types.h>
| #endif
| #ifdef HAVE_SYS_STAT_H
| # include <sys/stat.h>
| #endif
| #ifdef HAVE_UNISTD_H
| # include <unistd.h>
| #endif
| #include <sys/scsiio.h>
configure:11179: result: no
configure:11185: checking for sys/shm.h
configure:11185: gcc -m64 -c -g -O2  conftest.c >&5
configure:11185: $? = 0
configure:11185: result: yes
configure:11191: checking for sys/signal.h
configure:11191: gcc -m64 -c -g -O2  conftest.c >&5
configure:11191: $? = 0
configure:11191: result: yes
configure:11197: checking for sys/socketvar.h
configure:11197: gcc -m64 -c -g -O2  conftest.c >&5
configure:11197: $? = 0
configure:11197: result: yes
configure:11203: checking for sys/sockio.h
configure:11203: gcc -m64 -c -g -O2  conftest.c >&5
conftest.c:93:10: fatal error: sys/sockio.h: No such file or directory
   93 | #include <sys/sockio.h>
      |          ^~~~~~~~~~~~~~
compilation terminated.
configure:11203: $? = 1
configure: failed program was:
| /* confdefs.h */
| #define PACKAGE_NAME "Wine"
| #define PACKAGE_TARNAME "wine"
| #define PACKAGE_VERSION "11.15"
| #define PACKAGE_STRING "Wine 11.15"
| #define PACKAGE_BUGREPORT "wine-devel@winehq.org"
| #define PACKAGE_URL "https://www.winehq.org"
| #define EXEEXT ""
| #define HAVE_STDIO_H 1
| #define HAVE_STDLIB_H 1
| #define HAVE_STRING_H 1
| #define HAVE_INTTYPES_H 1
| #define HAVE_STDINT_H 1
| #define HAVE_STRINGS_H 1
| #define HAVE_SYS_STAT_H 1
| #define HAVE_SYS_TYPES_H 1
| #define HAVE_UNISTD_H 1
| #define STDC_HEADERS 1
| #define HAVE_ARPA_INET_H 1
| #define HAVE_ARPA_NAMESER_H 1
| #define HAVE_ASM_TERMBITS_H 1
| #define HAVE_ASM_TYPES_H 1
| #define HAVE_ELF_H 1
| #define HAVE_LINK_H 1
| #define HAVE_LINUX_CDROM_H 1
| #define HAVE_LINUX_ERRQUEUE_H 1
| #define HAVE_LINUX_FILTER_H 1
| #define HAVE_LINUX_FS_H 1
| #define HAVE_LINUX_HDREG_H 1
| #define HAVE_LINUX_HIDRAW_H 1
| #define HAVE_LINUX_INPUT_H 1
| #define HAVE_LINUX_IOCTL_H 1
| #define HAVE_LINUX_MAJOR_H 1
| #define HAVE_LINUX_MEMFD_H 1
| #define HAVE_LINUX_PARAM_H 1
| #define HAVE_LINUX_SERIAL_H 1
| #define HAVE_LINUX_TYPES_H 1
| #define HAVE_LINUX_USERFAULTFD_H 1
| #define HAVE_LINUX_WIRELESS_H 1
| #define HAVE_MNTENT_H 1
| #define HAVE_NETDB_H 1
| #define HAVE_NETINET_IN_H 1
| #define HAVE_NETINET_IN_SYSTM_H 1
| #define HAVE_NETINET_TCP_H 1
| #define HAVE_PWD_H 1
| #define HAVE_SCHED_H 1
| #define HAVE_SCSI_SCSI_H 1
| #define HAVE_SCSI_SCSI_IOCTL_H 1
| #define HAVE_SCSI_SG_H 1
| #define HAVE_SYS_AUXV_H 1
| #define HAVE_SYS_EPOLL_H 1
| #define HAVE_SYS_IPC_H 1
| #define HAVE_SYS_MTIO_H 1
| #define HAVE_SYS_PARAM_H 1
| #define HAVE_SYS_PERSONALITY_H 1
| #define HAVE_SYS_PRCTL_H 1
| #define HAVE_SYS_PTRACE_H 1
| #define HAVE_SYS_QUEUE_H 1
| #define HAVE_SYS_RANDOM_H 1
| #define HAVE_SYS_RESOURCE_H 1
| #define HAVE_SYS_SHM_H 1
| #define HAVE_SYS_SIGNAL_H 1
| #define HAVE_SYS_SOCKETVAR_H 1
| /* end confdefs.h.  */
| #include <stddef.h>
| #ifdef HAVE_STDIO_H
| # include <stdio.h>
| #endif
| #ifdef HAVE_STDLIB_H
| # include <stdlib.h>
| #endif
| #ifdef HAVE_STRING_H
| # include <string.h>
| #endif
| #ifdef HAVE_INTTYPES_H
| # include <inttypes.h>
| #endif
| #ifdef HAVE_STDINT_H
| # include <stdint.h>
| #endif
| #ifdef HAVE_STRINGS_H
| # include <strings.h>
| #endif
| #ifdef HAVE_SYS_TYPES_H
| # include <sys/types.h>
| #endif
| #ifdef HAVE_SYS_STAT_H
| # include <sys/stat.h>
| #endif
| #ifdef HAVE_UNISTD_H
| # include <unistd.h>
| #endif
| #include <sys/sockio.h>
configure:11203: result: no
configure:11209: checking for sys/statvfs.h
configure:11209: gcc -m64 -c -g -O2  conftest.c >&5
configure:11209: $? = 0
configure:11209: result: yes
configure:11215: checking for sys/strtio.h
configure:11215: gcc -m64 -c -g -O2  conftest.c >&5
conftest.c:94:10: fatal error: sys/strtio.h: No such file or directory
   94 | #include <sys/strtio.h>
      |          ^~~~~~~~~~~~~~
compilation terminated.
configure:11215: $? = 1
configure: failed program was:
| /* confdefs.h */
| #define PACKAGE_NAME "Wine"
| #define PACKAGE_TARNAME "wine"
| #define PACKAGE_VERSION "11.15"
| #define PACKAGE_STRING "Wine 11.15"
| #define PACKAGE_BUGREPORT "wine-devel@winehq.org"
| #define PACKAGE_URL "https://www.winehq.org"
| #define EXEEXT ""
| #define HAVE_STDIO_H 1
| #define HAVE_STDLIB_H 1
| #define HAVE_STRING_H 1
| #define HAVE_INTTYPES_H 1
| #define HAVE_STDINT_H 1
| #define HAVE_STRINGS_H 1
| #define HAVE_SYS_STAT_H 1
| #define HAVE_SYS_TYPES_H 1
| #define HAVE_UNISTD_H 1
| #define STDC_HEADERS 1
| #define HAVE_ARPA_INET_H 1
| #define HAVE_ARPA_NAMESER_H 1
| #define HAVE_ASM_TERMBITS_H 1
| #define HAVE_ASM_TYPES_H 1
| #define HAVE_ELF_H 1
| #define HAVE_LINK_H 1
| #define HAVE_LINUX_CDROM_H 1
| #define HAVE_LINUX_ERRQUEUE_H 1
| #define HAVE_LINUX_FILTER_H 1
| #define HAVE_LINUX_FS_H 1
| #define HAVE_LINUX_HDREG_H 1
| #define HAVE_LINUX_HIDRAW_H 1
| #define HAVE_LINUX_INPUT_H 1
| #define HAVE_LINUX_IOCTL_H 1
| #define HAVE_LINUX_MAJOR_H 1
| #define HAVE_LINUX_MEMFD_H 1
| #define HAVE_LINUX_PARAM_H 1
| #define HAVE_LINUX_SERIAL_H 1
| #define HAVE_LINUX_TYPES_H 1
| #define HAVE_LINUX_USERFAULTFD_H 1
| #define HAVE_LINUX_WIRELESS_H 1
| #define HAVE_MNTENT_H 1
| #define HAVE_NETDB_H 1
| #define HAVE_NETINET_IN_H 1
| #define HAVE_NETINET_IN_SYSTM_H 1
| #define HAVE_NETINET_TCP_H 1
| #define HAVE_PWD_H 1
| #define HAVE_SCHED_H 1
| #define HAVE_SCSI_SCSI_H 1
| #define HAVE_SCSI_SCSI_IOCTL_H 1
| #define HAVE_SCSI_SG_H 1
| #define HAVE_SYS_AUXV_H 1
| #define HAVE_SYS_EPOLL_H 1
| #define HAVE_SYS_IPC_H 1
| #define HAVE_SYS_MTIO_H 1
| #define HAVE_SYS_PARAM_H 1
| #define HAVE_SYS_PERSONALITY_H 1
| #define HAVE_SYS_PRCTL_H 1
| #define HAVE_SYS_PTRACE_H 1
| #define HAVE_SYS_QUEUE_H 1
| #define HAVE_SYS_RANDOM_H 1
| #define HAVE_SYS_RESOURCE_H 1
| #define HAVE_SYS_SHM_H 1
| #define HAVE_SYS_SIGNAL_H 1
| #define HAVE_SYS_SOCKETVAR_H 1
| #define HAVE_SYS_STATVFS_H 1
| /* end confdefs.h.  */
| #include <stddef.h>
| #ifdef HAVE_STDIO_H
| # include <stdio.h>
| #endif
| #ifdef HAVE_STDLIB_H
| # include <stdlib.h>
| #endif
| #ifdef HAVE_STRING_H
| # include <string.h>
| #endif
| #ifdef HAVE_INTTYPES_H
| # include <inttypes.h>
| #endif
| #ifdef HAVE_STDINT_H
| # include <stdint.h>
| #endif
| #ifdef HAVE_STRINGS_H
| # include <strings.h>
| #endif
| #ifdef HAVE_SYS_TYPES_H
| # include <sys/types.h>
| #endif
| #ifdef HAVE_SYS_STAT_H
| # include <sys/stat.h>
| #endif
| #ifdef HAVE_UNISTD_H
| # include <unistd.h>
| #endif
| #include <sys/strtio.h>
configure:11215: result: no
configure:11221: checking for sys/syscall.h
configure:11221: gcc -m64 -c -g -O2  conftest.c >&5
configure:11221: $? = 0
configure:11221: result: yes
configure:11227: checking for sys/sysinfo.h
configure:11227: gcc -m64 -c -g -O2  conftest.c >&5
configure:11227: $? = 0
configure:11227: result: yes
configure:11233: checking for sys/times.h
configure:11233: gcc -m64 -c -g -O2  conftest.c >&5
configure:11233: $? = 0
configure:11233: result: yes
configure:11239: checking for sys/uio.h
configure:11239: gcc -m64 -c -g -O2  conftest.c >&5
configure:11239: $? = 0
configure:11239: result: yes
configure:11245: checking for sys/user.h
configure:11245: gcc -m64 -c -g -O2  conftest.c >&5
configure:11245: $? = 0
configure:11245: result: yes
configure:11251: checking for sys/utsname.h
configure:11251: gcc -m64 -c -g -O2  conftest.c >&5
configure:11251: $? = 0
configure:11251: result: yes
configure:11257: checking for sys/vnode.h
configure:11257: gcc -m64 -c -g -O2  conftest.c >&5
conftest.c:100:10: fatal error: sys/vnode.h: No such file or directory
  100 | #include <sys/vnode.h>
      |          ^~~~~~~~~~~~~
compilation terminated.
configure:11257: $? = 1
configure: failed program was:
| /* confdefs.h */
| #define PACKAGE_NAME "Wine"
| #define PACKAGE_TARNAME "wine"
| #define PACKAGE_VERSION "11.15"
| #define PACKAGE_STRING "Wine 11.15"
| #define PACKAGE_BUGREPORT "wine-devel@winehq.org"
| #define PACKAGE_URL "https://www.winehq.org"
| #define EXEEXT ""
| #define HAVE_STDIO_H 1
| #define HAVE_STDLIB_H 1
| #define HAVE_STRING_H 1
| #define HAVE_INTTYPES_H 1
| #define HAVE_STDINT_H 1
| #define HAVE_STRINGS_H 1
| #define HAVE_SYS_STAT_H 1
| #define HAVE_SYS_TYPES_H 1
| #define HAVE_UNISTD_H 1
| #define STDC_HEADERS 1
| #define HAVE_ARPA_INET_H 1
| #define HAVE_ARPA_NAMESER_H 1
| #define HAVE_ASM_TERMBITS_H 1
| #define HAVE_ASM_TYPES_H 1
| #define HAVE_ELF_H 1
| #define HAVE_LINK_H 1
| #define HAVE_LINUX_CDROM_H 1
| #define HAVE_LINUX_ERRQUEUE_H 1
| #define HAVE_LINUX_FILTER_H 1
| #define HAVE_LINUX_FS_H 1
| #define HAVE_LINUX_HDREG_H 1
| #define HAVE_LINUX_HIDRAW_H 1
| #define HAVE_LINUX_INPUT_H 1
| #define HAVE_LINUX_IOCTL_H 1
| #define HAVE_LINUX_MAJOR_H 1
| #define HAVE_LINUX_MEMFD_H 1
| #define HAVE_LINUX_PARAM_H 1
| #define HAVE_LINUX_SERIAL_H 1
| #define HAVE_LINUX_TYPES_H 1
| #define HAVE_LINUX_USERFAULTFD_H 1
| #define HAVE_LINUX_WIRELESS_H 1
| #define HAVE_MNTENT_H 1
| #define HAVE_NETDB_H 1
| #define HAVE_NETINET_IN_H 1
| #define HAVE_NETINET_IN_SYSTM_H 1
| #define HAVE_NETINET_TCP_H 1
| #define HAVE_PWD_H 1
| #define HAVE_SCHED_H 1
| #define HAVE_SCSI_SCSI_H 1
| #define HAVE_SCSI_SCSI_IOCTL_H 1
| #define HAVE_SCSI_SG_H 1
| #define HAVE_SYS_AUXV_H 1
| #define HAVE_SYS_EPOLL_H 1
| #define HAVE_SYS_IPC_H 1
| #define HAVE_SYS_MTIO_H 1
| #define HAVE_SYS_PARAM_H 1
| #define HAVE_SYS_PERSONALITY_H 1
| #define HAVE_SYS_PRCTL_H 1
| #define HAVE_SYS_PTRACE_H 1
| #define HAVE_SYS_QUEUE_H 1
| #define HAVE_SYS_RANDOM_H 1
| #define HAVE_SYS_RESOURCE_H 1
| #define HAVE_SYS_SHM_H 1
| #define HAVE_SYS_SIGNAL_H 1
| #define HAVE_SYS_SOCKETVAR_H 1
| #define HAVE_SYS_STATVFS_H 1
| #define HAVE_SYS_SYSCALL_H 1
| #define HAVE_SYS_SYSINFO_H 1
| #define HAVE_SYS_TIMES_H 1
| #define HAVE_SYS_UIO_H 1
| #define HAVE_SYS_USER_H 1
| #define HAVE_SYS_UTSNAME_H 1
| /* end confdefs.h.  */
| #include <stddef.h>
| #ifdef HAVE_STDIO_H
| # include <stdio.h>
| #endif
| #ifdef HAVE_STDLIB_H
| # include <stdlib.h>
| #endif
| #ifdef HAVE_STRING_H
| # include <string.h>
| #endif
| #ifdef HAVE_INTTYPES_H
| # include <inttypes.h>
| #endif
| #ifdef HAVE_STDINT_H
| # include <stdint.h>
| #endif
| #ifdef HAVE_STRINGS_H
| # include <strings.h>
| #endif
| #ifdef HAVE_SYS_TYPES_H
| # include <sys/types.h>
| #endif
| #ifdef HAVE_SYS_STAT_H
| # include <sys/stat.h>
| #endif
| #ifdef HAVE_UNISTD_H
| # include <unistd.h>
| #endif
| #include <sys/vnode.h>
configure:11257: result: no
configure:11263: checking for sys/xattr.h
configure:11263: gcc -m64 -c -g -O2  conftest.c >&5
configure:11263: $? = 0
configure:11263: result: yes
configure:11269: checking for syscall.h
configure:11269: gcc -m64 -c -g -O2  conftest.c >&5
configure:11269: $? = 0
configure:11269: result: yes
configure:11275: checking for utime.h
configure:11275: gcc -m64 -c -g -O2  conftest.c >&5
configure:11275: $? = 0
configure:11275: result: yes
configure:11281: checking for valgrind/memcheck.h
configure:11281: gcc -m64 -c -g -O2  conftest.c >&5
configure:11281: $? = 0
configure:11281: result: yes
configure:11287: checking for valgrind/valgrind.h
configure:11287: gcc -m64 -c -g -O2  conftest.c >&5
configure:11287: $? = 0
configure:11287: result: yes
configure:11295: checking for sys/mkdev.h
configure:11295: gcc -m64 -c -g -O2  conftest.c >&5
conftest.c:105:10: fatal error: sys/mkdev.h: No such file or directory
  105 | #include <sys/mkdev.h>
      |          ^~~~~~~~~~~~~
compilation terminated.
configure:11295: $? = 1
configure: failed program was:
| /* confdefs.h */
| #define PACKAGE_NAME "Wine"
| #define PACKAGE_TARNAME "wine"
| #define PACKAGE_VERSION "11.15"
| #define PACKAGE_STRING "Wine 11.15"
| #define PACKAGE_BUGREPORT "wine-devel@winehq.org"
| #define PACKAGE_URL "https://www.winehq.org"
| #define EXEEXT ""
| #define HAVE_STDIO_H 1
| #define HAVE_STDLIB_H 1
| #define HAVE_STRING_H 1
| #define HAVE_INTTYPES_H 1
| #define HAVE_STDINT_H 1
| #define HAVE_STRINGS_H 1
| #define HAVE_SYS_STAT_H 1
| #define HAVE_SYS_TYPES_H 1
| #define HAVE_UNISTD_H 1
| #define STDC_HEADERS 1
| #define HAVE_ARPA_INET_H 1
| #define HAVE_ARPA_NAMESER_H 1
| #define HAVE_ASM_TERMBITS_H 1
| #define HAVE_ASM_TYPES_H 1
| #define HAVE_ELF_H 1
| #define HAVE_LINK_H 1
| #define HAVE_LINUX_CDROM_H 1
| #define HAVE_LINUX_ERRQUEUE_H 1
| #define HAVE_LINUX_FILTER_H 1
| #define HAVE_LINUX_FS_H 1
| #define HAVE_LINUX_HDREG_H 1
| #define HAVE_LINUX_HIDRAW_H 1
| #define HAVE_LINUX_INPUT_H 1
| #define HAVE_LINUX_IOCTL_H 1
| #define HAVE_LINUX_MAJOR_H 1
| #define HAVE_LINUX_MEMFD_H 1
| #define HAVE_LINUX_PARAM_H 1
| #define HAVE_LINUX_SERIAL_H 1
| #define HAVE_LINUX_TYPES_H 1
| #define HAVE_LINUX_USERFAULTFD_H 1
| #define HAVE_LINUX_WIRELESS_H 1
| #define HAVE_MNTENT_H 1
| #define HAVE_NETDB_H 1
| #define HAVE_NETINET_IN_H 1
| #define HAVE_NETINET_IN_SYSTM_H 1
| #define HAVE_NETINET_TCP_H 1
| #define HAVE_PWD_H 1
| #define HAVE_SCHED_H 1
| #define HAVE_SCSI_SCSI_H 1
| #define HAVE_SCSI_SCSI_IOCTL_H 1
| #define HAVE_SCSI_SG_H 1
| #define HAVE_SYS_AUXV_H 1
| #define HAVE_SYS_EPOLL_H 1
| #define HAVE_SYS_IPC_H 1
| #define HAVE_SYS_MTIO_H 1
| #define HAVE_SYS_PARAM_H 1
| #define HAVE_SYS_PERSONALITY_H 1
| #define HAVE_SYS_PRCTL_H 1
| #define HAVE_SYS_PTRACE_H 1
| #define HAVE_SYS_QUEUE_H 1
| #define HAVE_SYS_RANDOM_H 1
| #define HAVE_SYS_RESOURCE_H 1
| #define HAVE_SYS_SHM_H 1
| #define HAVE_SYS_SIGNAL_H 1
| #define HAVE_SYS_SOCKETVAR_H 1
| #define HAVE_SYS_STATVFS_H 1
| #define HAVE_SYS_SYSCALL_H 1
| #define HAVE_SYS_SYSINFO_H 1
| #define HAVE_SYS_TIMES_H 1
| #define HAVE_SYS_UIO_H 1
| #define HAVE_SYS_USER_H 1
| #define HAVE_SYS_UTSNAME_H 1
| #define HAVE_SYS_XATTR_H 1
| #define HAVE_SYSCALL_H 1
| #define HAVE_UTIME_H 1
| #define HAVE_VALGRIND_MEMCHECK_H 1
| #define HAVE_VALGRIND_VALGRIND_H 1
| /* end confdefs.h.  */
| #include <stddef.h>
| #ifdef HAVE_STDIO_H
| # include <stdio.h>
| #endif
| #ifdef HAVE_STDLIB_H
| # include <stdlib.h>
| #endif
| #ifdef HAVE_STRING_H
| # include <string.h>
| #endif
| #ifdef HAVE_INTTYPES_H
| # include <inttypes.h>
| #endif
| #ifdef HAVE_STDINT_H
| # include <stdint.h>
| #endif
| #ifdef HAVE_STRINGS_H
| # include <strings.h>
| #endif
| #ifdef HAVE_SYS_TYPES_H
| # include <sys/types.h>
| #endif
| #ifdef HAVE_SYS_STAT_H
| # include <sys/stat.h>
| #endif
| #ifdef HAVE_UNISTD_H
| # include <unistd.h>
| #endif
| #include <sys/mkdev.h>
configure:11295: result: no
configure:11304: checking for sys/sysmacros.h
configure:11304: gcc -m64 -c -g -O2  conftest.c >&5
configure:11304: $? = 0
configure:11304: result: yes
configure:11316: checking for sys/conf.h
configure:11316: gcc -m64 -c -g -O2  conftest.c >&5
conftest.c:83:10: fatal error: sys/conf.h: No such file or directory
   83 | #include <sys/conf.h>
      |          ^~~~~~~~~~~~
compilation terminated.
configure:11316: $? = 1
configure: failed program was:
| /* confdefs.h */
| #define PACKAGE_NAME "Wine"
| #define PACKAGE_TARNAME "wine"
| #define PACKAGE_VERSION "11.15"
| #define PACKAGE_STRING "Wine 11.15"
| #define PACKAGE_BUGREPORT "wine-devel@winehq.org"
| #define PACKAGE_URL "https://www.winehq.org"
| #define EXEEXT ""
| #define HAVE_STDIO_H 1
| #define HAVE_STDLIB_H 1
| #define HAVE_STRING_H 1
| #define HAVE_INTTYPES_H 1
| #define HAVE_STDINT_H 1
| #define HAVE_STRINGS_H 1
| #define HAVE_SYS_STAT_H 1
| #define HAVE_SYS_TYPES_H 1
| #define HAVE_UNISTD_H 1
| #define STDC_HEADERS 1
| #define HAVE_ARPA_INET_H 1
| #define HAVE_ARPA_NAMESER_H 1
| #define HAVE_ASM_TERMBITS_H 1
| #define HAVE_ASM_TYPES_H 1
| #define HAVE_ELF_H 1
| #define HAVE_LINK_H 1
| #define HAVE_LINUX_CDROM_H 1
| #define HAVE_LINUX_ERRQUEUE_H 1
| #define HAVE_LINUX_FILTER_H 1
| #define HAVE_LINUX_FS_H 1
| #define HAVE_LINUX_HDREG_H 1
| #define HAVE_LINUX_HIDRAW_H 1
| #define HAVE_LINUX_INPUT_H 1
| #define HAVE_LINUX_IOCTL_H 1
| #define HAVE_LINUX_MAJOR_H 1
| #define HAVE_LINUX_MEMFD_H 1
| #define HAVE_LINUX_PARAM_H 1
| #define HAVE_LINUX_SERIAL_H 1
| #define HAVE_LINUX_TYPES_H 1
| #define HAVE_LINUX_USERFAULTFD_H 1
| #define HAVE_LINUX_WIRELESS_H 1
| #define HAVE_MNTENT_H 1
| #define HAVE_NETDB_H 1
| #define HAVE_NETINET_IN_H 1
| #define HAVE_NETINET_IN_SYSTM_H 1
| #define HAVE_NETINET_TCP_H 1
| #define HAVE_PWD_H 1
| #define HAVE_SCHED_H 1
| #define HAVE_SCSI_SCSI_H 1
| #define HAVE_SCSI_SCSI_IOCTL_H 1
| #define HAVE_SCSI_SG_H 1
| #define HAVE_SYS_AUXV_H 1
| #define HAVE_SYS_EPOLL_H 1
| #define HAVE_SYS_IPC_H 1
| #define HAVE_SYS_MTIO_H 1
| #define HAVE_SYS_PARAM_H 1
| #define HAVE_SYS_PERSONALITY_H 1
| #define HAVE_SYS_PRCTL_H 1
| #define HAVE_SYS_PTRACE_H 1
| #define HAVE_SYS_QUEUE_H 1
| #define HAVE_SYS_RANDOM_H 1
| #define HAVE_SYS_RESOURCE_H 1
| #define HAVE_SYS_SHM_H 1
| #define HAVE_SYS_SIGNAL_H 1
| #define HAVE_SYS_SOCKETVAR_H 1
| #define HAVE_SYS_STATVFS_H 1
| #define HAVE_SYS_SYSCALL_H 1
| #define HAVE_SYS_SYSINFO_H 1
| #define HAVE_SYS_TIMES_H 1
| #define HAVE_SYS_UIO_H 1
| #define HAVE_SYS_USER_H 1
| #define HAVE_SYS_UTSNAME_H 1
| #define HAVE_SYS_XATTR_H 1
| #define HAVE_SYSCALL_H 1
| #define HAVE_UTIME_H 1
| #define HAVE_VALGRIND_MEMCHECK_H 1
| #define HAVE_VALGRIND_VALGRIND_H 1
| #define MAJOR_IN_SYSMACROS 1
| /* end confdefs.h.  */
| #include <sys/types.h>
|      #ifdef HAVE_SYS_PARAM_H
|      # include <sys/param.h>
|      #endif
| 
| #include <sys/conf.h>
configure:11316: result: no
configure:11326: checking for sys/mount.h
configure:11326: gcc -m64 -c -g -O2  conftest.c >&5
configure:11326: $? = 0
configure:11326: result: yes
configure:11336: checking for sys/statfs.h
configure:11336: gcc -m64 -c -g -O2  conftest.c >&5
configure:11336: $? = 0
configure:11336: result: yes
configure:11346: checking for sys/user.h
configure:11346: result: yes
configure:11356: checking for sys/vfs.h
configure:11356: gcc -m64 -c -g -O2  conftest.c >&5
configure:11356: $? = 0
configure:11356: result: yes
configure:11370: checking for sys/sysctl.h
configure:11370: gcc -m64 -c -g -O2 -Werror  conftest.c >&5
conftest.c:87:10: fatal error: sys/sysctl.h: No such file or directory
   87 | #include <sys/sysctl.h>
      |          ^~~~~~~~~~~~~~
compilation terminated.
configure:11370: $? = 1
configure: failed program was:
| /* confdefs.h */
| #define PACKAGE_NAME "Wine"
| #define PACKAGE_TARNAME "wine"
| #define PACKAGE_VERSION "11.15"
| #define PACKAGE_STRING "Wine 11.15"
| #define PACKAGE_BUGREPORT "wine-devel@winehq.org"
| #define PACKAGE_URL "https://www.winehq.org"
| #define EXEEXT ""
| #define HAVE_STDIO_H 1
| #define HAVE_STDLIB_H 1
| #define HAVE_STRING_H 1
| #define HAVE_INTTYPES_H 1
| #define HAVE_STDINT_H 1
| #define HAVE_STRINGS_H 1
| #define HAVE_SYS_STAT_H 1
| #define HAVE_SYS_TYPES_H 1
| #define HAVE_UNISTD_H 1
| #define STDC_HEADERS 1
| #define HAVE_ARPA_INET_H 1
| #define HAVE_ARPA_NAMESER_H 1
| #define HAVE_ASM_TERMBITS_H 1
| #define HAVE_ASM_TYPES_H 1
| #define HAVE_ELF_H 1
| #define HAVE_LINK_H 1
| #define HAVE_LINUX_CDROM_H 1
| #define HAVE_LINUX_ERRQUEUE_H 1
| #define HAVE_LINUX_FILTER_H 1
| #define HAVE_LINUX_FS_H 1
| #define HAVE_LINUX_HDREG_H 1
| #define HAVE_LINUX_HIDRAW_H 1
| #define HAVE_LINUX_INPUT_H 1
| #define HAVE_LINUX_IOCTL_H 1
| #define HAVE_LINUX_MAJOR_H 1
| #define HAVE_LINUX_MEMFD_H 1
| #define HAVE_LINUX_PARAM_H 1
| #define HAVE_LINUX_SERIAL_H 1
| #define HAVE_LINUX_TYPES_H 1
| #define HAVE_LINUX_USERFAULTFD_H 1
| #define HAVE_LINUX_WIRELESS_H 1
| #define HAVE_MNTENT_H 1
| #define HAVE_NETDB_H 1
| #define HAVE_NETINET_IN_H 1
| #define HAVE_NETINET_IN_SYSTM_H 1
| #define HAVE_NETINET_TCP_H 1
| #define HAVE_PWD_H 1
| #define HAVE_SCHED_H 1
| #define HAVE_SCSI_SCSI_H 1
| #define HAVE_SCSI_SCSI_IOCTL_H 1
| #define HAVE_SCSI_SG_H 1
| #define HAVE_SYS_AUXV_H 1
| #define HAVE_SYS_EPOLL_H 1
| #define HAVE_SYS_IPC_H 1
| #define HAVE_SYS_MTIO_H 1
| #define HAVE_SYS_PARAM_H 1
| #define HAVE_SYS_PERSONALITY_H 1
| #define HAVE_SYS_PRCTL_H 1
| #define HAVE_SYS_PTRACE_H 1
| #define HAVE_SYS_QUEUE_H 1
| #define HAVE_SYS_RANDOM_H 1
| #define HAVE_SYS_RESOURCE_H 1
| #define HAVE_SYS_SHM_H 1
| #define HAVE_SYS_SIGNAL_H 1
| #define HAVE_SYS_SOCKETVAR_H 1
| #define HAVE_SYS_STATVFS_H 1
| #define HAVE_SYS_SYSCALL_H 1
| #define HAVE_SYS_SYSINFO_H 1
| #define HAVE_SYS_TIMES_H 1
| #define HAVE_SYS_UIO_H 1
| #define HAVE_SYS_USER_H 1
| #define HAVE_SYS_UTSNAME_H 1
| #define HAVE_SYS_XATTR_H 1
| #define HAVE_SYSCALL_H 1
| #define HAVE_UTIME_H 1
| #define HAVE_VALGRIND_MEMCHECK_H 1
| #define HAVE_VALGRIND_VALGRIND_H 1
| #define MAJOR_IN_SYSMACROS 1
| #define HAVE_SYS_MOUNT_H 1
| #define HAVE_SYS_STATFS_H 1
| #define HAVE_SYS_USER_H 1
| #define HAVE_SYS_VFS_H 1
| /* end confdefs.h.  */
| #include <sys/types.h>
|      #ifdef HAVE_SYS_PARAM_H
|      # include <sys/param.h>
|      #endif
| 
| #include <sys/sysctl.h>
configure:11370: result: no
configure:11383: checking for netinet/ip.h
configure:11383: gcc -m64 -c -g -O2  conftest.c >&5
configure:11383: $? = 0
configure:11383: result: yes
configure:11409: checking for net/if.h
configure:11409: gcc -m64 -c -g -O2  conftest.c >&5
configure:11409: $? = 0
configure:11409: result: yes
configure:11435: checking for net/if_arp.h
configure:11435: gcc -m64 -c -g -O2  conftest.c >&5
configure:11435: $? = 0
configure:11435: result: yes
configure:11461: checking for net/if_dl.h
configure:11461: gcc -m64 -c -g -O2  conftest.c >&5
conftest.c:106:10: fatal error: net/if_dl.h: No such file or directory
  106 | #include <net/if_dl.h>
      |          ^~~~~~~~~~~~~
compilation terminated.
configure:11461: $? = 1
configure: failed program was:
| /* confdefs.h */
| #define PACKAGE_NAME "Wine"
| #define PACKAGE_TARNAME "wine"
| #define PACKAGE_VERSION "11.15"
| #define PACKAGE_STRING "Wine 11.15"
| #define PACKAGE_BUGREPORT "wine-devel@winehq.org"
| #define PACKAGE_URL "https://www.winehq.org"
| #define EXEEXT ""
| #define HAVE_STDIO_H 1
| #define HAVE_STDLIB_H 1
| #define HAVE_STRING_H 1
| #define HAVE_INTTYPES_H 1
| #define HAVE_STDINT_H 1
| #define HAVE_STRINGS_H 1
| #define HAVE_SYS_STAT_H 1
| #define HAVE_SYS_TYPES_H 1
| #define HAVE_UNISTD_H 1
| #define STDC_HEADERS 1
| #define HAVE_ARPA_INET_H 1
| #define HAVE_ARPA_NAMESER_H 1
| #define HAVE_ASM_TERMBITS_H 1
| #define HAVE_ASM_TYPES_H 1
| #define HAVE_ELF_H 1
| #define HAVE_LINK_H 1
| #define HAVE_LINUX_CDROM_H 1
| #define HAVE_LINUX_ERRQUEUE_H 1
| #define HAVE_LINUX_FILTER_H 1
| #define HAVE_LINUX_FS_H 1
| #define HAVE_LINUX_HDREG_H 1
| #define HAVE_LINUX_HIDRAW_H 1
| #define HAVE_LINUX_INPUT_H 1
| #define HAVE_LINUX_IOCTL_H 1
| #define HAVE_LINUX_MAJOR_H 1
| #define HAVE_LINUX_MEMFD_H 1
| #define HAVE_LINUX_PARAM_H 1
| #define HAVE_LINUX_SERIAL_H 1
| #define HAVE_LINUX_TYPES_H 1
| #define HAVE_LINUX_USERFAULTFD_H 1
| #define HAVE_LINUX_WIRELESS_H 1
| #define HAVE_MNTENT_H 1
| #define HAVE_NETDB_H 1
| #define HAVE_NETINET_IN_H 1
| #define HAVE_NETINET_IN_SYSTM_H 1
| #define HAVE_NETINET_TCP_H 1
| #define HAVE_PWD_H 1
| #define HAVE_SCHED_H 1
| #define HAVE_SCSI_SCSI_H 1
| #define HAVE_SCSI_SCSI_IOCTL_H 1
| #define HAVE_SCSI_SG_H 1
| #define HAVE_SYS_AUXV_H 1
| #define HAVE_SYS_EPOLL_H 1
| #define HAVE_SYS_IPC_H 1
| #define HAVE_SYS_MTIO_H 1
| #define HAVE_SYS_PARAM_H 1
| #define HAVE_SYS_PERSONALITY_H 1
| #define HAVE_SYS_PRCTL_H 1
| #define HAVE_SYS_PTRACE_H 1
| #define HAVE_SYS_QUEUE_H 1
| #define HAVE_SYS_RANDOM_H 1
| #define HAVE_SYS_RESOURCE_H 1
| #define HAVE_SYS_SHM_H 1
| #define HAVE_SYS_SIGNAL_H 1
| #define HAVE_SYS_SOCKETVAR_H 1
| #define HAVE_SYS_STATVFS_H 1
| #define HAVE_SYS_SYSCALL_H 1
| #define HAVE_SYS_SYSINFO_H 1
| #define HAVE_SYS_TIMES_H 1
| #define HAVE_SYS_UIO_H 1
| #define HAVE_SYS_USER_H 1
| #define HAVE_SYS_UTSNAME_H 1
| #define HAVE_SYS_XATTR_H 1
| #define HAVE_SYSCALL_H 1
| #define HAVE_UTIME_H 1
| #define HAVE_VALGRIND_MEMCHECK_H 1
| #define HAVE_VALGRIND_VALGRIND_H 1
| #define MAJOR_IN_SYSMACROS 1
| #define HAVE_SYS_MOUNT_H 1
| #define HAVE_SYS_STATFS_H 1
| #define HAVE_SYS_USER_H 1
| #define HAVE_SYS_VFS_H 1
| #define HAVE_NETINET_IP_H 1
| #define HAVE_NET_IF_H 1
| #define HAVE_NET_IF_ARP_H 1
| /* end confdefs.h.  */
| #include <sys/types.h>
|      #include <sys/socket.h>
|      #ifdef HAVE_SYS_SOCKETVAR_H
|      # include <sys/socketvar.h>
|      #endif
|      #ifdef HAVE_NET_ROUTE_H
|      # include <net/route.h>
|      #endif
|      #ifdef HAVE_NETINET_IN_H
|      # include <netinet/in.h>
|      #endif
|      #ifdef HAVE_NETINET_IN_SYSTM_H
|      # include <netinet/in_systm.h>
|      #endif
|      #ifdef HAVE_NET_IF_H
|      # include <net/if.h>
|      #endif
|      #ifdef HAVE_NETINET_IP_H
|      # include <netinet/ip.h>
|      #endif
| 
| #include <net/if_dl.h>
configure:11461: result: no
configure:11487: checking for net/if_types.h
configure:11487: gcc -m64 -c -g -O2  conftest.c >&5
conftest.c:106:10: fatal error: net/if_types.h: No such file or directory
  106 | #include <net/if_types.h>
      |          ^~~~~~~~~~~~~~~~
compilation terminated.
configure:11487: $? = 1
configure: failed program was:
| /* confdefs.h */
| #define PACKAGE_NAME "Wine"
| #define PACKAGE_TARNAME "wine"
| #define PACKAGE_VERSION "11.15"
| #define PACKAGE_STRING "Wine 11.15"
| #define PACKAGE_BUGREPORT "wine-devel@winehq.org"
| #define PACKAGE_URL "https://www.winehq.org"
| #define EXEEXT ""
| #define HAVE_STDIO_H 1
| #define HAVE_STDLIB_H 1
| #define HAVE_STRING_H 1
| #define HAVE_INTTYPES_H 1
| #define HAVE_STDINT_H 1
| #define HAVE_STRINGS_H 1
| #define HAVE_SYS_STAT_H 1
| #define HAVE_SYS_TYPES_H 1
| #define HAVE_UNISTD_H 1
| #define STDC_HEADERS 1
| #define HAVE_ARPA_INET_H 1
| #define HAVE_ARPA_NAMESER_H 1
| #define HAVE_ASM_TERMBITS_H 1
| #define HAVE_ASM_TYPES_H 1
| #define HAVE_ELF_H 1
| #define HAVE_LINK_H 1
| #define HAVE_LINUX_CDROM_H 1
| #define HAVE_LINUX_ERRQUEUE_H 1
| #define HAVE_LINUX_FILTER_H 1
| #define HAVE_LINUX_FS_H 1
| #define HAVE_LINUX_HDREG_H 1
| #define HAVE_LINUX_HIDRAW_H 1
| #define HAVE_LINUX_INPUT_H 1
| #define HAVE_LINUX_IOCTL_H 1
| #define HAVE_LINUX_MAJOR_H 1
| #define HAVE_LINUX_MEMFD_H 1
| #define HAVE_LINUX_PARAM_H 1
| #define HAVE_LINUX_SERIAL_H 1
| #define HAVE_LINUX_TYPES_H 1
| #define HAVE_LINUX_USERFAULTFD_H 1
| #define HAVE_LINUX_WIRELESS_H 1
| #define HAVE_MNTENT_H 1
| #define HAVE_NETDB_H 1
| #define HAVE_NETINET_IN_H 1
| #define HAVE_NETINET_IN_SYSTM_H 1
| #define HAVE_NETINET_TCP_H 1
| #define HAVE_PWD_H 1
| #define HAVE_SCHED_H 1
| #define HAVE_SCSI_SCSI_H 1
| #define HAVE_SCSI_SCSI_IOCTL_H 1
| #define HAVE_SCSI_SG_H 1
| #define HAVE_SYS_AUXV_H 1
| #define HAVE_SYS_EPOLL_H 1
| #define HAVE_SYS_IPC_H 1
| #define HAVE_SYS_MTIO_H 1
| #define HAVE_SYS_PARAM_H 1
| #define HAVE_SYS_PERSONALITY_H 1
| #define HAVE_SYS_PRCTL_H 1
| #define HAVE_SYS_PTRACE_H 1
| #define HAVE_SYS_QUEUE_H 1
| #define HAVE_SYS_RANDOM_H 1
| #define HAVE_SYS_RESOURCE_H 1
| #define HAVE_SYS_SHM_H 1
| #define HAVE_SYS_SIGNAL_H 1
| #define HAVE_SYS_SOCKETVAR_H 1
| #define HAVE_SYS_STATVFS_H 1
| #define HAVE_SYS_SYSCALL_H 1
| #define HAVE_SYS_SYSINFO_H 1
| #define HAVE_SYS_TIMES_H 1
| #define HAVE_SYS_UIO_H 1
| #define HAVE_SYS_USER_H 1
| #define HAVE_SYS_UTSNAME_H 1
| #define HAVE_SYS_XATTR_H 1
| #define HAVE_SYSCALL_H 1
| #define HAVE_UTIME_H 1
| #define HAVE_VALGRIND_MEMCHECK_H 1
| #define HAVE_VALGRIND_VALGRIND_H 1
| #define MAJOR_IN_SYSMACROS 1
| #define HAVE_SYS_MOUNT_H 1
| #define HAVE_SYS_STATFS_H 1
| #define HAVE_SYS_USER_H 1
| #define HAVE_SYS_VFS_H 1
| #define HAVE_NETINET_IP_H 1
| #define HAVE_NET_IF_H 1
| #define HAVE_NET_IF_ARP_H 1
| /* end confdefs.h.  */
| #include <sys/types.h>
|      #include <sys/socket.h>
|      #ifdef HAVE_SYS_SOCKETVAR_H
|      # include <sys/socketvar.h>
|      #endif
|      #ifdef HAVE_NET_ROUTE_H
|      # include <net/route.h>
|      #endif
|      #ifdef HAVE_NETINET_IN_H
|      # include <netinet/in.h>
|      #endif
|      #ifdef HAVE_NETINET_IN_SYSTM_H
|      # include <netinet/in_systm.h>
|      #endif
|      #ifdef HAVE_NET_IF_H
|      # include <net/if.h>
|      #endif
|      #ifdef HAVE_NETINET_IP_H
|      # include <netinet/ip.h>
|      #endif
| 
| #include <net/if_types.h>
configure:11487: result: no
configure:11513: checking for net/route.h
configure:11513: gcc -m64 -c -g -O2  conftest.c >&5
configure:11513: $? = 0
configure:11513: result: yes
configure:11539: checking for netinet/if_ether.h
configure:11539: gcc -m64 -c -g -O2  conftest.c >&5
configure:11539: $? = 0
configure:11539: result: yes
configure:11565: checking for netinet/in_pcb.h
configure:11565: gcc -m64 -c -g -O2  conftest.c >&5
conftest.c:108:10: fatal error: netinet/in_pcb.h: No such file or directory
  108 | #include <netinet/in_pcb.h>
      |          ^~~~~~~~~~~~~~~~~~
compilation terminated.
configure:11565: $? = 1
configure: failed program was:
| /* confdefs.h */
| #define PACKAGE_NAME "Wine"
| #define PACKAGE_TARNAME "wine"
| #define PACKAGE_VERSION "11.15"
| #define PACKAGE_STRING "Wine 11.15"
| #define PACKAGE_BUGREPORT "wine-devel@winehq.org"
| #define PACKAGE_URL "https://www.winehq.org"
| #define EXEEXT ""
| #define HAVE_STDIO_H 1
| #define HAVE_STDLIB_H 1
| #define HAVE_STRING_H 1
| #define HAVE_INTTYPES_H 1
| #define HAVE_STDINT_H 1
| #define HAVE_STRINGS_H 1
| #define HAVE_SYS_STAT_H 1
| #define HAVE_SYS_TYPES_H 1
| #define HAVE_UNISTD_H 1
| #define STDC_HEADERS 1
| #define HAVE_ARPA_INET_H 1
| #define HAVE_ARPA_NAMESER_H 1
| #define HAVE_ASM_TERMBITS_H 1
| #define HAVE_ASM_TYPES_H 1
| #define HAVE_ELF_H 1
| #define HAVE_LINK_H 1
| #define HAVE_LINUX_CDROM_H 1
| #define HAVE_LINUX_ERRQUEUE_H 1
| #define HAVE_LINUX_FILTER_H 1
| #define HAVE_LINUX_FS_H 1
| #define HAVE_LINUX_HDREG_H 1
| #define HAVE_LINUX_HIDRAW_H 1
| #define HAVE_LINUX_INPUT_H 1
| #define HAVE_LINUX_IOCTL_H 1
| #define HAVE_LINUX_MAJOR_H 1
| #define HAVE_LINUX_MEMFD_H 1
| #define HAVE_LINUX_PARAM_H 1
| #define HAVE_LINUX_SERIAL_H 1
| #define HAVE_LINUX_TYPES_H 1
| #define HAVE_LINUX_USERFAULTFD_H 1
| #define HAVE_LINUX_WIRELESS_H 1
| #define HAVE_MNTENT_H 1
| #define HAVE_NETDB_H 1
| #define HAVE_NETINET_IN_H 1
| #define HAVE_NETINET_IN_SYSTM_H 1
| #define HAVE_NETINET_TCP_H 1
| #define HAVE_PWD_H 1
| #define HAVE_SCHED_H 1
| #define HAVE_SCSI_SCSI_H 1
| #define HAVE_SCSI_SCSI_IOCTL_H 1
| #define HAVE_SCSI_SG_H 1
| #define HAVE_SYS_AUXV_H 1
| #define HAVE_SYS_EPOLL_H 1
| #define HAVE_SYS_IPC_H 1
| #define HAVE_SYS_MTIO_H 1
| #define HAVE_SYS_PARAM_H 1
| #define HAVE_SYS_PERSONALITY_H 1
| #define HAVE_SYS_PRCTL_H 1
| #define HAVE_SYS_PTRACE_H 1
| #define HAVE_SYS_QUEUE_H 1
| #define HAVE_SYS_RANDOM_H 1
| #define HAVE_SYS_RESOURCE_H 1
| #define HAVE_SYS_SHM_H 1
| #define HAVE_SYS_SIGNAL_H 1
| #define HAVE_SYS_SOCKETVAR_H 1
| #define HAVE_SYS_STATVFS_H 1
| #define HAVE_SYS_SYSCALL_H 1
| #define HAVE_SYS_SYSINFO_H 1
| #define HAVE_SYS_TIMES_H 1
| #define HAVE_SYS_UIO_H 1
| #define HAVE_SYS_USER_H 1
| #define HAVE_SYS_UTSNAME_H 1
| #define HAVE_SYS_XATTR_H 1
| #define HAVE_SYSCALL_H 1
| #define HAVE_UTIME_H 1
| #define HAVE_VALGRIND_MEMCHECK_H 1
| #define HAVE_VALGRIND_VALGRIND_H 1
| #define MAJOR_IN_SYSMACROS 1
| #define HAVE_SYS_MOUNT_H 1
| #define HAVE_SYS_STATFS_H 1
| #define HAVE_SYS_USER_H 1
| #define HAVE_SYS_VFS_H 1
| #define HAVE_NETINET_IP_H 1
| #define HAVE_NET_IF_H 1
| #define HAVE_NET_IF_ARP_H 1
| #define HAVE_NET_ROUTE_H 1
| #define HAVE_NETINET_IF_ETHER_H 1
| /* end confdefs.h.  */
| #include <sys/types.h>
|      #include <sys/socket.h>
|      #ifdef HAVE_SYS_SOCKETVAR_H
|      # include <sys/socketvar.h>
|      #endif
|      #ifdef HAVE_NET_ROUTE_H
|      # include <net/route.h>
|      #endif
|      #ifdef HAVE_NETINET_IN_H
|      # include <netinet/in.h>
|      #endif
|      #ifdef HAVE_NETINET_IN_SYSTM_H
|      # include <netinet/in_systm.h>
|      #endif
|      #ifdef HAVE_NET_IF_H
|      # include <net/if.h>
|      #endif
|      #ifdef HAVE_NETINET_IP_H
|      # include <netinet/ip.h>
|      #endif
| 
| #include <netinet/in_pcb.h>
configure:11565: result: no
configure:11591: checking for netinet/ip_icmp.h
configure:11591: gcc -m64 -c -g -O2  conftest.c >&5
configure:11591: $? = 0
configure:11591: result: yes
configure:11617: checking for netinet/ip_var.h
configure:11617: gcc -m64 -c -g -O2  conftest.c >&5
conftest.c:109:10: fatal error: netinet/ip_var.h: No such file or directory
  109 | #include <netinet/ip_var.h>
      |          ^~~~~~~~~~~~~~~~~~
compilation terminated.
configure:11617: $? = 1
configure: failed program was:
| /* confdefs.h */
| #define PACKAGE_NAME "Wine"
| #define PACKAGE_TARNAME "wine"
| #define PACKAGE_VERSION "11.15"
| #define PACKAGE_STRING "Wine 11.15"
| #define PACKAGE_BUGREPORT "wine-devel@winehq.org"
| #define PACKAGE_URL "https://www.winehq.org"
| #define EXEEXT ""
| #define HAVE_STDIO_H 1
| #define HAVE_STDLIB_H 1
| #define HAVE_STRING_H 1
| #define HAVE_INTTYPES_H 1
| #define HAVE_STDINT_H 1
| #define HAVE_STRINGS_H 1
| #define HAVE_SYS_STAT_H 1
| #define HAVE_SYS_TYPES_H 1
| #define HAVE_UNISTD_H 1
| #define STDC_HEADERS 1
| #define HAVE_ARPA_INET_H 1
| #define HAVE_ARPA_NAMESER_H 1
| #define HAVE_ASM_TERMBITS_H 1
| #define HAVE_ASM_TYPES_H 1
| #define HAVE_ELF_H 1
| #define HAVE_LINK_H 1
| #define HAVE_LINUX_CDROM_H 1
| #define HAVE_LINUX_ERRQUEUE_H 1
| #define HAVE_LINUX_FILTER_H 1
| #define HAVE_LINUX_FS_H 1
| #define HAVE_LINUX_HDREG_H 1
| #define HAVE_LINUX_HIDRAW_H 1
| #define HAVE_LINUX_INPUT_H 1
| #define HAVE_LINUX_IOCTL_H 1
| #define HAVE_LINUX_MAJOR_H 1
| #define HAVE_LINUX_MEMFD_H 1
| #define HAVE_LINUX_PARAM_H 1
| #define HAVE_LINUX_SERIAL_H 1
| #define HAVE_LINUX_TYPES_H 1
| #define HAVE_LINUX_USERFAULTFD_H 1
| #define HAVE_LINUX_WIRELESS_H 1
| #define HAVE_MNTENT_H 1
| #define HAVE_NETDB_H 1
| #define HAVE_NETINET_IN_H 1
| #define HAVE_NETINET_IN_SYSTM_H 1
| #define HAVE_NETINET_TCP_H 1
| #define HAVE_PWD_H 1
| #define HAVE_SCHED_H 1
| #define HAVE_SCSI_SCSI_H 1
| #define HAVE_SCSI_SCSI_IOCTL_H 1
| #define HAVE_SCSI_SG_H 1
| #define HAVE_SYS_AUXV_H 1
| #define HAVE_SYS_EPOLL_H 1
| #define HAVE_SYS_IPC_H 1
| #define HAVE_SYS_MTIO_H 1
| #define HAVE_SYS_PARAM_H 1
| #define HAVE_SYS_PERSONALITY_H 1
| #define HAVE_SYS_PRCTL_H 1
| #define HAVE_SYS_PTRACE_H 1
| #define HAVE_SYS_QUEUE_H 1
| #define HAVE_SYS_RANDOM_H 1
| #define HAVE_SYS_RESOURCE_H 1
| #define HAVE_SYS_SHM_H 1
| #define HAVE_SYS_SIGNAL_H 1
| #define HAVE_SYS_SOCKETVAR_H 1
| #define HAVE_SYS_STATVFS_H 1
| #define HAVE_SYS_SYSCALL_H 1
| #define HAVE_SYS_SYSINFO_H 1
| #define HAVE_SYS_TIMES_H 1
| #define HAVE_SYS_UIO_H 1
| #define HAVE_SYS_USER_H 1
| #define HAVE_SYS_UTSNAME_H 1
| #define HAVE_SYS_XATTR_H 1
| #define HAVE_SYSCALL_H 1
| #define HAVE_UTIME_H 1
| #define HAVE_VALGRIND_MEMCHECK_H 1
| #define HAVE_VALGRIND_VALGRIND_H 1
| #define MAJOR_IN_SYSMACROS 1
| #define HAVE_SYS_MOUNT_H 1
| #define HAVE_SYS_STATFS_H 1
| #define HAVE_SYS_USER_H 1
| #define HAVE_SYS_VFS_H 1
| #define HAVE_NETINET_IP_H 1
| #define HAVE_NET_IF_H 1
| #define HAVE_NET_IF_ARP_H 1
| #define HAVE_NET_ROUTE_H 1
| #define HAVE_NETINET_IF_ETHER_H 1
| #define HAVE_NETINET_IP_ICMP_H 1
| /* end confdefs.h.  */
| #include <sys/types.h>
|      #include <sys/socket.h>
|      #ifdef HAVE_SYS_SOCKETVAR_H
|      # include <sys/socketvar.h>
|      #endif
|      #ifdef HAVE_NET_ROUTE_H
|      # include <net/route.h>
|      #endif
|      #ifdef HAVE_NETINET_IN_H
|      # include <netinet/in.h>
|      #endif
|      #ifdef HAVE_NETINET_IN_SYSTM_H
|      # include <netinet/in_systm.h>
|      #endif
|      #ifdef HAVE_NET_IF_H
|      # include <net/if.h>
|      #endif
|      #ifdef HAVE_NETINET_IP_H
|      # include <netinet/ip.h>
|      #endif
| 
| #include <netinet/ip_var.h>
configure:11617: result: no
configure:11643: checking for netinet/udp.h
configure:11643: gcc -m64 -c -g -O2  conftest.c >&5
configure:11643: $? = 0
configure:11643: result: yes
configure:11669: checking for netinet6/ip6_var.h
configure:11669: gcc -m64 -c -g -O2  conftest.c >&5
conftest.c:110:10: fatal error: netinet6/ip6_var.h: No such file or directory
  110 | #include <netinet6/ip6_var.h>
      |          ^~~~~~~~~~~~~~~~~~~~
compilation terminated.
configure:11669: $? = 1
configure: failed program was:
| /* confdefs.h */
| #define PACKAGE_NAME "Wine"
| #define PACKAGE_TARNAME "wine"
| #define PACKAGE_VERSION "11.15"
| #define PACKAGE_STRING "Wine 11.15"
| #define PACKAGE_BUGREPORT "wine-devel@winehq.org"
| #define PACKAGE_URL "https://www.winehq.org"
| #define EXEEXT ""
| #define HAVE_STDIO_H 1
| #define HAVE_STDLIB_H 1
| #define HAVE_STRING_H 1
| #define HAVE_INTTYPES_H 1
| #define HAVE_STDINT_H 1
| #define HAVE_STRINGS_H 1
| #define HAVE_SYS_STAT_H 1
| #define HAVE_SYS_TYPES_H 1
| #define HAVE_UNISTD_H 1
| #define STDC_HEADERS 1
| #define HAVE_ARPA_INET_H 1
| #define HAVE_ARPA_NAMESER_H 1
| #define HAVE_ASM_TERMBITS_H 1
| #define HAVE_ASM_TYPES_H 1
| #define HAVE_ELF_H 1
| #define HAVE_LINK_H 1
| #define HAVE_LINUX_CDROM_H 1
| #define HAVE_LINUX_ERRQUEUE_H 1
| #define HAVE_LINUX_FILTER_H 1
| #define HAVE_LINUX_FS_H 1
| #define HAVE_LINUX_HDREG_H 1
| #define HAVE_LINUX_HIDRAW_H 1
| #define HAVE_LINUX_INPUT_H 1
| #define HAVE_LINUX_IOCTL_H 1
| #define HAVE_LINUX_MAJOR_H 1
| #define HAVE_LINUX_MEMFD_H 1
| #define HAVE_LINUX_PARAM_H 1
| #define HAVE_LINUX_SERIAL_H 1
| #define HAVE_LINUX_TYPES_H 1
| #define HAVE_LINUX_USERFAULTFD_H 1
| #define HAVE_LINUX_WIRELESS_H 1
| #define HAVE_MNTENT_H 1
| #define HAVE_NETDB_H 1
| #define HAVE_NETINET_IN_H 1
| #define HAVE_NETINET_IN_SYSTM_H 1
| #define HAVE_NETINET_TCP_H 1
| #define HAVE_PWD_H 1
| #define HAVE_SCHED_H 1
| #define HAVE_SCSI_SCSI_H 1
| #define HAVE_SCSI_SCSI_IOCTL_H 1
| #define HAVE_SCSI_SG_H 1
| #define HAVE_SYS_AUXV_H 1
| #define HAVE_SYS_EPOLL_H 1
| #define HAVE_SYS_IPC_H 1
| #define HAVE_SYS_MTIO_H 1
| #define HAVE_SYS_PARAM_H 1
| #define HAVE_SYS_PERSONALITY_H 1
| #define HAVE_SYS_PRCTL_H 1
| #define HAVE_SYS_PTRACE_H 1
| #define HAVE_SYS_QUEUE_H 1
| #define HAVE_SYS_RANDOM_H 1
| #define HAVE_SYS_RESOURCE_H 1
| #define HAVE_SYS_SHM_H 1
| #define HAVE_SYS_SIGNAL_H 1
| #define HAVE_SYS_SOCKETVAR_H 1
| #define HAVE_SYS_STATVFS_H 1
| #define HAVE_SYS_SYSCALL_H 1
| #define HAVE_SYS_SYSINFO_H 1
| #define HAVE_SYS_TIMES_H 1
| #define HAVE_SYS_UIO_H 1
| #define HAVE_SYS_USER_H 1
| #define HAVE_SYS_UTSNAME_H 1
| #define HAVE_SYS_XATTR_H 1
| #define HAVE_SYSCALL_H 1
| #define HAVE_UTIME_H 1
| #define HAVE_VALGRIND_MEMCHECK_H 1
| #define HAVE_VALGRIND_VALGRIND_H 1
| #define MAJOR_IN_SYSMACROS 1
| #define HAVE_SYS_MOUNT_H 1
| #define HAVE_SYS_STATFS_H 1
| #define HAVE_SYS_USER_H 1
| #define HAVE_SYS_VFS_H 1
| #define HAVE_NETINET_IP_H 1
| #define HAVE_NET_IF_H 1
| #define HAVE_NET_IF_ARP_H 1
| #define HAVE_NET_ROUTE_H 1
| #define HAVE_NETINET_IF_ETHER_H 1
| #define HAVE_NETINET_IP_ICMP_H 1
| #define HAVE_NETINET_UDP_H 1
| /* end confdefs.h.  */
| #include <sys/types.h>
|      #include <sys/socket.h>
|      #ifdef HAVE_SYS_SOCKETVAR_H
|      # include <sys/socketvar.h>
|      #endif
|      #ifdef HAVE_NET_ROUTE_H
|      # include <net/route.h>
|      #endif
|      #ifdef HAVE_NETINET_IN_H
|      # include <netinet/in.h>
|      #endif
|      #ifdef HAVE_NETINET_IN_SYSTM_H
|      # include <netinet/in_systm.h>
|      #endif
|      #ifdef HAVE_NET_IF_H
|      # include <net/if.h>
|      #endif
|      #ifdef HAVE_NETINET_IP_H
|      # include <netinet/ip.h>
|      #endif
| 
| #include <netinet6/ip6_var.h>
configure:11669: result: no
configure:11695: checking for netipx/ipx.h
configure:11695: gcc -m64 -c -g -O2  conftest.c >&5
configure:11695: $? = 0
configure:11695: result: yes
configure:11721: checking for sys/un.h
configure:11721: gcc -m64 -c -g -O2  conftest.c >&5
configure:11721: $? = 0
configure:11721: result: yes
configure:11749: checking for netinet/udp_var.h
configure:11749: gcc -m64 -c -g -O2  conftest.c >&5
conftest.c:118:10: fatal error: netinet/udp_var.h: No such file or directory
  118 | #include <netinet/udp_var.h>
      |          ^~~~~~~~~~~~~~~~~~~
compilation terminated.
configure:11749: $? = 1
configure: failed program was:
| /* confdefs.h */
| #define PACKAGE_NAME "Wine"
| #define PACKAGE_TARNAME "wine"
| #define PACKAGE_VERSION "11.15"
| #define PACKAGE_STRING "Wine 11.15"
| #define PACKAGE_BUGREPORT "wine-devel@winehq.org"
| #define PACKAGE_URL "https://www.winehq.org"
| #define EXEEXT ""
| #define HAVE_STDIO_H 1
| #define HAVE_STDLIB_H 1
| #define HAVE_STRING_H 1
| #define HAVE_INTTYPES_H 1
| #define HAVE_STDINT_H 1
| #define HAVE_STRINGS_H 1
| #define HAVE_SYS_STAT_H 1
| #define HAVE_SYS_TYPES_H 1
| #define HAVE_UNISTD_H 1
| #define STDC_HEADERS 1
| #define HAVE_ARPA_INET_H 1
| #define HAVE_ARPA_NAMESER_H 1
| #define HAVE_ASM_TERMBITS_H 1
| #define HAVE_ASM_TYPES_H 1
| #define HAVE_ELF_H 1
| #define HAVE_LINK_H 1
| #define HAVE_LINUX_CDROM_H 1
| #define HAVE_LINUX_ERRQUEUE_H 1
| #define HAVE_LINUX_FILTER_H 1
| #define HAVE_LINUX_FS_H 1
| #define HAVE_LINUX_HDREG_H 1
| #define HAVE_LINUX_HIDRAW_H 1
| #define HAVE_LINUX_INPUT_H 1
| #define HAVE_LINUX_IOCTL_H 1
| #define HAVE_LINUX_MAJOR_H 1
| #define HAVE_LINUX_MEMFD_H 1
| #define HAVE_LINUX_PARAM_H 1
| #define HAVE_LINUX_SERIAL_H 1
| #define HAVE_LINUX_TYPES_H 1
| #define HAVE_LINUX_USERFAULTFD_H 1
| #define HAVE_LINUX_WIRELESS_H 1
| #define HAVE_MNTENT_H 1
| #define HAVE_NETDB_H 1
| #define HAVE_NETINET_IN_H 1
| #define HAVE_NETINET_IN_SYSTM_H 1
| #define HAVE_NETINET_TCP_H 1
| #define HAVE_PWD_H 1
| #define HAVE_SCHED_H 1
| #define HAVE_SCSI_SCSI_H 1
| #define HAVE_SCSI_SCSI_IOCTL_H 1
| #define HAVE_SCSI_SG_H 1
| #define HAVE_SYS_AUXV_H 1
| #define HAVE_SYS_EPOLL_H 1
| #define HAVE_SYS_IPC_H 1
| #define HAVE_SYS_MTIO_H 1
| #define HAVE_SYS_PARAM_H 1
| #define HAVE_SYS_PERSONALITY_H 1
| #define HAVE_SYS_PRCTL_H 1
| #define HAVE_SYS_PTRACE_H 1
| #define HAVE_SYS_QUEUE_H 1
| #define HAVE_SYS_RANDOM_H 1
| #define HAVE_SYS_RESOURCE_H 1
| #define HAVE_SYS_SHM_H 1
| #define HAVE_SYS_SIGNAL_H 1
| #define HAVE_SYS_SOCKETVAR_H 1
| #define HAVE_SYS_STATVFS_H 1
| #define HAVE_SYS_SYSCALL_H 1
| #define HAVE_SYS_SYSINFO_H 1
| #define HAVE_SYS_TIMES_H 1
| #define HAVE_SYS_UIO_H 1
| #define HAVE_SYS_USER_H 1
| #define HAVE_SYS_UTSNAME_H 1
| #define HAVE_SYS_XATTR_H 1
| #define HAVE_SYSCALL_H 1
| #define HAVE_UTIME_H 1
| #define HAVE_VALGRIND_MEMCHECK_H 1
| #define HAVE_VALGRIND_VALGRIND_H 1
| #define MAJOR_IN_SYSMACROS 1
| #define HAVE_SYS_MOUNT_H 1
| #define HAVE_SYS_STATFS_H 1
| #define HAVE_SYS_USER_H 1
| #define HAVE_SYS_VFS_H 1
| #define HAVE_NETINET_IP_H 1
| #define HAVE_NET_IF_H 1
| #define HAVE_NET_IF_ARP_H 1
| #define HAVE_NET_ROUTE_H 1
| #define HAVE_NETINET_IF_ETHER_H 1
| #define HAVE_NETINET_IP_ICMP_H 1
| #define HAVE_NETINET_UDP_H 1
| #define HAVE_NETIPX_IPX_H 1
| #define HAVE_SYS_UN_H 1
| /* end confdefs.h.  */
| #include <sys/types.h>
|      #include <sys/socket.h>
|      #ifdef HAVE_SYS_SOCKETVAR_H
|      # include <sys/socketvar.h>
|      #endif
|      #ifdef HAVE_NETINET_IN_H
|      # include <netinet/in.h>
|      #endif
|      #ifdef HAVE_NETINET_IN_SYSTM_H
|      # include <netinet/in_systm.h>
|      #endif
|      #ifdef HAVE_NETINET_IP_H
|      # include <netinet/ip.h>
|      #endif
|      #ifdef HAVE_NETINET_IP_VAR_H
|      # include <netinet/ip_var.h>
|      #endif
|      #ifdef HAVE_NETINET_IP_ICMP_H
|      # include <netinet/ip_icmp.h>
|      #endif
|      #ifdef HAVE_NETINET_UDP_H
|      # include <netinet/udp.h>
|      #endif
|      #ifdef HAVE_NETINET_TCP_H
|      # include <netinet/tcp.h>
|      #endif
| 
| #include <netinet/udp_var.h>
configure:11749: result: no
configure:11781: checking for netinet/icmp_var.h
configure:11781: gcc -m64 -c -g -O2  conftest.c >&5
conftest.c:118:10: fatal error: netinet/icmp_var.h: No such file or directory
  118 | #include <netinet/icmp_var.h>
      |          ^~~~~~~~~~~~~~~~~~~~
compilation terminated.
configure:11781: $? = 1
configure: failed program was:
| /* confdefs.h */
| #define PACKAGE_NAME "Wine"
| #define PACKAGE_TARNAME "wine"
| #define PACKAGE_VERSION "11.15"
| #define PACKAGE_STRING "Wine 11.15"
| #define PACKAGE_BUGREPORT "wine-devel@winehq.org"
| #define PACKAGE_URL "https://www.winehq.org"
| #define EXEEXT ""
| #define HAVE_STDIO_H 1
| #define HAVE_STDLIB_H 1
| #define HAVE_STRING_H 1
| #define HAVE_INTTYPES_H 1
| #define HAVE_STDINT_H 1
| #define HAVE_STRINGS_H 1
| #define HAVE_SYS_STAT_H 1
| #define HAVE_SYS_TYPES_H 1
| #define HAVE_UNISTD_H 1
| #define STDC_HEADERS 1
| #define HAVE_ARPA_INET_H 1
| #define HAVE_ARPA_NAMESER_H 1
| #define HAVE_ASM_TERMBITS_H 1
| #define HAVE_ASM_TYPES_H 1
| #define HAVE_ELF_H 1
| #define HAVE_LINK_H 1
| #define HAVE_LINUX_CDROM_H 1
| #define HAVE_LINUX_ERRQUEUE_H 1
| #define HAVE_LINUX_FILTER_H 1
| #define HAVE_LINUX_FS_H 1
| #define HAVE_LINUX_HDREG_H 1
| #define HAVE_LINUX_HIDRAW_H 1
| #define HAVE_LINUX_INPUT_H 1
| #define HAVE_LINUX_IOCTL_H 1
| #define HAVE_LINUX_MAJOR_H 1
| #define HAVE_LINUX_MEMFD_H 1
| #define HAVE_LINUX_PARAM_H 1
| #define HAVE_LINUX_SERIAL_H 1
| #define HAVE_LINUX_TYPES_H 1
| #define HAVE_LINUX_USERFAULTFD_H 1
| #define HAVE_LINUX_WIRELESS_H 1
| #define HAVE_MNTENT_H 1
| #define HAVE_NETDB_H 1
| #define HAVE_NETINET_IN_H 1
| #define HAVE_NETINET_IN_SYSTM_H 1
| #define HAVE_NETINET_TCP_H 1
| #define HAVE_PWD_H 1
| #define HAVE_SCHED_H 1
| #define HAVE_SCSI_SCSI_H 1
| #define HAVE_SCSI_SCSI_IOCTL_H 1
| #define HAVE_SCSI_SG_H 1
| #define HAVE_SYS_AUXV_H 1
| #define HAVE_SYS_EPOLL_H 1
| #define HAVE_SYS_IPC_H 1
| #define HAVE_SYS_MTIO_H 1
| #define HAVE_SYS_PARAM_H 1
| #define HAVE_SYS_PERSONALITY_H 1
| #define HAVE_SYS_PRCTL_H 1
| #define HAVE_SYS_PTRACE_H 1
| #define HAVE_SYS_QUEUE_H 1
| #define HAVE_SYS_RANDOM_H 1
| #define HAVE_SYS_RESOURCE_H 1
| #define HAVE_SYS_SHM_H 1
| #define HAVE_SYS_SIGNAL_H 1
| #define HAVE_SYS_SOCKETVAR_H 1
| #define HAVE_SYS_STATVFS_H 1
| #define HAVE_SYS_SYSCALL_H 1
| #define HAVE_SYS_SYSINFO_H 1
| #define HAVE_SYS_TIMES_H 1
| #define HAVE_SYS_UIO_H 1
| #define HAVE_SYS_USER_H 1
| #define HAVE_SYS_UTSNAME_H 1
| #define HAVE_SYS_XATTR_H 1
| #define HAVE_SYSCALL_H 1
| #define HAVE_UTIME_H 1
| #define HAVE_VALGRIND_MEMCHECK_H 1
| #define HAVE_VALGRIND_VALGRIND_H 1
| #define MAJOR_IN_SYSMACROS 1
| #define HAVE_SYS_MOUNT_H 1
| #define HAVE_SYS_STATFS_H 1
| #define HAVE_SYS_USER_H 1
| #define HAVE_SYS_VFS_H 1
| #define HAVE_NETINET_IP_H 1
| #define HAVE_NET_IF_H 1
| #define HAVE_NET_IF_ARP_H 1
| #define HAVE_NET_ROUTE_H 1
| #define HAVE_NETINET_IF_ETHER_H 1
| #define HAVE_NETINET_IP_ICMP_H 1
| #define HAVE_NETINET_UDP_H 1
| #define HAVE_NETIPX_IPX_H 1
| #define HAVE_SYS_UN_H 1
| /* end confdefs.h.  */
| #include <sys/types.h>
|      #include <sys/socket.h>
|      #ifdef HAVE_SYS_SOCKETVAR_H
|      # include <sys/socketvar.h>
|      #endif
|      #ifdef HAVE_NETINET_IN_H
|      # include <netinet/in.h>
|      #endif
|      #ifdef HAVE_NETINET_IN_SYSTM_H
|      # include <netinet/in_systm.h>
|      #endif
|      #ifdef HAVE_NETINET_IP_H
|      # include <netinet/ip.h>
|      #endif
|      #ifdef HAVE_NETINET_IP_VAR_H
|      # include <netinet/ip_var.h>
|      #endif
|      #ifdef HAVE_NETINET_IP_ICMP_H
|      # include <netinet/ip_icmp.h>
|      #endif
|      #ifdef HAVE_NETINET_UDP_H
|      # include <netinet/udp.h>
|      #endif
|      #ifdef HAVE_NETINET_TCP_H
|      # include <netinet/tcp.h>
|      #endif
| 
| #include <netinet/icmp_var.h>
configure:11781: result: no
configure:11813: checking for netinet/icmp6.h
configure:11813: gcc -m64 -c -g -O2  conftest.c >&5
configure:11813: $? = 0
configure:11813: result: yes
configure:11845: checking for netinet/tcp_var.h
configure:11845: gcc -m64 -c -g -O2  conftest.c >&5
conftest.c:119:10: fatal error: netinet/tcp_var.h: No such file or directory
  119 | #include <netinet/tcp_var.h>
      |          ^~~~~~~~~~~~~~~~~~~
compilation terminated.
configure:11845: $? = 1
configure: failed program was:
| /* confdefs.h */
| #define PACKAGE_NAME "Wine"
| #define PACKAGE_TARNAME "wine"
| #define PACKAGE_VERSION "11.15"
| #define PACKAGE_STRING "Wine 11.15"
| #define PACKAGE_BUGREPORT "wine-devel@winehq.org"
| #define PACKAGE_URL "https://www.winehq.org"
| #define EXEEXT ""
| #define HAVE_STDIO_H 1
| #define HAVE_STDLIB_H 1
| #define HAVE_STRING_H 1
| #define HAVE_INTTYPES_H 1
| #define HAVE_STDINT_H 1
| #define HAVE_STRINGS_H 1
| #define HAVE_SYS_STAT_H 1
| #define HAVE_SYS_TYPES_H 1
| #define HAVE_UNISTD_H 1
| #define STDC_HEADERS 1
| #define HAVE_ARPA_INET_H 1
| #define HAVE_ARPA_NAMESER_H 1
| #define HAVE_ASM_TERMBITS_H 1
| #define HAVE_ASM_TYPES_H 1
| #define HAVE_ELF_H 1
| #define HAVE_LINK_H 1
| #define HAVE_LINUX_CDROM_H 1
| #define HAVE_LINUX_ERRQUEUE_H 1
| #define HAVE_LINUX_FILTER_H 1
| #define HAVE_LINUX_FS_H 1
| #define HAVE_LINUX_HDREG_H 1
| #define HAVE_LINUX_HIDRAW_H 1
| #define HAVE_LINUX_INPUT_H 1
| #define HAVE_LINUX_IOCTL_H 1
| #define HAVE_LINUX_MAJOR_H 1
| #define HAVE_LINUX_MEMFD_H 1
| #define HAVE_LINUX_PARAM_H 1
| #define HAVE_LINUX_SERIAL_H 1
| #define HAVE_LINUX_TYPES_H 1
| #define HAVE_LINUX_USERFAULTFD_H 1
| #define HAVE_LINUX_WIRELESS_H 1
| #define HAVE_MNTENT_H 1
| #define HAVE_NETDB_H 1
| #define HAVE_NETINET_IN_H 1
| #define HAVE_NETINET_IN_SYSTM_H 1
| #define HAVE_NETINET_TCP_H 1
| #define HAVE_PWD_H 1
| #define HAVE_SCHED_H 1
| #define HAVE_SCSI_SCSI_H 1
| #define HAVE_SCSI_SCSI_IOCTL_H 1
| #define HAVE_SCSI_SG_H 1
| #define HAVE_SYS_AUXV_H 1
| #define HAVE_SYS_EPOLL_H 1
| #define HAVE_SYS_IPC_H 1
| #define HAVE_SYS_MTIO_H 1
| #define HAVE_SYS_PARAM_H 1
| #define HAVE_SYS_PERSONALITY_H 1
| #define HAVE_SYS_PRCTL_H 1
| #define HAVE_SYS_PTRACE_H 1
| #define HAVE_SYS_QUEUE_H 1
| #define HAVE_SYS_RANDOM_H 1
| #define HAVE_SYS_RESOURCE_H 1
| #define HAVE_SYS_SHM_H 1
| #define HAVE_SYS_SIGNAL_H 1
| #define HAVE_SYS_SOCKETVAR_H 1
| #define HAVE_SYS_STATVFS_H 1
| #define HAVE_SYS_SYSCALL_H 1
| #define HAVE_SYS_SYSINFO_H 1
| #define HAVE_SYS_TIMES_H 1
| #define HAVE_SYS_UIO_H 1
| #define HAVE_SYS_USER_H 1
| #define HAVE_SYS_UTSNAME_H 1
| #define HAVE_SYS_XATTR_H 1
| #define HAVE_SYSCALL_H 1
| #define HAVE_UTIME_H 1
| #define HAVE_VALGRIND_MEMCHECK_H 1
| #define HAVE_VALGRIND_VALGRIND_H 1
| #define MAJOR_IN_SYSMACROS 1
| #define HAVE_SYS_MOUNT_H 1
| #define HAVE_SYS_STATFS_H 1
| #define HAVE_SYS_USER_H 1
| #define HAVE_SYS_VFS_H 1
| #define HAVE_NETINET_IP_H 1
| #define HAVE_NET_IF_H 1
| #define HAVE_NET_IF_ARP_H 1
| #define HAVE_NET_ROUTE_H 1
| #define HAVE_NETINET_IF_ETHER_H 1
| #define HAVE_NETINET_IP_ICMP_H 1
| #define HAVE_NETINET_UDP_H 1
| #define HAVE_NETIPX_IPX_H 1
| #define HAVE_SYS_UN_H 1
| #define HAVE_NETINET_ICMP6_H 1
| /* end confdefs.h.  */
| #include <sys/types.h>
|      #include <sys/socket.h>
|      #ifdef HAVE_SYS_SOCKETVAR_H
|      # include <sys/socketvar.h>
|      #endif
|      #ifdef HAVE_NETINET_IN_H
|      # include <netinet/in.h>
|      #endif
|      #ifdef HAVE_NETINET_IN_SYSTM_H
|      # include <netinet/in_systm.h>
|      #endif
|      #ifdef HAVE_NETINET_IP_H
|      # include <netinet/ip.h>
|      #endif
|      #ifdef HAVE_NETINET_IP_VAR_H
|      # include <netinet/ip_var.h>
|      #endif
|      #ifdef HAVE_NETINET_IP_ICMP_H
|      # include <netinet/ip_icmp.h>
|      #endif
|      #ifdef HAVE_NETINET_UDP_H
|      # include <netinet/udp.h>
|      #endif
|      #ifdef HAVE_NETINET_TCP_H
|      # include <netinet/tcp.h>
|      #endif
| 
| #include <netinet/tcp_var.h>
configure:11845: result: no
configure:11879: checking for linux/ipx.h
configure:11879: gcc -m64 -c -g -O2  conftest.c >&5
conftest.c:101:10: fatal error: linux/ipx.h: No such file or directory
  101 | #include <linux/ipx.h>
      |          ^~~~~~~~~~~~~
compilation terminated.
configure:11879: $? = 1
configure: failed program was:
| /* confdefs.h */
| #define PACKAGE_NAME "Wine"
| #define PACKAGE_TARNAME "wine"
| #define PACKAGE_VERSION "11.15"
| #define PACKAGE_STRING "Wine 11.15"
| #define PACKAGE_BUGREPORT "wine-devel@winehq.org"
| #define PACKAGE_URL "https://www.winehq.org"
| #define EXEEXT ""
| #define HAVE_STDIO_H 1
| #define HAVE_STDLIB_H 1
| #define HAVE_STRING_H 1
| #define HAVE_INTTYPES_H 1
| #define HAVE_STDINT_H 1
| #define HAVE_STRINGS_H 1
| #define HAVE_SYS_STAT_H 1
| #define HAVE_SYS_TYPES_H 1
| #define HAVE_UNISTD_H 1
| #define STDC_HEADERS 1
| #define HAVE_ARPA_INET_H 1
| #define HAVE_ARPA_NAMESER_H 1
| #define HAVE_ASM_TERMBITS_H 1
| #define HAVE_ASM_TYPES_H 1
| #define HAVE_ELF_H 1
| #define HAVE_LINK_H 1
| #define HAVE_LINUX_CDROM_H 1
| #define HAVE_LINUX_ERRQUEUE_H 1
| #define HAVE_LINUX_FILTER_H 1
| #define HAVE_LINUX_FS_H 1
| #define HAVE_LINUX_HDREG_H 1
| #define HAVE_LINUX_HIDRAW_H 1
| #define HAVE_LINUX_INPUT_H 1
| #define HAVE_LINUX_IOCTL_H 1
| #define HAVE_LINUX_MAJOR_H 1
| #define HAVE_LINUX_MEMFD_H 1
| #define HAVE_LINUX_PARAM_H 1
| #define HAVE_LINUX_SERIAL_H 1
| #define HAVE_LINUX_TYPES_H 1
| #define HAVE_LINUX_USERFAULTFD_H 1
| #define HAVE_LINUX_WIRELESS_H 1
| #define HAVE_MNTENT_H 1
| #define HAVE_NETDB_H 1
| #define HAVE_NETINET_IN_H 1
| #define HAVE_NETINET_IN_SYSTM_H 1
| #define HAVE_NETINET_TCP_H 1
| #define HAVE_PWD_H 1
| #define HAVE_SCHED_H 1
| #define HAVE_SCSI_SCSI_H 1
| #define HAVE_SCSI_SCSI_IOCTL_H 1
| #define HAVE_SCSI_SG_H 1
| #define HAVE_SYS_AUXV_H 1
| #define HAVE_SYS_EPOLL_H 1
| #define HAVE_SYS_IPC_H 1
| #define HAVE_SYS_MTIO_H 1
| #define HAVE_SYS_PARAM_H 1
| #define HAVE_SYS_PERSONALITY_H 1
| #define HAVE_SYS_PRCTL_H 1
| #define HAVE_SYS_PTRACE_H 1
| #define HAVE_SYS_QUEUE_H 1
| #define HAVE_SYS_RANDOM_H 1
| #define HAVE_SYS_RESOURCE_H 1
| #define HAVE_SYS_SHM_H 1
| #define HAVE_SYS_SIGNAL_H 1
| #define HAVE_SYS_SOCKETVAR_H 1
| #define HAVE_SYS_STATVFS_H 1
| #define HAVE_SYS_SYSCALL_H 1
| #define HAVE_SYS_SYSINFO_H 1
| #define HAVE_SYS_TIMES_H 1
| #define HAVE_SYS_UIO_H 1
| #define HAVE_SYS_USER_H 1
| #define HAVE_SYS_UTSNAME_H 1
| #define HAVE_SYS_XATTR_H 1
| #define HAVE_SYSCALL_H 1
| #define HAVE_UTIME_H 1
| #define HAVE_VALGRIND_MEMCHECK_H 1
| #define HAVE_VALGRIND_VALGRIND_H 1
| #define MAJOR_IN_SYSMACROS 1
| #define HAVE_SYS_MOUNT_H 1
| #define HAVE_SYS_STATFS_H 1
| #define HAVE_SYS_USER_H 1
| #define HAVE_SYS_VFS_H 1
| #define HAVE_NETINET_IP_H 1
| #define HAVE_NET_IF_H 1
| #define HAVE_NET_IF_ARP_H 1
| #define HAVE_NET_ROUTE_H 1
| #define HAVE_NETINET_IF_ETHER_H 1
| #define HAVE_NETINET_IP_ICMP_H 1
| #define HAVE_NETINET_UDP_H 1
| #define HAVE_NETIPX_IPX_H 1
| #define HAVE_SYS_UN_H 1
| #define HAVE_NETINET_ICMP6_H 1
| /* end confdefs.h.  */
| #include <sys/types.h>
|      #include <sys/socket.h>
|      #ifdef HAVE_ASM_TYPES_H
|      # include <asm/types.h>
|      #endif
|      #ifdef HAVE_LINUX_TYPES_H
|      # include <linux/types.h>
|      #endif
| 
| #include <linux/ipx.h>
configure:11879: result: no
configure:11893: checking for linux/irda.h
configure:11893: gcc -m64 -c -g -O2  conftest.c >&5
conftest.c:101:10: fatal error: linux/irda.h: No such file or directory
  101 | #include <linux/irda.h>
      |          ^~~~~~~~~~~~~~
compilation terminated.
configure:11893: $? = 1
configure: failed program was:
| /* confdefs.h */
| #define PACKAGE_NAME "Wine"
| #define PACKAGE_TARNAME "wine"
| #define PACKAGE_VERSION "11.15"
| #define PACKAGE_STRING "Wine 11.15"
| #define PACKAGE_BUGREPORT "wine-devel@winehq.org"
| #define PACKAGE_URL "https://www.winehq.org"
| #define EXEEXT ""
| #define HAVE_STDIO_H 1
| #define HAVE_STDLIB_H 1
| #define HAVE_STRING_H 1
| #define HAVE_INTTYPES_H 1
| #define HAVE_STDINT_H 1
| #define HAVE_STRINGS_H 1
| #define HAVE_SYS_STAT_H 1
| #define HAVE_SYS_TYPES_H 1
| #define HAVE_UNISTD_H 1
| #define STDC_HEADERS 1
| #define HAVE_ARPA_INET_H 1
| #define HAVE_ARPA_NAMESER_H 1
| #define HAVE_ASM_TERMBITS_H 1
| #define HAVE_ASM_TYPES_H 1
| #define HAVE_ELF_H 1
| #define HAVE_LINK_H 1
| #define HAVE_LINUX_CDROM_H 1
| #define HAVE_LINUX_ERRQUEUE_H 1
| #define HAVE_LINUX_FILTER_H 1
| #define HAVE_LINUX_FS_H 1
| #define HAVE_LINUX_HDREG_H 1
| #define HAVE_LINUX_HIDRAW_H 1
| #define HAVE_LINUX_INPUT_H 1
| #define HAVE_LINUX_IOCTL_H 1
| #define HAVE_LINUX_MAJOR_H 1
| #define HAVE_LINUX_MEMFD_H 1
| #define HAVE_LINUX_PARAM_H 1
| #define HAVE_LINUX_SERIAL_H 1
| #define HAVE_LINUX_TYPES_H 1
| #define HAVE_LINUX_USERFAULTFD_H 1
| #define HAVE_LINUX_WIRELESS_H 1
| #define HAVE_MNTENT_H 1
| #define HAVE_NETDB_H 1
| #define HAVE_NETINET_IN_H 1
| #define HAVE_NETINET_IN_SYSTM_H 1
| #define HAVE_NETINET_TCP_H 1
| #define HAVE_PWD_H 1
| #define HAVE_SCHED_H 1
| #define HAVE_SCSI_SCSI_H 1
| #define HAVE_SCSI_SCSI_IOCTL_H 1
| #define HAVE_SCSI_SG_H 1
| #define HAVE_SYS_AUXV_H 1
| #define HAVE_SYS_EPOLL_H 1
| #define HAVE_SYS_IPC_H 1
| #define HAVE_SYS_MTIO_H 1
| #define HAVE_SYS_PARAM_H 1
| #define HAVE_SYS_PERSONALITY_H 1
| #define HAVE_SYS_PRCTL_H 1
| #define HAVE_SYS_PTRACE_H 1
| #define HAVE_SYS_QUEUE_H 1
| #define HAVE_SYS_RANDOM_H 1
| #define HAVE_SYS_RESOURCE_H 1
| #define HAVE_SYS_SHM_H 1
| #define HAVE_SYS_SIGNAL_H 1
| #define HAVE_SYS_SOCKETVAR_H 1
| #define HAVE_SYS_STATVFS_H 1
| #define HAVE_SYS_SYSCALL_H 1
| #define HAVE_SYS_SYSINFO_H 1
| #define HAVE_SYS_TIMES_H 1
| #define HAVE_SYS_UIO_H 1
| #define HAVE_SYS_USER_H 1
| #define HAVE_SYS_UTSNAME_H 1
| #define HAVE_SYS_XATTR_H 1
| #define HAVE_SYSCALL_H 1
| #define HAVE_UTIME_H 1
| #define HAVE_VALGRIND_MEMCHECK_H 1
| #define HAVE_VALGRIND_VALGRIND_H 1
| #define MAJOR_IN_SYSMACROS 1
| #define HAVE_SYS_MOUNT_H 1
| #define HAVE_SYS_STATFS_H 1
| #define HAVE_SYS_USER_H 1
| #define HAVE_SYS_VFS_H 1
| #define HAVE_NETINET_IP_H 1
| #define HAVE_NET_IF_H 1
| #define HAVE_NET_IF_ARP_H 1
| #define HAVE_NET_ROUTE_H 1
| #define HAVE_NETINET_IF_ETHER_H 1
| #define HAVE_NETINET_IP_ICMP_H 1
| #define HAVE_NETINET_UDP_H 1
| #define HAVE_NETIPX_IPX_H 1
| #define HAVE_SYS_UN_H 1
| #define HAVE_NETINET_ICMP6_H 1
| /* end confdefs.h.  */
| #include <sys/types.h>
|      #include <sys/socket.h>
|      #ifdef HAVE_ASM_TYPES_H
|      # include <asm/types.h>
|      #endif
|      #ifdef HAVE_LINUX_TYPES_H
|      # include <linux/types.h>
|      #endif
| 
| #include <linux/irda.h>
configure:11893: result: no
configure:11907: checking for linux/rtnetlink.h
configure:11907: gcc -m64 -c -g -O2  conftest.c >&5
configure:11907: $? = 0
configure:11907: result: yes
configure:11923: checking for resolv.h
configure:11923: gcc -m64 -c -g -O2  conftest.c >&5
configure:11923: $? = 0
configure:11923: result: yes
configure:11939: checking for ifaddrs.h
configure:11939: gcc -m64 -c -g -O2  conftest.c >&5
configure:11939: $? = 0
configure:11939: result: yes
configure:11948: checking for sys/ucontext.h
configure:11948: gcc -m64 -c -g -O2  conftest.c >&5
configure:11948: $? = 0
configure:11948: result: yes
configure:11957: checking for sys/thr.h
configure:11957: gcc -m64 -c -g -O2  conftest.c >&5
conftest.c:101:10: fatal error: sys/thr.h: No such file or directory
  101 | #include <sys/thr.h>
      |          ^~~~~~~~~~~
compilation terminated.
configure:11957: $? = 1
configure: failed program was:
| /* confdefs.h */
| #define PACKAGE_NAME "Wine"
| #define PACKAGE_TARNAME "wine"
| #define PACKAGE_VERSION "11.15"
| #define PACKAGE_STRING "Wine 11.15"
| #define PACKAGE_BUGREPORT "wine-devel@winehq.org"
| #define PACKAGE_URL "https://www.winehq.org"
| #define EXEEXT ""
| #define HAVE_STDIO_H 1
| #define HAVE_STDLIB_H 1
| #define HAVE_STRING_H 1
| #define HAVE_INTTYPES_H 1
| #define HAVE_STDINT_H 1
| #define HAVE_STRINGS_H 1
| #define HAVE_SYS_STAT_H 1
| #define HAVE_SYS_TYPES_H 1
| #define HAVE_UNISTD_H 1
| #define STDC_HEADERS 1
| #define HAVE_ARPA_INET_H 1
| #define HAVE_ARPA_NAMESER_H 1
| #define HAVE_ASM_TERMBITS_H 1
| #define HAVE_ASM_TYPES_H 1
| #define HAVE_ELF_H 1
| #define HAVE_LINK_H 1
| #define HAVE_LINUX_CDROM_H 1
| #define HAVE_LINUX_ERRQUEUE_H 1
| #define HAVE_LINUX_FILTER_H 1
| #define HAVE_LINUX_FS_H 1
| #define HAVE_LINUX_HDREG_H 1
| #define HAVE_LINUX_HIDRAW_H 1
| #define HAVE_LINUX_INPUT_H 1
| #define HAVE_LINUX_IOCTL_H 1
| #define HAVE_LINUX_MAJOR_H 1
| #define HAVE_LINUX_MEMFD_H 1
| #define HAVE_LINUX_PARAM_H 1
| #define HAVE_LINUX_SERIAL_H 1
| #define HAVE_LINUX_TYPES_H 1
| #define HAVE_LINUX_USERFAULTFD_H 1
| #define HAVE_LINUX_WIRELESS_H 1
| #define HAVE_MNTENT_H 1
| #define HAVE_NETDB_H 1
| #define HAVE_NETINET_IN_H 1
| #define HAVE_NETINET_IN_SYSTM_H 1
| #define HAVE_NETINET_TCP_H 1
| #define HAVE_PWD_H 1
| #define HAVE_SCHED_H 1
| #define HAVE_SCSI_SCSI_H 1
| #define HAVE_SCSI_SCSI_IOCTL_H 1
| #define HAVE_SCSI_SG_H 1
| #define HAVE_SYS_AUXV_H 1
| #define HAVE_SYS_EPOLL_H 1
| #define HAVE_SYS_IPC_H 1
| #define HAVE_SYS_MTIO_H 1
| #define HAVE_SYS_PARAM_H 1
| #define HAVE_SYS_PERSONALITY_H 1
| #define HAVE_SYS_PRCTL_H 1
| #define HAVE_SYS_PTRACE_H 1
| #define HAVE_SYS_QUEUE_H 1
| #define HAVE_SYS_RANDOM_H 1
| #define HAVE_SYS_RESOURCE_H 1
| #define HAVE_SYS_SHM_H 1
| #define HAVE_SYS_SIGNAL_H 1
| #define HAVE_SYS_SOCKETVAR_H 1
| #define HAVE_SYS_STATVFS_H 1
| #define HAVE_SYS_SYSCALL_H 1
| #define HAVE_SYS_SYSINFO_H 1
| #define HAVE_SYS_TIMES_H 1
| #define HAVE_SYS_UIO_H 1
| #define HAVE_SYS_USER_H 1
| #define HAVE_SYS_UTSNAME_H 1
| #define HAVE_SYS_XATTR_H 1
| #define HAVE_SYSCALL_H 1
| #define HAVE_UTIME_H 1
| #define HAVE_VALGRIND_MEMCHECK_H 1
| #define HAVE_VALGRIND_VALGRIND_H 1
| #define MAJOR_IN_SYSMACROS 1
| #define HAVE_SYS_MOUNT_H 1
| #define HAVE_SYS_STATFS_H 1
| #define HAVE_SYS_USER_H 1
| #define HAVE_SYS_VFS_H 1
| #define HAVE_NETINET_IP_H 1
| #define HAVE_NET_IF_H 1
| #define HAVE_NET_IF_ARP_H 1
| #define HAVE_NET_ROUTE_H 1
| #define HAVE_NETINET_IF_ETHER_H 1
| #define HAVE_NETINET_IP_ICMP_H 1
| #define HAVE_NETINET_UDP_H 1
| #define HAVE_NETIPX_IPX_H 1
| #define HAVE_SYS_UN_H 1
| #define HAVE_NETINET_ICMP6_H 1
| #define HAVE_LINUX_RTNETLINK_H 1
| #define HAVE_RESOLV_H 1
| #define HAVE_IFADDRS_H 1
| #define HAVE_SYS_UCONTEXT_H 1
| /* end confdefs.h.  */
| #include <sys/types.h>
| #ifdef HAVE_SYS_UCONTEXT_H
| #include <sys/ucontext.h>
| #endif
| 
| #include <sys/thr.h>
configure:11957: result: no
configure:11969: checking for pthread_np.h
configure:11969: gcc -m64 -c -g -O2  conftest.c >&5
conftest.c:98:10: fatal error: pthread_np.h: No such file or directory
   98 | #include <pthread_np.h>
      |          ^~~~~~~~~~~~~~
compilation terminated.
configure:11969: $? = 1
configure: failed program was:
| /* confdefs.h */
| #define PACKAGE_NAME "Wine"
| #define PACKAGE_TARNAME "wine"
| #define PACKAGE_VERSION "11.15"
| #define PACKAGE_STRING "Wine 11.15"
| #define PACKAGE_BUGREPORT "wine-devel@winehq.org"
| #define PACKAGE_URL "https://www.winehq.org"
| #define EXEEXT ""
| #define HAVE_STDIO_H 1
| #define HAVE_STDLIB_H 1
| #define HAVE_STRING_H 1
| #define HAVE_INTTYPES_H 1
| #define HAVE_STDINT_H 1
| #define HAVE_STRINGS_H 1
| #define HAVE_SYS_STAT_H 1
| #define HAVE_SYS_TYPES_H 1
| #define HAVE_UNISTD_H 1
| #define STDC_HEADERS 1
| #define HAVE_ARPA_INET_H 1
| #define HAVE_ARPA_NAMESER_H 1
| #define HAVE_ASM_TERMBITS_H 1
| #define HAVE_ASM_TYPES_H 1
| #define HAVE_ELF_H 1
| #define HAVE_LINK_H 1
| #define HAVE_LINUX_CDROM_H 1
| #define HAVE_LINUX_ERRQUEUE_H 1
| #define HAVE_LINUX_FILTER_H 1
| #define HAVE_LINUX_FS_H 1
| #define HAVE_LINUX_HDREG_H 1
| #define HAVE_LINUX_HIDRAW_H 1
| #define HAVE_LINUX_INPUT_H 1
| #define HAVE_LINUX_IOCTL_H 1
| #define HAVE_LINUX_MAJOR_H 1
| #define HAVE_LINUX_MEMFD_H 1
| #define HAVE_LINUX_PARAM_H 1
| #define HAVE_LINUX_SERIAL_H 1
| #define HAVE_LINUX_TYPES_H 1
| #define HAVE_LINUX_USERFAULTFD_H 1
| #define HAVE_LINUX_WIRELESS_H 1
| #define HAVE_MNTENT_H 1
| #define HAVE_NETDB_H 1
| #define HAVE_NETINET_IN_H 1
| #define HAVE_NETINET_IN_SYSTM_H 1
| #define HAVE_NETINET_TCP_H 1
| #define HAVE_PWD_H 1
| #define HAVE_SCHED_H 1
| #define HAVE_SCSI_SCSI_H 1
| #define HAVE_SCSI_SCSI_IOCTL_H 1
| #define HAVE_SCSI_SG_H 1
| #define HAVE_SYS_AUXV_H 1
| #define HAVE_SYS_EPOLL_H 1
| #define HAVE_SYS_IPC_H 1
| #define HAVE_SYS_MTIO_H 1
| #define HAVE_SYS_PARAM_H 1
| #define HAVE_SYS_PERSONALITY_H 1
| #define HAVE_SYS_PRCTL_H 1
| #define HAVE_SYS_PTRACE_H 1
| #define HAVE_SYS_QUEUE_H 1
| #define HAVE_SYS_RANDOM_H 1
| #define HAVE_SYS_RESOURCE_H 1
| #define HAVE_SYS_SHM_H 1
| #define HAVE_SYS_SIGNAL_H 1
| #define HAVE_SYS_SOCKETVAR_H 1
| #define HAVE_SYS_STATVFS_H 1
| #define HAVE_SYS_SYSCALL_H 1
| #define HAVE_SYS_SYSINFO_H 1
| #define HAVE_SYS_TIMES_H 1
| #define HAVE_SYS_UIO_H 1
| #define HAVE_SYS_USER_H 1
| #define HAVE_SYS_UTSNAME_H 1
| #define HAVE_SYS_XATTR_H 1
| #define HAVE_SYSCALL_H 1
| #define HAVE_UTIME_H 1
| #define HAVE_VALGRIND_MEMCHECK_H 1
| #define HAVE_VALGRIND_VALGRIND_H 1
| #define MAJOR_IN_SYSMACROS 1
| #define HAVE_SYS_MOUNT_H 1
| #define HAVE_SYS_STATFS_H 1
| #define HAVE_SYS_USER_H 1
| #define HAVE_SYS_VFS_H 1
| #define HAVE_NETINET_IP_H 1
| #define HAVE_NET_IF_H 1
| #define HAVE_NET_IF_ARP_H 1
| #define HAVE_NET_ROUTE_H 1
| #define HAVE_NETINET_IF_ETHER_H 1
| #define HAVE_NETINET_IP_ICMP_H 1
| #define HAVE_NETINET_UDP_H 1
| #define HAVE_NETIPX_IPX_H 1
| #define HAVE_SYS_UN_H 1
| #define HAVE_NETINET_ICMP6_H 1
| #define HAVE_LINUX_RTNETLINK_H 1
| #define HAVE_RESOLV_H 1
| #define HAVE_IFADDRS_H 1
| #define HAVE_SYS_UCONTEXT_H 1
| /* end confdefs.h.  */
| #include <pthread.h>
| 
| #include <pthread_np.h>
configure:11969: result: no
configure:11978: checking for linux/videodev2.h
configure:11978: gcc -m64 -c -g -O2  conftest.c >&5
configure:11978: $? = 0
configure:11978: result: yes
configure:11991: checking for libprocstat.h
configure:11991: gcc -m64 -c -g -O2  conftest.c >&5
conftest.c:105:10: fatal error: libprocstat.h: No such file or directory
  105 | #include <libprocstat.h>
      |          ^~~~~~~~~~~~~~~
compilation terminated.
configure:11991: $? = 1
configure: failed program was:
| /* confdefs.h */
| #define PACKAGE_NAME "Wine"
| #define PACKAGE_TARNAME "wine"
| #define PACKAGE_VERSION "11.15"
| #define PACKAGE_STRING "Wine 11.15"
| #define PACKAGE_BUGREPORT "wine-devel@winehq.org"
| #define PACKAGE_URL "https://www.winehq.org"
| #define EXEEXT ""
| #define HAVE_STDIO_H 1
| #define HAVE_STDLIB_H 1
| #define HAVE_STRING_H 1
| #define HAVE_INTTYPES_H 1
| #define HAVE_STDINT_H 1
| #define HAVE_STRINGS_H 1
| #define HAVE_SYS_STAT_H 1
| #define HAVE_SYS_TYPES_H 1
| #define HAVE_UNISTD_H 1
| #define STDC_HEADERS 1
| #define HAVE_ARPA_INET_H 1
| #define HAVE_ARPA_NAMESER_H 1
| #define HAVE_ASM_TERMBITS_H 1
| #define HAVE_ASM_TYPES_H 1
| #define HAVE_ELF_H 1
| #define HAVE_LINK_H 1
| #define HAVE_LINUX_CDROM_H 1
| #define HAVE_LINUX_ERRQUEUE_H 1
| #define HAVE_LINUX_FILTER_H 1
| #define HAVE_LINUX_FS_H 1
| #define HAVE_LINUX_HDREG_H 1
| #define HAVE_LINUX_HIDRAW_H 1
| #define HAVE_LINUX_INPUT_H 1
| #define HAVE_LINUX_IOCTL_H 1
| #define HAVE_LINUX_MAJOR_H 1
| #define HAVE_LINUX_MEMFD_H 1
| #define HAVE_LINUX_PARAM_H 1
| #define HAVE_LINUX_SERIAL_H 1
| #define HAVE_LINUX_TYPES_H 1
| #define HAVE_LINUX_USERFAULTFD_H 1
| #define HAVE_LINUX_WIRELESS_H 1
| #define HAVE_MNTENT_H 1
| #define HAVE_NETDB_H 1
| #define HAVE_NETINET_IN_H 1
| #define HAVE_NETINET_IN_SYSTM_H 1
| #define HAVE_NETINET_TCP_H 1
| #define HAVE_PWD_H 1
| #define HAVE_SCHED_H 1
| #define HAVE_SCSI_SCSI_H 1
| #define HAVE_SCSI_SCSI_IOCTL_H 1
| #define HAVE_SCSI_SG_H 1
| #define HAVE_SYS_AUXV_H 1
| #define HAVE_SYS_EPOLL_H 1
| #define HAVE_SYS_IPC_H 1
| #define HAVE_SYS_MTIO_H 1
| #define HAVE_SYS_PARAM_H 1
| #define HAVE_SYS_PERSONALITY_H 1
| #define HAVE_SYS_PRCTL_H 1
| #define HAVE_SYS_PTRACE_H 1
| #define HAVE_SYS_QUEUE_H 1
| #define HAVE_SYS_RANDOM_H 1
| #define HAVE_SYS_RESOURCE_H 1
| #define HAVE_SYS_SHM_H 1
| #define HAVE_SYS_SIGNAL_H 1
| #define HAVE_SYS_SOCKETVAR_H 1
| #define HAVE_SYS_STATVFS_H 1
| #define HAVE_SYS_SYSCALL_H 1
| #define HAVE_SYS_SYSINFO_H 1
| #define HAVE_SYS_TIMES_H 1
| #define HAVE_SYS_UIO_H 1
| #define HAVE_SYS_USER_H 1
| #define HAVE_SYS_UTSNAME_H 1
| #define HAVE_SYS_XATTR_H 1
| #define HAVE_SYSCALL_H 1
| #define HAVE_UTIME_H 1
| #define HAVE_VALGRIND_MEMCHECK_H 1
| #define HAVE_VALGRIND_VALGRIND_H 1
| #define MAJOR_IN_SYSMACROS 1
| #define HAVE_SYS_MOUNT_H 1
| #define HAVE_SYS_STATFS_H 1
| #define HAVE_SYS_USER_H 1
| #define HAVE_SYS_VFS_H 1
| #define HAVE_NETINET_IP_H 1
| #define HAVE_NET_IF_H 1
| #define HAVE_NET_IF_ARP_H 1
| #define HAVE_NET_ROUTE_H 1
| #define HAVE_NETINET_IF_ETHER_H 1
| #define HAVE_NETINET_IP_ICMP_H 1
| #define HAVE_NETINET_UDP_H 1
| #define HAVE_NETIPX_IPX_H 1
| #define HAVE_SYS_UN_H 1
| #define HAVE_NETINET_ICMP6_H 1
| #define HAVE_LINUX_RTNETLINK_H 1
| #define HAVE_RESOLV_H 1
| #define HAVE_IFADDRS_H 1
| #define HAVE_SYS_UCONTEXT_H 1
| #define HAVE_LINUX_VIDEODEV2_H 1
| /* end confdefs.h.  */
| #ifdef HAVE_SYS_PARAM_H
| #include <sys/param.h>
| #endif
| #include <sys/socket.h>
| #ifdef HAVE_SYS_QUEUE_H
| #include <sys/queue.h>
| #endif
| 
| #include <libprocstat.h>
configure:11991: result: no
configure:12006: checking for bluetooth/rfcomm.h
configure:12006: gcc -m64 -c -g -O2  conftest.c >&5
conftest.c:101:10: fatal error: bluetooth/rfcomm.h: No such file or directory
  101 | #include <bluetooth/rfcomm.h>
      |          ^~~~~~~~~~~~~~~~~~~~
compilation terminated.
configure:12006: $? = 1
configure: failed program was:
| /* confdefs.h */
| #define PACKAGE_NAME "Wine"
| #define PACKAGE_TARNAME "wine"
| #define PACKAGE_VERSION "11.15"
| #define PACKAGE_STRING "Wine 11.15"
| #define PACKAGE_BUGREPORT "wine-devel@winehq.org"
| #define PACKAGE_URL "https://www.winehq.org"
| #define EXEEXT ""
| #define HAVE_STDIO_H 1
| #define HAVE_STDLIB_H 1
| #define HAVE_STRING_H 1
| #define HAVE_INTTYPES_H 1
| #define HAVE_STDINT_H 1
| #define HAVE_STRINGS_H 1
| #define HAVE_SYS_STAT_H 1
| #define HAVE_SYS_TYPES_H 1
| #define HAVE_UNISTD_H 1
| #define STDC_HEADERS 1
| #define HAVE_ARPA_INET_H 1
| #define HAVE_ARPA_NAMESER_H 1
| #define HAVE_ASM_TERMBITS_H 1
| #define HAVE_ASM_TYPES_H 1
| #define HAVE_ELF_H 1
| #define HAVE_LINK_H 1
| #define HAVE_LINUX_CDROM_H 1
| #define HAVE_LINUX_ERRQUEUE_H 1
| #define HAVE_LINUX_FILTER_H 1
| #define HAVE_LINUX_FS_H 1
| #define HAVE_LINUX_HDREG_H 1
| #define HAVE_LINUX_HIDRAW_H 1
| #define HAVE_LINUX_INPUT_H 1
| #define HAVE_LINUX_IOCTL_H 1
| #define HAVE_LINUX_MAJOR_H 1
| #define HAVE_LINUX_MEMFD_H 1
| #define HAVE_LINUX_PARAM_H 1
| #define HAVE_LINUX_SERIAL_H 1
| #define HAVE_LINUX_TYPES_H 1
| #define HAVE_LINUX_USERFAULTFD_H 1
| #define HAVE_LINUX_WIRELESS_H 1
| #define HAVE_MNTENT_H 1
| #define HAVE_NETDB_H 1
| #define HAVE_NETINET_IN_H 1
| #define HAVE_NETINET_IN_SYSTM_H 1
| #define HAVE_NETINET_TCP_H 1
| #define HAVE_PWD_H 1
| #define HAVE_SCHED_H 1
| #define HAVE_SCSI_SCSI_H 1
| #define HAVE_SCSI_SCSI_IOCTL_H 1
| #define HAVE_SCSI_SG_H 1
| #define HAVE_SYS_AUXV_H 1
| #define HAVE_SYS_EPOLL_H 1
| #define HAVE_SYS_IPC_H 1
| #define HAVE_SYS_MTIO_H 1
| #define HAVE_SYS_PARAM_H 1
| #define HAVE_SYS_PERSONALITY_H 1
| #define HAVE_SYS_PRCTL_H 1
| #define HAVE_SYS_PTRACE_H 1
| #define HAVE_SYS_QUEUE_H 1
| #define HAVE_SYS_RANDOM_H 1
| #define HAVE_SYS_RESOURCE_H 1
| #define HAVE_SYS_SHM_H 1
| #define HAVE_SYS_SIGNAL_H 1
| #define HAVE_SYS_SOCKETVAR_H 1
| #define HAVE_SYS_STATVFS_H 1
| #define HAVE_SYS_SYSCALL_H 1
| #define HAVE_SYS_SYSINFO_H 1
| #define HAVE_SYS_TIMES_H 1
| #define HAVE_SYS_UIO_H 1
| #define HAVE_SYS_USER_H 1
| #define HAVE_SYS_UTSNAME_H 1
| #define HAVE_SYS_XATTR_H 1
| #define HAVE_SYSCALL_H 1
| #define HAVE_UTIME_H 1
| #define HAVE_VALGRIND_MEMCHECK_H 1
| #define HAVE_VALGRIND_VALGRIND_H 1
| #define MAJOR_IN_SYSMACROS 1
| #define HAVE_SYS_MOUNT_H 1
| #define HAVE_SYS_STATFS_H 1
| #define HAVE_SYS_USER_H 1
| #define HAVE_SYS_VFS_H 1
| #define HAVE_NETINET_IP_H 1
| #define HAVE_NET_IF_H 1
| #define HAVE_NET_IF_ARP_H 1
| #define HAVE_NET_ROUTE_H 1
| #define HAVE_NETINET_IF_ETHER_H 1
| #define HAVE_NETINET_IP_ICMP_H 1
| #define HAVE_NETINET_UDP_H 1
| #define HAVE_NETIPX_IPX_H 1
| #define HAVE_SYS_UN_H 1
| #define HAVE_NETINET_ICMP6_H 1
| #define HAVE_LINUX_RTNETLINK_H 1
| #define HAVE_RESOLV_H 1
| #define HAVE_IFADDRS_H 1
| #define HAVE_SYS_UCONTEXT_H 1
| #define HAVE_LINUX_VIDEODEV2_H 1
| /* end confdefs.h.  */
| #ifdef HAVE_BLUETOOTH_BLUETOOTH_H
| #include <bluetooth/bluetooth.h>
| #endif
| 
| #include <bluetooth/rfcomm.h>
configure:12006: result: no
configure:12019: checking whether getxattr takes additional arguments
configure:12036: gcc -m64 -c -g -O2  conftest.c >&5
conftest.c: In function 'main':
conftest.c:101:1: error: too many arguments to function 'getxattr'
  101 | getxattr("", "", "", 0, 0, 0);
      | ^~~~~~~~
In file included from conftest.c:97:
/usr/include/x86_64-linux-gnu/sys/xattr.h:60:16: note: declared here
   60 | extern ssize_t getxattr (const char *__path, const char *__name,
      |                ^~~~~~~~
configure:12036: $? = 1
configure: failed program was:
| /* confdefs.h */
| #define PACKAGE_NAME "Wine"
| #define PACKAGE_TARNAME "wine"
| #define PACKAGE_VERSION "11.15"
| #define PACKAGE_STRING "Wine 11.15"
| #define PACKAGE_BUGREPORT "wine-devel@winehq.org"
| #define PACKAGE_URL "https://www.winehq.org"
| #define EXEEXT ""
| #define HAVE_STDIO_H 1
| #define HAVE_STDLIB_H 1
| #define HAVE_STRING_H 1
| #define HAVE_INTTYPES_H 1
| #define HAVE_STDINT_H 1
| #define HAVE_STRINGS_H 1
| #define HAVE_SYS_STAT_H 1
| #define HAVE_SYS_TYPES_H 1
| #define HAVE_UNISTD_H 1
| #define STDC_HEADERS 1
| #define HAVE_ARPA_INET_H 1
| #define HAVE_ARPA_NAMESER_H 1
| #define HAVE_ASM_TERMBITS_H 1
| #define HAVE_ASM_TYPES_H 1
| #define HAVE_ELF_H 1
| #define HAVE_LINK_H 1
| #define HAVE_LINUX_CDROM_H 1
| #define HAVE_LINUX_ERRQUEUE_H 1
| #define HAVE_LINUX_FILTER_H 1
| #define HAVE_LINUX_FS_H 1
| #define HAVE_LINUX_HDREG_H 1
| #define HAVE_LINUX_HIDRAW_H 1
| #define HAVE_LINUX_INPUT_H 1
| #define HAVE_LINUX_IOCTL_H 1
| #define HAVE_LINUX_MAJOR_H 1
| #define HAVE_LINUX_MEMFD_H 1
| #define HAVE_LINUX_PARAM_H 1
| #define HAVE_LINUX_SERIAL_H 1
| #define HAVE_LINUX_TYPES_H 1
| #define HAVE_LINUX_USERFAULTFD_H 1
| #define HAVE_LINUX_WIRELESS_H 1
| #define HAVE_MNTENT_H 1
| #define HAVE_NETDB_H 1
| #define HAVE_NETINET_IN_H 1
| #define HAVE_NETINET_IN_SYSTM_H 1
| #define HAVE_NETINET_TCP_H 1
| #define HAVE_PWD_H 1
| #define HAVE_SCHED_H 1
| #define HAVE_SCSI_SCSI_H 1
| #define HAVE_SCSI_SCSI_IOCTL_H 1
| #define HAVE_SCSI_SG_H 1
| #define HAVE_SYS_AUXV_H 1
| #define HAVE_SYS_EPOLL_H 1
| #define HAVE_SYS_IPC_H 1
| #define HAVE_SYS_MTIO_H 1
| #define HAVE_SYS_PARAM_H 1
| #define HAVE_SYS_PERSONALITY_H 1
| #define HAVE_SYS_PRCTL_H 1
| #define HAVE_SYS_PTRACE_H 1
| #define HAVE_SYS_QUEUE_H 1
| #define HAVE_SYS_RANDOM_H 1
| #define HAVE_SYS_RESOURCE_H 1
| #define HAVE_SYS_SHM_H 1
| #define HAVE_SYS_SIGNAL_H 1
| #define HAVE_SYS_SOCKETVAR_H 1
| #define HAVE_SYS_STATVFS_H 1
| #define HAVE_SYS_SYSCALL_H 1
| #define HAVE_SYS_SYSINFO_H 1
| #define HAVE_SYS_TIMES_H 1
| #define HAVE_SYS_UIO_H 1
| #define HAVE_SYS_USER_H 1
| #define HAVE_SYS_UTSNAME_H 1
| #define HAVE_SYS_XATTR_H 1
| #define HAVE_SYSCALL_H 1
| #define HAVE_UTIME_H 1
| #define HAVE_VALGRIND_MEMCHECK_H 1
| #define HAVE_VALGRIND_VALGRIND_H 1
| #define MAJOR_IN_SYSMACROS 1
| #define HAVE_SYS_MOUNT_H 1
| #define HAVE_SYS_STATFS_H 1
| #define HAVE_SYS_USER_H 1
| #define HAVE_SYS_VFS_H 1
| #define HAVE_NETINET_IP_H 1
| #define HAVE_NET_IF_H 1
| #define HAVE_NET_IF_ARP_H 1
| #define HAVE_NET_ROUTE_H 1
| #define HAVE_NETINET_IF_ETHER_H 1
| #define HAVE_NETINET_IP_ICMP_H 1
| #define HAVE_NETINET_UDP_H 1
| #define HAVE_NETIPX_IPX_H 1
| #define HAVE_SYS_UN_H 1
| #define HAVE_NETINET_ICMP6_H 1
| #define HAVE_LINUX_RTNETLINK_H 1
| #define HAVE_RESOLV_H 1
| #define HAVE_IFADDRS_H 1
| #define HAVE_SYS_UCONTEXT_H 1
| #define HAVE_LINUX_VIDEODEV2_H 1
| /* end confdefs.h.  */
| #include <sys/xattr.h>
| int
| main (void)
| {
| getxattr("", "", "", 0, 0, 0);
|   ;
|   return 0;
| }
configure:12046: result: no
configure:12077: checking for ldd
configure:12101: found /usr/bin/ldd
configure:12115: result: /usr/bin/ldd
configure:12172: checking for otool
configure:12208: result: no
configure:12276: checking for readelf
configure:12297: found /usr/bin/readelf
configure:12309: result: readelf
configure:13088: checking whether -Wl,-z,defs works correctly
configure:13100: gcc -m64 -o conftest -g -O2 -fPIC -shared -Wl,-Bsymbolic -Wl,-soname,$(UNIXLIB) -Wl,-z,defs   conftest.c  >&5
configure:13100: $? = 0
configure:13112: result: yes
configure:13116: checking whether the compiler supports -Wl,--export-dynamic
configure:13128: gcc -m64 -o conftest -g -O2 -Wl,--export-dynamic   conftest.c  >&5
configure:13128: $? = 0
configure:13140: result: yes
configure:13155: checking whether the compiler supports -static-pie
configure:13167: gcc -m64 -o conftest -g -O2 -static-pie   conftest.c  >&5
configure:13167: $? = 0
configure:13179: result: yes
configure:14454: capstone cflags: -I$(top_srcdir)/libs/capstone/include
configure:14455: capstone libs: capstone
configure:14471: c++ cflags: 
configure:14472: c++ libs: c++ $(CXXABI_PE_LIBS) msvcp140 vcruntime140
configure:14488: c++abi cflags: -I$(top_srcdir)/libs/c++abi/include
configure:14489: c++abi libs: c++abi $(UNWIND_PE_LIBS) c++
configure:14505: faudio cflags: -I$(top_srcdir)/libs/faudio/include
configure:14506: faudio libs: faudio mfplat mfreadwrite mfuuid propsys
configure:14522: ffmpeg cflags: -I$(top_srcdir)/libs/ffmpeg
configure:14523: ffmpeg libs: ffmpeg bcrypt
configure:14539: fluidsynth cflags: -I$(top_srcdir)/libs/fluidsynth/include
configure:14540: fluidsynth libs: fluidsynth
configure:14556: gsm cflags: -I$(top_srcdir)/libs/gsm/inc
configure:14557: gsm libs: gsm
configure:14573: icucommon cflags: -I$(top_srcdir)/libs/icucommon
configure:14574: icucommon libs: icucommon
configure:14590: icui18n cflags: 
configure:14591: icui18n libs: icui18n
configure:14607: jpeg cflags: -I$(top_srcdir)/libs/jpeg
configure:14608: jpeg libs: jpeg
configure:14624: jxr cflags: -I$(top_srcdir)/libs/jxr/jxrgluelib -I$(top_srcdir)/libs/jxr/image/sys
configure:14625: jxr libs: jxr
configure:14641: lcms2 cflags: -I$(top_srcdir)/libs/lcms2/include
configure:14642: lcms2 libs: lcms2
configure:14658: ldap cflags: -I$(top_srcdir)/libs/ldap/include
configure:14659: ldap libs: ldap
configure:14675: mpg123 cflags: -I$(top_srcdir)/libs/mpg123/src/include
configure:14676: mpg123 libs: mpg123
configure:14692: musl cflags: 
configure:14693: musl libs: musl
configure:14709: png cflags: -I$(top_srcdir)/libs/png
configure:14710: png libs: png $(ZLIB_PE_LIBS)
configure:14726: sqlite3 cflags: 
configure:14727: sqlite3 libs: sqlite3
configure:14743: symcrypt cflags: -I$(top_srcdir)/libs/symcrypt/inc
configure:14744: symcrypt libs: symcrypt
configure:14760: tiff cflags: -I$(top_srcdir)/libs/tiff/libtiff
configure:14761: tiff libs: tiff $(ZLIB_PE_LIBS)
configure:14777: unwind cflags: -I$(top_srcdir)/libs/unwind/include
configure:14778: unwind libs: unwind
configure:14794: vkd3d cflags: -I$(top_srcdir)/libs/vkd3d/include
configure:14795: vkd3d libs: vkd3d
configure:14811: xml2 cflags: -I$(top_srcdir)/libs/xml2/include -DLIBXML_STATIC
configure:14812: xml2 libs: xml2
configure:14828: xslt cflags: -I$(top_srcdir)/libs/xslt/libxslt -I$(top_srcdir)/libs/xslt -DLIBXSLT_STATIC
configure:14829: xslt libs: xslt
configure:14845: zlib cflags: -I$(top_srcdir)/libs/zlib -DFAR= -DZ_SOLO
configure:14846: zlib libs: z
configure:14854: checking for pthread_create
configure:14854: gcc -m64 -o conftest -g -O2   conftest.c  >&5
configure:14854: $? = 0
configure:14854: result: yes
configure:14931: checking for nasm
configure:14967: result: no
configure:15000: egl cflags: 
configure:15001: egl libs: -lEGL
configure:15003: egl errors: Package egl was not found in the pkg-config search path.
Perhaps you should add the directory containing `egl.pc'
to the PKG_CONFIG_PATH environment variable
Package 'egl', required by 'virtual:world', not found
configure:15013: checking for -lEGL
configure:15042: gcc -m64 -o conftest -g -O2    conftest.c -lEGL  -lEGL  >&5
/usr/bin/ld: cannot find -lEGL: No such file or directory
/usr/bin/ld: cannot find -lEGL: No such file or directory
collect2: error: ld returned 1 exit status
configure:15042: $? = 1
configure: failed program was:
| /* confdefs.h */
| #define PACKAGE_NAME "Wine"
| #define PACKAGE_TARNAME "wine"
| #define PACKAGE_VERSION "11.15"
| #define PACKAGE_STRING "Wine 11.15"
| #define PACKAGE_BUGREPORT "wine-devel@winehq.org"
| #define PACKAGE_URL "https://www.winehq.org"
| #define EXEEXT ""
| #define HAVE_STDIO_H 1
| #define HAVE_STDLIB_H 1
| #define HAVE_STRING_H 1
| #define HAVE_INTTYPES_H 1
| #define HAVE_STDINT_H 1
| #define HAVE_STRINGS_H 1
| #define HAVE_SYS_STAT_H 1
| #define HAVE_SYS_TYPES_H 1
| #define HAVE_UNISTD_H 1
| #define STDC_HEADERS 1
| #define HAVE_ARPA_INET_H 1
| #define HAVE_ARPA_NAMESER_H 1
| #define HAVE_ASM_TERMBITS_H 1
| #define HAVE_ASM_TYPES_H 1
| #define HAVE_ELF_H 1
| #define HAVE_LINK_H 1
| #define HAVE_LINUX_CDROM_H 1
| #define HAVE_LINUX_ERRQUEUE_H 1
| #define HAVE_LINUX_FILTER_H 1
| #define HAVE_LINUX_FS_H 1
| #define HAVE_LINUX_HDREG_H 1
| #define HAVE_LINUX_HIDRAW_H 1
| #define HAVE_LINUX_INPUT_H 1
| #define HAVE_LINUX_IOCTL_H 1
| #define HAVE_LINUX_MAJOR_H 1
| #define HAVE_LINUX_MEMFD_H 1
| #define HAVE_LINUX_PARAM_H 1
| #define HAVE_LINUX_SERIAL_H 1
| #define HAVE_LINUX_TYPES_H 1
| #define HAVE_LINUX_USERFAULTFD_H 1
| #define HAVE_LINUX_WIRELESS_H 1
| #define HAVE_MNTENT_H 1
| #define HAVE_NETDB_H 1
| #define HAVE_NETINET_IN_H 1
| #define HAVE_NETINET_IN_SYSTM_H 1
| #define HAVE_NETINET_TCP_H 1
| #define HAVE_PWD_H 1
| #define HAVE_SCHED_H 1
| #define HAVE_SCSI_SCSI_H 1
| #define HAVE_SCSI_SCSI_IOCTL_H 1
| #define HAVE_SCSI_SG_H 1
| #define HAVE_SYS_AUXV_H 1
| #define HAVE_SYS_EPOLL_H 1
| #define HAVE_SYS_IPC_H 1
| #define HAVE_SYS_MTIO_H 1
| #define HAVE_SYS_PARAM_H 1
| #define HAVE_SYS_PERSONALITY_H 1
| #define HAVE_SYS_PRCTL_H 1
| #define HAVE_SYS_PTRACE_H 1
| #define HAVE_SYS_QUEUE_H 1
| #define HAVE_SYS_RANDOM_H 1
| #define HAVE_SYS_RESOURCE_H 1
| #define HAVE_SYS_SHM_H 1
| #define HAVE_SYS_SIGNAL_H 1
| #define HAVE_SYS_SOCKETVAR_H 1
| #define HAVE_SYS_STATVFS_H 1
| #define HAVE_SYS_SYSCALL_H 1
| #define HAVE_SYS_SYSINFO_H 1
| #define HAVE_SYS_TIMES_H 1
| #define HAVE_SYS_UIO_H 1
| #define HAVE_SYS_USER_H 1
| #define HAVE_SYS_UTSNAME_H 1
| #define HAVE_SYS_XATTR_H 1
| #define HAVE_SYSCALL_H 1
| #define HAVE_UTIME_H 1
| #define HAVE_VALGRIND_MEMCHECK_H 1
| #define HAVE_VALGRIND_VALGRIND_H 1
| #define MAJOR_IN_SYSMACROS 1
| #define HAVE_SYS_MOUNT_H 1
| #define HAVE_SYS_STATFS_H 1
| #define HAVE_SYS_USER_H 1
| #define HAVE_SYS_VFS_H 1
| #define HAVE_NETINET_IP_H 1
| #define HAVE_NET_IF_H 1
| #define HAVE_NET_IF_ARP_H 1
| #define HAVE_NET_ROUTE_H 1
| #define HAVE_NETINET_IF_ETHER_H 1
| #define HAVE_NETINET_IP_ICMP_H 1
| #define HAVE_NETINET_UDP_H 1
| #define HAVE_NETIPX_IPX_H 1
| #define HAVE_SYS_UN_H 1
| #define HAVE_NETINET_ICMP6_H 1
| #define HAVE_LINUX_RTNETLINK_H 1
| #define HAVE_RESOLV_H 1
| #define HAVE_IFADDRS_H 1
| #define HAVE_SYS_UCONTEXT_H 1
| #define HAVE_LINUX_VIDEODEV2_H 1
| #define _GNU_SOURCE 1
| /* end confdefs.h.  */
| 
| /* Override any GCC internal prototype to avoid an error.
|    Use char because int might match the return type of a GCC
|    builtin and then its argument prototype would still apply.
|    The 'extern "C"' is for builds by C++ compilers;
|    although this is not generally supported in C code supporting it here
|    has little cost and some practical benefit (sr 110532).  */
| #ifdef __cplusplus
| extern "C"
| #endif
| char eglGetProcAddress (void);
| int
| main (void)
| {
| return eglGetProcAddress ();
|   ;
|   return 0;
| }
configure:15064: result: not found
configure:15098: checking how to run the C preprocessor
configure:15124: gcc -m64 -E  conftest.c
configure:15124: $? = 0
configure:15140: gcc -m64 -E  conftest.c
conftest.c:98:10: fatal error: ac_nonexistent.h: No such file or directory
   98 | #include <ac_nonexistent.h>
      |          ^~~~~~~~~~~~~~~~~~
compilation terminated.
configure:15140: $? = 1
configure: failed program was:
| /* confdefs.h */
| #define PACKAGE_NAME "Wine"
| #define PACKAGE_TARNAME "wine"
| #define PACKAGE_VERSION "11.15"
| #define PACKAGE_STRING "Wine 11.15"
| #define PACKAGE_BUGREPORT "wine-devel@winehq.org"
| #define PACKAGE_URL "https://www.winehq.org"
| #define EXEEXT ""
| #define HAVE_STDIO_H 1
| #define HAVE_STDLIB_H 1
| #define HAVE_STRING_H 1
| #define HAVE_INTTYPES_H 1
| #define HAVE_STDINT_H 1
| #define HAVE_STRINGS_H 1
| #define HAVE_SYS_STAT_H 1
| #define HAVE_SYS_TYPES_H 1
| #define HAVE_UNISTD_H 1
| #define STDC_HEADERS 1
| #define HAVE_ARPA_INET_H 1
| #define HAVE_ARPA_NAMESER_H 1
| #define HAVE_ASM_TERMBITS_H 1
| #define HAVE_ASM_TYPES_H 1
| #define HAVE_ELF_H 1
| #define HAVE_LINK_H 1
| #define HAVE_LINUX_CDROM_H 1
| #define HAVE_LINUX_ERRQUEUE_H 1
| #define HAVE_LINUX_FILTER_H 1
| #define HAVE_LINUX_FS_H 1
| #define HAVE_LINUX_HDREG_H 1
| #define HAVE_LINUX_HIDRAW_H 1
| #define HAVE_LINUX_INPUT_H 1
| #define HAVE_LINUX_IOCTL_H 1
| #define HAVE_LINUX_MAJOR_H 1
| #define HAVE_LINUX_MEMFD_H 1
| #define HAVE_LINUX_PARAM_H 1
| #define HAVE_LINUX_SERIAL_H 1
| #define HAVE_LINUX_TYPES_H 1
| #define HAVE_LINUX_USERFAULTFD_H 1
| #define HAVE_LINUX_WIRELESS_H 1
| #define HAVE_MNTENT_H 1
| #define HAVE_NETDB_H 1
| #define HAVE_NETINET_IN_H 1
| #define HAVE_NETINET_IN_SYSTM_H 1
| #define HAVE_NETINET_TCP_H 1
| #define HAVE_PWD_H 1
| #define HAVE_SCHED_H 1
| #define HAVE_SCSI_SCSI_H 1
| #define HAVE_SCSI_SCSI_IOCTL_H 1
| #define HAVE_SCSI_SG_H 1
| #define HAVE_SYS_AUXV_H 1
| #define HAVE_SYS_EPOLL_H 1
| #define HAVE_SYS_IPC_H 1
| #define HAVE_SYS_MTIO_H 1
| #define HAVE_SYS_PARAM_H 1
| #define HAVE_SYS_PERSONALITY_H 1
| #define HAVE_SYS_PRCTL_H 1
| #define HAVE_SYS_PTRACE_H 1
| #define HAVE_SYS_QUEUE_H 1
| #define HAVE_SYS_RANDOM_H 1
| #define HAVE_SYS_RESOURCE_H 1
| #define HAVE_SYS_SHM_H 1
| #define HAVE_SYS_SIGNAL_H 1
| #define HAVE_SYS_SOCKETVAR_H 1
| #define HAVE_SYS_STATVFS_H 1
| #define HAVE_SYS_SYSCALL_H 1
| #define HAVE_SYS_SYSINFO_H 1
| #define HAVE_SYS_TIMES_H 1
| #define HAVE_SYS_UIO_H 1
| #define HAVE_SYS_USER_H 1
| #define HAVE_SYS_UTSNAME_H 1
| #define HAVE_SYS_XATTR_H 1
| #define HAVE_SYSCALL_H 1
| #define HAVE_UTIME_H 1
| #define HAVE_VALGRIND_MEMCHECK_H 1
| #define HAVE_VALGRIND_VALGRIND_H 1
| #define MAJOR_IN_SYSMACROS 1
| #define HAVE_SYS_MOUNT_H 1
| #define HAVE_SYS_STATFS_H 1
| #define HAVE_SYS_USER_H 1
| #define HAVE_SYS_VFS_H 1
| #define HAVE_NETINET_IP_H 1
| #define HAVE_NET_IF_H 1
| #define HAVE_NET_IF_ARP_H 1
| #define HAVE_NET_ROUTE_H 1
| #define HAVE_NETINET_IF_ETHER_H 1
| #define HAVE_NETINET_IP_ICMP_H 1
| #define HAVE_NETINET_UDP_H 1
| #define HAVE_NETIPX_IPX_H 1
| #define HAVE_SYS_UN_H 1
| #define HAVE_NETINET_ICMP6_H 1
| #define HAVE_LINUX_RTNETLINK_H 1
| #define HAVE_RESOLV_H 1
| #define HAVE_IFADDRS_H 1
| #define HAVE_SYS_UCONTEXT_H 1
| #define HAVE_LINUX_VIDEODEV2_H 1
| #define _GNU_SOURCE 1
| /* end confdefs.h.  */
| #include <ac_nonexistent.h>
configure:15169: result: gcc -m64 -E
configure:15183: gcc -m64 -E  conftest.c
configure:15183: $? = 0
configure:15199: gcc -m64 -E  conftest.c
conftest.c:98:10: fatal error: ac_nonexistent.h: No such file or directory
   98 | #include <ac_nonexistent.h>
      |          ^~~~~~~~~~~~~~~~~~
compilation terminated.
configure:15199: $? = 1
configure: failed program was:
| /* confdefs.h */
| #define PACKAGE_NAME "Wine"
| #define PACKAGE_TARNAME "wine"
| #define PACKAGE_VERSION "11.15"
| #define PACKAGE_STRING "Wine 11.15"
| #define PACKAGE_BUGREPORT "wine-devel@winehq.org"
| #define PACKAGE_URL "https://www.winehq.org"
| #define EXEEXT ""
| #define HAVE_STDIO_H 1
| #define HAVE_STDLIB_H 1
| #define HAVE_STRING_H 1
| #define HAVE_INTTYPES_H 1
| #define HAVE_STDINT_H 1
| #define HAVE_STRINGS_H 1
| #define HAVE_SYS_STAT_H 1
| #define HAVE_SYS_TYPES_H 1
| #define HAVE_UNISTD_H 1
| #define STDC_HEADERS 1
| #define HAVE_ARPA_INET_H 1
| #define HAVE_ARPA_NAMESER_H 1
| #define HAVE_ASM_TERMBITS_H 1
| #define HAVE_ASM_TYPES_H 1
| #define HAVE_ELF_H 1
| #define HAVE_LINK_H 1
| #define HAVE_LINUX_CDROM_H 1
| #define HAVE_LINUX_ERRQUEUE_H 1
| #define HAVE_LINUX_FILTER_H 1
| #define HAVE_LINUX_FS_H 1
| #define HAVE_LINUX_HDREG_H 1
| #define HAVE_LINUX_HIDRAW_H 1
| #define HAVE_LINUX_INPUT_H 1
| #define HAVE_LINUX_IOCTL_H 1
| #define HAVE_LINUX_MAJOR_H 1
| #define HAVE_LINUX_MEMFD_H 1
| #define HAVE_LINUX_PARAM_H 1
| #define HAVE_LINUX_SERIAL_H 1
| #define HAVE_LINUX_TYPES_H 1
| #define HAVE_LINUX_USERFAULTFD_H 1
| #define HAVE_LINUX_WIRELESS_H 1
| #define HAVE_MNTENT_H 1
| #define HAVE_NETDB_H 1
| #define HAVE_NETINET_IN_H 1
| #define HAVE_NETINET_IN_SYSTM_H 1
| #define HAVE_NETINET_TCP_H 1
| #define HAVE_PWD_H 1
| #define HAVE_SCHED_H 1
| #define HAVE_SCSI_SCSI_H 1
| #define HAVE_SCSI_SCSI_IOCTL_H 1
| #define HAVE_SCSI_SG_H 1
| #define HAVE_SYS_AUXV_H 1
| #define HAVE_SYS_EPOLL_H 1
| #define HAVE_SYS_IPC_H 1
| #define HAVE_SYS_MTIO_H 1
| #define HAVE_SYS_PARAM_H 1
| #define HAVE_SYS_PERSONALITY_H 1
| #define HAVE_SYS_PRCTL_H 1
| #define HAVE_SYS_PTRACE_H 1
| #define HAVE_SYS_QUEUE_H 1
| #define HAVE_SYS_RANDOM_H 1
| #define HAVE_SYS_RESOURCE_H 1
| #define HAVE_SYS_SHM_H 1
| #define HAVE_SYS_SIGNAL_H 1
| #define HAVE_SYS_SOCKETVAR_H 1
| #define HAVE_SYS_STATVFS_H 1
| #define HAVE_SYS_SYSCALL_H 1
| #define HAVE_SYS_SYSINFO_H 1
| #define HAVE_SYS_TIMES_H 1
| #define HAVE_SYS_UIO_H 1
| #define HAVE_SYS_USER_H 1
| #define HAVE_SYS_UTSNAME_H 1
| #define HAVE_SYS_XATTR_H 1
| #define HAVE_SYSCALL_H 1
| #define HAVE_UTIME_H 1
| #define HAVE_VALGRIND_MEMCHECK_H 1
| #define HAVE_VALGRIND_VALGRIND_H 1
| #define MAJOR_IN_SYSMACROS 1
| #define HAVE_SYS_MOUNT_H 1
| #define HAVE_SYS_STATFS_H 1
| #define HAVE_SYS_USER_H 1
| #define HAVE_SYS_VFS_H 1
| #define HAVE_NETINET_IP_H 1
| #define HAVE_NET_IF_H 1
| #define HAVE_NET_IF_ARP_H 1
| #define HAVE_NET_ROUTE_H 1
| #define HAVE_NETINET_IF_ETHER_H 1
| #define HAVE_NETINET_IP_ICMP_H 1
| #define HAVE_NETINET_UDP_H 1
| #define HAVE_NETIPX_IPX_H 1
| #define HAVE_SYS_UN_H 1
| #define HAVE_NETINET_ICMP6_H 1
| #define HAVE_LINUX_RTNETLINK_H 1
| #define HAVE_RESOLV_H 1
| #define HAVE_IFADDRS_H 1
| #define HAVE_SYS_UCONTEXT_H 1
| #define HAVE_LINUX_VIDEODEV2_H 1
| #define _GNU_SOURCE 1
| /* end confdefs.h.  */
| #include <ac_nonexistent.h>
configure:15232: checking for X
configure:15270: gcc -m64 -o conftest -g -O2   conftest.c -lX11  >&5
configure:15270: $? = 0
configure:15460: result: libraries , headers 
configure:15474: checking for -lX11
configure:15503: gcc -m64 -o conftest -g -O2    conftest.c -lX11   >&5
configure:15503: $? = 0
configure:15529: result: libX11.so.6
configure:15537: checking for -lXext
configure:15566: gcc -m64 -o conftest -g -O2    conftest.c -lXext  -lX11  >&5
configure:15566: $? = 0
configure:15592: result: libXext.so.6
configure:15605: checking for X11/extensions/shape.h
configure:15605: gcc -m64 -c -g -O2   conftest.c >&5
configure:15605: $? = 0
configure:15605: result: yes
configure:15612: checking for X11/extensions/XInput2.h
configure:15612: gcc -m64 -c -g -O2   conftest.c >&5
configure:15612: $? = 0
configure:15612: result: yes
configure:15619: checking for X11/extensions/XShm.h
configure:15619: gcc -m64 -c -g -O2   conftest.c >&5
configure:15619: $? = 0
configure:15619: result: yes
configure:15626: checking for X11/extensions/Xfixes.h
configure:15626: gcc -m64 -c -g -O2   conftest.c >&5
configure:15626: $? = 0
configure:15626: result: yes
configure:15633: checking for X11/extensions/Xinerama.h
configure:15633: gcc -m64 -c -g -O2   conftest.c >&5
conftest.c:107:10: fatal error: X11/extensions/Xinerama.h: No such file or directory
  107 | #include <X11/extensions/Xinerama.h>
      |          ^~~~~~~~~~~~~~~~~~~~~~~~~~~
compilation terminated.
configure:15633: $? = 1
configure: failed program was:
| /* confdefs.h */
| #define PACKAGE_NAME "Wine"
| #define PACKAGE_TARNAME "wine"
| #define PACKAGE_VERSION "11.15"
| #define PACKAGE_STRING "Wine 11.15"
| #define PACKAGE_BUGREPORT "wine-devel@winehq.org"
| #define PACKAGE_URL "https://www.winehq.org"
| #define EXEEXT ""
| #define HAVE_STDIO_H 1
| #define HAVE_STDLIB_H 1
| #define HAVE_STRING_H 1
| #define HAVE_INTTYPES_H 1
| #define HAVE_STDINT_H 1
| #define HAVE_STRINGS_H 1
| #define HAVE_SYS_STAT_H 1
| #define HAVE_SYS_TYPES_H 1
| #define HAVE_UNISTD_H 1
| #define STDC_HEADERS 1
| #define HAVE_ARPA_INET_H 1
| #define HAVE_ARPA_NAMESER_H 1
| #define HAVE_ASM_TERMBITS_H 1
| #define HAVE_ASM_TYPES_H 1
| #define HAVE_ELF_H 1
| #define HAVE_LINK_H 1
| #define HAVE_LINUX_CDROM_H 1
| #define HAVE_LINUX_ERRQUEUE_H 1
| #define HAVE_LINUX_FILTER_H 1
| #define HAVE_LINUX_FS_H 1
| #define HAVE_LINUX_HDREG_H 1
| #define HAVE_LINUX_HIDRAW_H 1
| #define HAVE_LINUX_INPUT_H 1
| #define HAVE_LINUX_IOCTL_H 1
| #define HAVE_LINUX_MAJOR_H 1
| #define HAVE_LINUX_MEMFD_H 1
| #define HAVE_LINUX_PARAM_H 1
| #define HAVE_LINUX_SERIAL_H 1
| #define HAVE_LINUX_TYPES_H 1
| #define HAVE_LINUX_USERFAULTFD_H 1
| #define HAVE_LINUX_WIRELESS_H 1
| #define HAVE_MNTENT_H 1
| #define HAVE_NETDB_H 1
| #define HAVE_NETINET_IN_H 1
| #define HAVE_NETINET_IN_SYSTM_H 1
| #define HAVE_NETINET_TCP_H 1
| #define HAVE_PWD_H 1
| #define HAVE_SCHED_H 1
| #define HAVE_SCSI_SCSI_H 1
| #define HAVE_SCSI_SCSI_IOCTL_H 1
| #define HAVE_SCSI_SG_H 1
| #define HAVE_SYS_AUXV_H 1
| #define HAVE_SYS_EPOLL_H 1
| #define HAVE_SYS_IPC_H 1
| #define HAVE_SYS_MTIO_H 1
| #define HAVE_SYS_PARAM_H 1
| #define HAVE_SYS_PERSONALITY_H 1
| #define HAVE_SYS_PRCTL_H 1
| #define HAVE_SYS_PTRACE_H 1
| #define HAVE_SYS_QUEUE_H 1
| #define HAVE_SYS_RANDOM_H 1
| #define HAVE_SYS_RESOURCE_H 1
| #define HAVE_SYS_SHM_H 1
| #define HAVE_SYS_SIGNAL_H 1
| #define HAVE_SYS_SOCKETVAR_H 1
| #define HAVE_SYS_STATVFS_H 1
| #define HAVE_SYS_SYSCALL_H 1
| #define HAVE_SYS_SYSINFO_H 1
| #define HAVE_SYS_TIMES_H 1
| #define HAVE_SYS_UIO_H 1
| #define HAVE_SYS_USER_H 1
| #define HAVE_SYS_UTSNAME_H 1
| #define HAVE_SYS_XATTR_H 1
| #define HAVE_SYSCALL_H 1
| #define HAVE_UTIME_H 1
| #define HAVE_VALGRIND_MEMCHECK_H 1
| #define HAVE_VALGRIND_VALGRIND_H 1
| #define MAJOR_IN_SYSMACROS 1
| #define HAVE_SYS_MOUNT_H 1
| #define HAVE_SYS_STATFS_H 1
| #define HAVE_SYS_USER_H 1
| #define HAVE_SYS_VFS_H 1
| #define HAVE_NETINET_IP_H 1
| #define HAVE_NET_IF_H 1
| #define HAVE_NET_IF_ARP_H 1
| #define HAVE_NET_ROUTE_H 1
| #define HAVE_NETINET_IF_ETHER_H 1
| #define HAVE_NETINET_IP_ICMP_H 1
| #define HAVE_NETINET_UDP_H 1
| #define HAVE_NETIPX_IPX_H 1
| #define HAVE_SYS_UN_H 1
| #define HAVE_NETINET_ICMP6_H 1
| #define HAVE_LINUX_RTNETLINK_H 1
| #define HAVE_RESOLV_H 1
| #define HAVE_IFADDRS_H 1
| #define HAVE_SYS_UCONTEXT_H 1
| #define HAVE_LINUX_VIDEODEV2_H 1
| #define _GNU_SOURCE 1
| #define SONAME_LIBX11 "libX11.so.6"
| #define SONAME_LIBXEXT "libXext.so.6"
| #define HAVE_X11_EXTENSIONS_SHAPE_H 1
| #define HAVE_X11_EXTENSIONS_XINPUT2_H 1
| #define HAVE_X11_EXTENSIONS_XSHM_H 1
| #define HAVE_X11_EXTENSIONS_XFIXES_H 1
| /* end confdefs.h.  */
| #include <X11/Xlib.h>
| #include <X11/Xutil.h>
| 
| #include <X11/extensions/Xinerama.h>
configure:15633: result: no
configure:15640: checking for X11/extensions/Xrandr.h
configure:15640: gcc -m64 -c -g -O2   conftest.c >&5
configure:15640: $? = 0
configure:15640: result: yes
configure:15647: checking for X11/extensions/Xrender.h
configure:15647: gcc -m64 -c -g -O2   conftest.c >&5
configure:15647: $? = 0
configure:15647: result: yes
configure:15654: checking for X11/extensions/xf86vmode.h
configure:15654: gcc -m64 -c -g -O2   conftest.c >&5
conftest.c:109:10: fatal error: X11/extensions/xf86vmode.h: No such file or directory
  109 | #include <X11/extensions/xf86vmode.h>
      |          ^~~~~~~~~~~~~~~~~~~~~~~~~~~~
compilation terminated.
configure:15654: $? = 1
configure: failed program was:
| /* confdefs.h */
| #define PACKAGE_NAME "Wine"
| #define PACKAGE_TARNAME "wine"
| #define PACKAGE_VERSION "11.15"
| #define PACKAGE_STRING "Wine 11.15"
| #define PACKAGE_BUGREPORT "wine-devel@winehq.org"
| #define PACKAGE_URL "https://www.winehq.org"
| #define EXEEXT ""
| #define HAVE_STDIO_H 1
| #define HAVE_STDLIB_H 1
| #define HAVE_STRING_H 1
| #define HAVE_INTTYPES_H 1
| #define HAVE_STDINT_H 1
| #define HAVE_STRINGS_H 1
| #define HAVE_SYS_STAT_H 1
| #define HAVE_SYS_TYPES_H 1
| #define HAVE_UNISTD_H 1
| #define STDC_HEADERS 1
| #define HAVE_ARPA_INET_H 1
| #define HAVE_ARPA_NAMESER_H 1
| #define HAVE_ASM_TERMBITS_H 1
| #define HAVE_ASM_TYPES_H 1
| #define HAVE_ELF_H 1
| #define HAVE_LINK_H 1
| #define HAVE_LINUX_CDROM_H 1
| #define HAVE_LINUX_ERRQUEUE_H 1
| #define HAVE_LINUX_FILTER_H 1
| #define HAVE_LINUX_FS_H 1
| #define HAVE_LINUX_HDREG_H 1
| #define HAVE_LINUX_HIDRAW_H 1
| #define HAVE_LINUX_INPUT_H 1
| #define HAVE_LINUX_IOCTL_H 1
| #define HAVE_LINUX_MAJOR_H 1
| #define HAVE_LINUX_MEMFD_H 1
| #define HAVE_LINUX_PARAM_H 1
| #define HAVE_LINUX_SERIAL_H 1
| #define HAVE_LINUX_TYPES_H 1
| #define HAVE_LINUX_USERFAULTFD_H 1
| #define HAVE_LINUX_WIRELESS_H 1
| #define HAVE_MNTENT_H 1
| #define HAVE_NETDB_H 1
| #define HAVE_NETINET_IN_H 1
| #define HAVE_NETINET_IN_SYSTM_H 1
| #define HAVE_NETINET_TCP_H 1
| #define HAVE_PWD_H 1
| #define HAVE_SCHED_H 1
| #define HAVE_SCSI_SCSI_H 1
| #define HAVE_SCSI_SCSI_IOCTL_H 1
| #define HAVE_SCSI_SG_H 1
| #define HAVE_SYS_AUXV_H 1
| #define HAVE_SYS_EPOLL_H 1
| #define HAVE_SYS_IPC_H 1
| #define HAVE_SYS_MTIO_H 1
| #define HAVE_SYS_PARAM_H 1
| #define HAVE_SYS_PERSONALITY_H 1
| #define HAVE_SYS_PRCTL_H 1
| #define HAVE_SYS_PTRACE_H 1
| #define HAVE_SYS_QUEUE_H 1
| #define HAVE_SYS_RANDOM_H 1
| #define HAVE_SYS_RESOURCE_H 1
| #define HAVE_SYS_SHM_H 1
| #define HAVE_SYS_SIGNAL_H 1
| #define HAVE_SYS_SOCKETVAR_H 1
| #define HAVE_SYS_STATVFS_H 1
| #define HAVE_SYS_SYSCALL_H 1
| #define HAVE_SYS_SYSINFO_H 1
| #define HAVE_SYS_TIMES_H 1
| #define HAVE_SYS_UIO_H 1
| #define HAVE_SYS_USER_H 1
| #define HAVE_SYS_UTSNAME_H 1
| #define HAVE_SYS_XATTR_H 1
| #define HAVE_SYSCALL_H 1
| #define HAVE_UTIME_H 1
| #define HAVE_VALGRIND_MEMCHECK_H 1
| #define HAVE_VALGRIND_VALGRIND_H 1
| #define MAJOR_IN_SYSMACROS 1
| #define HAVE_SYS_MOUNT_H 1
| #define HAVE_SYS_STATFS_H 1
| #define HAVE_SYS_USER_H 1
| #define HAVE_SYS_VFS_H 1
| #define HAVE_NETINET_IP_H 1
| #define HAVE_NET_IF_H 1
| #define HAVE_NET_IF_ARP_H 1
| #define HAVE_NET_ROUTE_H 1
| #define HAVE_NETINET_IF_ETHER_H 1
| #define HAVE_NETINET_IP_ICMP_H 1
| #define HAVE_NETINET_UDP_H 1
| #define HAVE_NETIPX_IPX_H 1
| #define HAVE_SYS_UN_H 1
| #define HAVE_NETINET_ICMP6_H 1
| #define HAVE_LINUX_RTNETLINK_H 1
| #define HAVE_RESOLV_H 1
| #define HAVE_IFADDRS_H 1
| #define HAVE_SYS_UCONTEXT_H 1
| #define HAVE_LINUX_VIDEODEV2_H 1
| #define _GNU_SOURCE 1
| #define SONAME_LIBX11 "libX11.so.6"
| #define SONAME_LIBXEXT "libXext.so.6"
| #define HAVE_X11_EXTENSIONS_SHAPE_H 1
| #define HAVE_X11_EXTENSIONS_XINPUT2_H 1
| #define HAVE_X11_EXTENSIONS_XSHM_H 1
| #define HAVE_X11_EXTENSIONS_XFIXES_H 1
| #define HAVE_X11_EXTENSIONS_XRANDR_H 1
| #define HAVE_X11_EXTENSIONS_XRENDER_H 1
| /* end confdefs.h.  */
| #include <X11/Xlib.h>
| #include <X11/Xutil.h>
| 
| #include <X11/extensions/xf86vmode.h>
configure:15654: result: no
configure:15661: checking for X11/extensions/xf86vmproto.h
configure:15661: gcc -m64 -c -g -O2   conftest.c >&5
configure:15661: $? = 0
configure:15661: result: yes
configure:15670: checking for X11/Xcursor/Xcursor.h
configure:15670: gcc -m64 -c -g -O2   conftest.c >&5
configure:15670: $? = 0
configure:15670: result: yes
configure:15674: checking for -lXcursor
configure:15703: gcc -m64 -o conftest -g -O2    conftest.c -lXcursor  -lXext -lX11  >&5
configure:15703: $? = 0
configure:15729: result: libXcursor.so.1
configure:15750: checking for X11/extensions/XInput.h
configure:15750: gcc -m64 -c -g -O2   conftest.c >&5
configure:15750: $? = 0
configure:15750: result: yes
configure:15754: checking for -lXi
configure:15783: gcc -m64 -o conftest -g -O2    conftest.c -lXi  -lXext -lX11  >&5
configure:15783: $? = 0
configure:15809: result: libXi.so.6
configure:15846: checking for XShmQueryExtension in -lXext
configure:15875: gcc -m64 -o conftest -g -O2    conftest.c -lXext  -lXext -lX11  >&5
configure:15875: $? = 0
configure:15887: result: yes
configure:15910: checking for XShapeQueryExtension in -lXext
configure:15939: gcc -m64 -o conftest -g -O2    conftest.c -lXext  -lXext -lX11  >&5
configure:15939: $? = 0
configure:15951: result: yes
configure:15974: checking for -lXxf86vm
configure:16003: gcc -m64 -o conftest -g -O2    conftest.c -lXxf86vm  -lXext -lX11  >&5
/usr/bin/ld: cannot find -lXxf86vm: No such file or directory
collect2: error: ld returned 1 exit status
configure:16003: $? = 1
configure: failed program was:
| /* confdefs.h */
| #define PACKAGE_NAME "Wine"
| #define PACKAGE_TARNAME "wine"
| #define PACKAGE_VERSION "11.15"
| #define PACKAGE_STRING "Wine 11.15"
| #define PACKAGE_BUGREPORT "wine-devel@winehq.org"
| #define PACKAGE_URL "https://www.winehq.org"
| #define EXEEXT ""
| #define HAVE_STDIO_H 1
| #define HAVE_STDLIB_H 1
| #define HAVE_STRING_H 1
| #define HAVE_INTTYPES_H 1
| #define HAVE_STDINT_H 1
| #define HAVE_STRINGS_H 1
| #define HAVE_SYS_STAT_H 1
| #define HAVE_SYS_TYPES_H 1
| #define HAVE_UNISTD_H 1
| #define STDC_HEADERS 1
| #define HAVE_ARPA_INET_H 1
| #define HAVE_ARPA_NAMESER_H 1
| #define HAVE_ASM_TERMBITS_H 1
| #define HAVE_ASM_TYPES_H 1
| #define HAVE_ELF_H 1
| #define HAVE_LINK_H 1
| #define HAVE_LINUX_CDROM_H 1
| #define HAVE_LINUX_ERRQUEUE_H 1
| #define HAVE_LINUX_FILTER_H 1
| #define HAVE_LINUX_FS_H 1
| #define HAVE_LINUX_HDREG_H 1
| #define HAVE_LINUX_HIDRAW_H 1
| #define HAVE_LINUX_INPUT_H 1
| #define HAVE_LINUX_IOCTL_H 1
| #define HAVE_LINUX_MAJOR_H 1
| #define HAVE_LINUX_MEMFD_H 1
| #define HAVE_LINUX_PARAM_H 1
| #define HAVE_LINUX_SERIAL_H 1
| #define HAVE_LINUX_TYPES_H 1
| #define HAVE_LINUX_USERFAULTFD_H 1
| #define HAVE_LINUX_WIRELESS_H 1
| #define HAVE_MNTENT_H 1
| #define HAVE_NETDB_H 1
| #define HAVE_NETINET_IN_H 1
| #define HAVE_NETINET_IN_SYSTM_H 1
| #define HAVE_NETINET_TCP_H 1
| #define HAVE_PWD_H 1
| #define HAVE_SCHED_H 1
| #define HAVE_SCSI_SCSI_H 1
| #define HAVE_SCSI_SCSI_IOCTL_H 1
| #define HAVE_SCSI_SG_H 1
| #define HAVE_SYS_AUXV_H 1
| #define HAVE_SYS_EPOLL_H 1
| #define HAVE_SYS_IPC_H 1
| #define HAVE_SYS_MTIO_H 1
| #define HAVE_SYS_PARAM_H 1
| #define HAVE_SYS_PERSONALITY_H 1
| #define HAVE_SYS_PRCTL_H 1
| #define HAVE_SYS_PTRACE_H 1
| #define HAVE_SYS_QUEUE_H 1
| #define HAVE_SYS_RANDOM_H 1
| #define HAVE_SYS_RESOURCE_H 1
| #define HAVE_SYS_SHM_H 1
| #define HAVE_SYS_SIGNAL_H 1
| #define HAVE_SYS_SOCKETVAR_H 1
| #define HAVE_SYS_STATVFS_H 1
| #define HAVE_SYS_SYSCALL_H 1
| #define HAVE_SYS_SYSINFO_H 1
| #define HAVE_SYS_TIMES_H 1
| #define HAVE_SYS_UIO_H 1
| #define HAVE_SYS_USER_H 1
| #define HAVE_SYS_UTSNAME_H 1
| #define HAVE_SYS_XATTR_H 1
| #define HAVE_SYSCALL_H 1
| #define HAVE_UTIME_H 1
| #define HAVE_VALGRIND_MEMCHECK_H 1
| #define HAVE_VALGRIND_VALGRIND_H 1
| #define MAJOR_IN_SYSMACROS 1
| #define HAVE_SYS_MOUNT_H 1
| #define HAVE_SYS_STATFS_H 1
| #define HAVE_SYS_USER_H 1
| #define HAVE_SYS_VFS_H 1
| #define HAVE_NETINET_IP_H 1
| #define HAVE_NET_IF_H 1
| #define HAVE_NET_IF_ARP_H 1
| #define HAVE_NET_ROUTE_H 1
| #define HAVE_NETINET_IF_ETHER_H 1
| #define HAVE_NETINET_IP_ICMP_H 1
| #define HAVE_NETINET_UDP_H 1
| #define HAVE_NETIPX_IPX_H 1
| #define HAVE_SYS_UN_H 1
| #define HAVE_NETINET_ICMP6_H 1
| #define HAVE_LINUX_RTNETLINK_H 1
| #define HAVE_RESOLV_H 1
| #define HAVE_IFADDRS_H 1
| #define HAVE_SYS_UCONTEXT_H 1
| #define HAVE_LINUX_VIDEODEV2_H 1
| #define _GNU_SOURCE 1
| #define SONAME_LIBX11 "libX11.so.6"
| #define SONAME_LIBXEXT "libXext.so.6"
| #define HAVE_X11_EXTENSIONS_SHAPE_H 1
| #define HAVE_X11_EXTENSIONS_XINPUT2_H 1
| #define HAVE_X11_EXTENSIONS_XSHM_H 1
| #define HAVE_X11_EXTENSIONS_XFIXES_H 1
| #define HAVE_X11_EXTENSIONS_XRANDR_H 1
| #define HAVE_X11_EXTENSIONS_XRENDER_H 1
| #define HAVE_X11_EXTENSIONS_XF86VMPROTO_H 1
| #define SONAME_LIBXCURSOR "libXcursor.so.1"
| #define SONAME_LIBXI "libXi.so.6"
| #define HAVE_LIBXXSHM 1
| #define HAVE_LIBXSHAPE 1
| /* end confdefs.h.  */
| 
| /* Override any GCC internal prototype to avoid an error.
|    Use char because int might match the return type of a GCC
|    builtin and then its argument prototype would still apply.
|    The 'extern "C"' is for builds by C++ compilers;
|    although this is not generally supported in C code supporting it here
|    has little cost and some practical benefit (sr 110532).  */
| #ifdef __cplusplus
| extern "C"
| #endif
| char XF86VidModeQueryExtension (void);
| int
| main (void)
| {
| return XF86VidModeQueryExtension ();
|   ;
|   return 0;
| }
configure:16025: result: not found
configure:16051: checking for -lXrender
configure:16080: gcc -m64 -o conftest -g -O2    conftest.c -lXrender  -lXext -lX11  >&5
configure:16080: $? = 0
configure:16106: result: libXrender.so.1
configure:16111: checking for XRenderSetPictureTransform in -lXrender
configure:16140: gcc -m64 -o conftest -g -O2    conftest.c -lXrender  -lXext -lX11  >&5
configure:16140: $? = 0
configure:16152: result: yes
configure:16161: checking for XRenderCreateLinearGradient in -lXrender
configure:16190: gcc -m64 -o conftest -g -O2    conftest.c -lXrender  -lXext -lX11  >&5
configure:16190: $? = 0
configure:16202: result: yes
configure:16240: gcc -m64 -c -g -O2   conftest.c >&5
configure:16240: $? = 0
configure:16242: checking for -lXrandr
configure:16271: gcc -m64 -o conftest -g -O2    conftest.c -lXrandr  -lXext -lX11  >&5
configure:16271: $? = 0
configure:16297: result: libXrandr.so.2
configure:16314: gcc -m64 -c -g -O2   conftest.c >&5
configure:16314: $? = 0
configure:16354: gcc -m64 -c -g -O2   conftest.c >&5
configure:16354: $? = 0
configure:16356: checking for -lXfixes
configure:16385: gcc -m64 -o conftest -g -O2    conftest.c -lXfixes  -lXext -lX11  >&5
configure:16385: $? = 0
configure:16411: result: libXfixes.so.3
configure:16526: checking for X11/extensions/Xcomposite.h
configure:16526: gcc -m64 -c -g -O2   conftest.c >&5
conftest.c:120:10: fatal error: X11/extensions/Xcomposite.h: No such file or directory
  120 | #include <X11/extensions/Xcomposite.h>
      |          ^~~~~~~~~~~~~~~~~~~~~~~~~~~~~
compilation terminated.
configure:16526: $? = 1
configure: failed program was:
| /* confdefs.h */
| #define PACKAGE_NAME "Wine"
| #define PACKAGE_TARNAME "wine"
| #define PACKAGE_VERSION "11.15"
| #define PACKAGE_STRING "Wine 11.15"
| #define PACKAGE_BUGREPORT "wine-devel@winehq.org"
| #define PACKAGE_URL "https://www.winehq.org"
| #define EXEEXT ""
| #define HAVE_STDIO_H 1
| #define HAVE_STDLIB_H 1
| #define HAVE_STRING_H 1
| #define HAVE_INTTYPES_H 1
| #define HAVE_STDINT_H 1
| #define HAVE_STRINGS_H 1
| #define HAVE_SYS_STAT_H 1
| #define HAVE_SYS_TYPES_H 1
| #define HAVE_UNISTD_H 1
| #define STDC_HEADERS 1
| #define HAVE_ARPA_INET_H 1
| #define HAVE_ARPA_NAMESER_H 1
| #define HAVE_ASM_TERMBITS_H 1
| #define HAVE_ASM_TYPES_H 1
| #define HAVE_ELF_H 1
| #define HAVE_LINK_H 1
| #define HAVE_LINUX_CDROM_H 1
| #define HAVE_LINUX_ERRQUEUE_H 1
| #define HAVE_LINUX_FILTER_H 1
| #define HAVE_LINUX_FS_H 1
| #define HAVE_LINUX_HDREG_H 1
| #define HAVE_LINUX_HIDRAW_H 1
| #define HAVE_LINUX_INPUT_H 1
| #define HAVE_LINUX_IOCTL_H 1
| #define HAVE_LINUX_MAJOR_H 1
| #define HAVE_LINUX_MEMFD_H 1
| #define HAVE_LINUX_PARAM_H 1
| #define HAVE_LINUX_SERIAL_H 1
| #define HAVE_LINUX_TYPES_H 1
| #define HAVE_LINUX_USERFAULTFD_H 1
| #define HAVE_LINUX_WIRELESS_H 1
| #define HAVE_MNTENT_H 1
| #define HAVE_NETDB_H 1
| #define HAVE_NETINET_IN_H 1
| #define HAVE_NETINET_IN_SYSTM_H 1
| #define HAVE_NETINET_TCP_H 1
| #define HAVE_PWD_H 1
| #define HAVE_SCHED_H 1
| #define HAVE_SCSI_SCSI_H 1
| #define HAVE_SCSI_SCSI_IOCTL_H 1
| #define HAVE_SCSI_SG_H 1
| #define HAVE_SYS_AUXV_H 1
| #define HAVE_SYS_EPOLL_H 1
| #define HAVE_SYS_IPC_H 1
| #define HAVE_SYS_MTIO_H 1
| #define HAVE_SYS_PARAM_H 1
| #define HAVE_SYS_PERSONALITY_H 1
| #define HAVE_SYS_PRCTL_H 1
| #define HAVE_SYS_PTRACE_H 1
| #define HAVE_SYS_QUEUE_H 1
| #define HAVE_SYS_RANDOM_H 1
| #define HAVE_SYS_RESOURCE_H 1
| #define HAVE_SYS_SHM_H 1
| #define HAVE_SYS_SIGNAL_H 1
| #define HAVE_SYS_SOCKETVAR_H 1
| #define HAVE_SYS_STATVFS_H 1
| #define HAVE_SYS_SYSCALL_H 1
| #define HAVE_SYS_SYSINFO_H 1
| #define HAVE_SYS_TIMES_H 1
| #define HAVE_SYS_UIO_H 1
| #define HAVE_SYS_USER_H 1
| #define HAVE_SYS_UTSNAME_H 1
| #define HAVE_SYS_XATTR_H 1
| #define HAVE_SYSCALL_H 1
| #define HAVE_UTIME_H 1
| #define HAVE_VALGRIND_MEMCHECK_H 1
| #define HAVE_VALGRIND_VALGRIND_H 1
| #define MAJOR_IN_SYSMACROS 1
| #define HAVE_SYS_MOUNT_H 1
| #define HAVE_SYS_STATFS_H 1
| #define HAVE_SYS_USER_H 1
| #define HAVE_SYS_VFS_H 1
| #define HAVE_NETINET_IP_H 1
| #define HAVE_NET_IF_H 1
| #define HAVE_NET_IF_ARP_H 1
| #define HAVE_NET_ROUTE_H 1
| #define HAVE_NETINET_IF_ETHER_H 1
| #define HAVE_NETINET_IP_ICMP_H 1
| #define HAVE_NETINET_UDP_H 1
| #define HAVE_NETIPX_IPX_H 1
| #define HAVE_SYS_UN_H 1
| #define HAVE_NETINET_ICMP6_H 1
| #define HAVE_LINUX_RTNETLINK_H 1
| #define HAVE_RESOLV_H 1
| #define HAVE_IFADDRS_H 1
| #define HAVE_SYS_UCONTEXT_H 1
| #define HAVE_LINUX_VIDEODEV2_H 1
| #define _GNU_SOURCE 1
| #define SONAME_LIBX11 "libX11.so.6"
| #define SONAME_LIBXEXT "libXext.so.6"
| #define HAVE_X11_EXTENSIONS_SHAPE_H 1
| #define HAVE_X11_EXTENSIONS_XINPUT2_H 1
| #define HAVE_X11_EXTENSIONS_XSHM_H 1
| #define HAVE_X11_EXTENSIONS_XFIXES_H 1
| #define HAVE_X11_EXTENSIONS_XRANDR_H 1
| #define HAVE_X11_EXTENSIONS_XRENDER_H 1
| #define HAVE_X11_EXTENSIONS_XF86VMPROTO_H 1
| #define SONAME_LIBXCURSOR "libXcursor.so.1"
| #define SONAME_LIBXI "libXi.so.6"
| #define HAVE_LIBXXSHM 1
| #define HAVE_LIBXSHAPE 1
| #define SONAME_LIBXRENDER "libXrender.so.1"
| #define HAVE_XRENDERSETPICTURETRANSFORM 1
| #define HAVE_XRENDERCREATELINEARGRADIENT 1
| #define SONAME_LIBXRANDR "libXrandr.so.2"
| #define HAVE_XRRGETPROVIDERRESOURCES 1
| #define SONAME_LIBXFIXES "libXfixes.so.3"
| /* end confdefs.h.  */
| #include <X11/Xlib.h>
| #include <X11/Xutil.h>
| 
| #include <X11/extensions/Xcomposite.h>
configure:16526: result: no
configure:16606: checking for XICCallback.callback
configure:16606: gcc -m64 -c -g -O2   conftest.c >&5
configure:16606: $? = 0
configure:16606: result: yes
configure:16615: checking for XEvent.xcookie
configure:16615: gcc -m64 -c -g -O2   conftest.c >&5
conftest.c: In function 'main':
conftest.c:125:5: error: used struct type value where scalar is required
  125 | if (ac_aggr.xcookie)
      |     ^~~~~~~
configure:16615: $? = 1
configure: failed program was:
| /* confdefs.h */
| #define PACKAGE_NAME "Wine"
| #define PACKAGE_TARNAME "wine"
| #define PACKAGE_VERSION "11.15"
| #define PACKAGE_STRING "Wine 11.15"
| #define PACKAGE_BUGREPORT "wine-devel@winehq.org"
| #define PACKAGE_URL "https://www.winehq.org"
| #define EXEEXT ""
| #define HAVE_STDIO_H 1
| #define HAVE_STDLIB_H 1
| #define HAVE_STRING_H 1
| #define HAVE_INTTYPES_H 1
| #define HAVE_STDINT_H 1
| #define HAVE_STRINGS_H 1
| #define HAVE_SYS_STAT_H 1
| #define HAVE_SYS_TYPES_H 1
| #define HAVE_UNISTD_H 1
| #define STDC_HEADERS 1
| #define HAVE_ARPA_INET_H 1
| #define HAVE_ARPA_NAMESER_H 1
| #define HAVE_ASM_TERMBITS_H 1
| #define HAVE_ASM_TYPES_H 1
| #define HAVE_ELF_H 1
| #define HAVE_LINK_H 1
| #define HAVE_LINUX_CDROM_H 1
| #define HAVE_LINUX_ERRQUEUE_H 1
| #define HAVE_LINUX_FILTER_H 1
| #define HAVE_LINUX_FS_H 1
| #define HAVE_LINUX_HDREG_H 1
| #define HAVE_LINUX_HIDRAW_H 1
| #define HAVE_LINUX_INPUT_H 1
| #define HAVE_LINUX_IOCTL_H 1
| #define HAVE_LINUX_MAJOR_H 1
| #define HAVE_LINUX_MEMFD_H 1
| #define HAVE_LINUX_PARAM_H 1
| #define HAVE_LINUX_SERIAL_H 1
| #define HAVE_LINUX_TYPES_H 1
| #define HAVE_LINUX_USERFAULTFD_H 1
| #define HAVE_LINUX_WIRELESS_H 1
| #define HAVE_MNTENT_H 1
| #define HAVE_NETDB_H 1
| #define HAVE_NETINET_IN_H 1
| #define HAVE_NETINET_IN_SYSTM_H 1
| #define HAVE_NETINET_TCP_H 1
| #define HAVE_PWD_H 1
| #define HAVE_SCHED_H 1
| #define HAVE_SCSI_SCSI_H 1
| #define HAVE_SCSI_SCSI_IOCTL_H 1
| #define HAVE_SCSI_SG_H 1
| #define HAVE_SYS_AUXV_H 1
| #define HAVE_SYS_EPOLL_H 1
| #define HAVE_SYS_IPC_H 1
| #define HAVE_SYS_MTIO_H 1
| #define HAVE_SYS_PARAM_H 1
| #define HAVE_SYS_PERSONALITY_H 1
| #define HAVE_SYS_PRCTL_H 1
| #define HAVE_SYS_PTRACE_H 1
| #define HAVE_SYS_QUEUE_H 1
| #define HAVE_SYS_RANDOM_H 1
| #define HAVE_SYS_RESOURCE_H 1
| #define HAVE_SYS_SHM_H 1
| #define HAVE_SYS_SIGNAL_H 1
| #define HAVE_SYS_SOCKETVAR_H 1
| #define HAVE_SYS_STATVFS_H 1
| #define HAVE_SYS_SYSCALL_H 1
| #define HAVE_SYS_SYSINFO_H 1
| #define HAVE_SYS_TIMES_H 1
| #define HAVE_SYS_UIO_H 1
| #define HAVE_SYS_USER_H 1
| #define HAVE_SYS_UTSNAME_H 1
| #define HAVE_SYS_XATTR_H 1
| #define HAVE_SYSCALL_H 1
| #define HAVE_UTIME_H 1
| #define HAVE_VALGRIND_MEMCHECK_H 1
| #define HAVE_VALGRIND_VALGRIND_H 1
| #define MAJOR_IN_SYSMACROS 1
| #define HAVE_SYS_MOUNT_H 1
| #define HAVE_SYS_STATFS_H 1
| #define HAVE_SYS_USER_H 1
| #define HAVE_SYS_VFS_H 1
| #define HAVE_NETINET_IP_H 1
| #define HAVE_NET_IF_H 1
| #define HAVE_NET_IF_ARP_H 1
| #define HAVE_NET_ROUTE_H 1
| #define HAVE_NETINET_IF_ETHER_H 1
| #define HAVE_NETINET_IP_ICMP_H 1
| #define HAVE_NETINET_UDP_H 1
| #define HAVE_NETIPX_IPX_H 1
| #define HAVE_SYS_UN_H 1
| #define HAVE_NETINET_ICMP6_H 1
| #define HAVE_LINUX_RTNETLINK_H 1
| #define HAVE_RESOLV_H 1
| #define HAVE_IFADDRS_H 1
| #define HAVE_SYS_UCONTEXT_H 1
| #define HAVE_LINUX_VIDEODEV2_H 1
| #define _GNU_SOURCE 1
| #define SONAME_LIBX11 "libX11.so.6"
| #define SONAME_LIBXEXT "libXext.so.6"
| #define HAVE_X11_EXTENSIONS_SHAPE_H 1
| #define HAVE_X11_EXTENSIONS_XINPUT2_H 1
| #define HAVE_X11_EXTENSIONS_XSHM_H 1
| #define HAVE_X11_EXTENSIONS_XFIXES_H 1
| #define HAVE_X11_EXTENSIONS_XRANDR_H 1
| #define HAVE_X11_EXTENSIONS_XRENDER_H 1
| #define HAVE_X11_EXTENSIONS_XF86VMPROTO_H 1
| #define SONAME_LIBXCURSOR "libXcursor.so.1"
| #define SONAME_LIBXI "libXi.so.6"
| #define HAVE_LIBXXSHM 1
| #define HAVE_LIBXSHAPE 1
| #define SONAME_LIBXRENDER "libXrender.so.1"
| #define HAVE_XRENDERSETPICTURETRANSFORM 1
| #define HAVE_XRENDERCREATELINEARGRADIENT 1
| #define SONAME_LIBXRANDR "libXrandr.so.2"
| #define HAVE_XRRGETPROVIDERRESOURCES 1
| #define SONAME_LIBXFIXES "libXfixes.so.3"
| #define HAVE_XICCALLBACK_CALLBACK 1
| /* end confdefs.h.  */
| #include <X11/Xlib.h>
| #include <X11/Xutil.h>
| 
| int
| main (void)
| {
| static XEvent ac_aggr;
| if (ac_aggr.xcookie)
| return 0;
|   ;
|   return 0;
| }
configure:16615: gcc -m64 -c -g -O2   conftest.c >&5
configure:16615: $? = 0
configure:16615: result: yes
configure:16630: checking for -lGL
configure:16659: gcc -m64 -o conftest -g -O2    conftest.c -lGL  -lXext -lX11 -lm  >&5
/usr/bin/ld: cannot find -lGL: No such file or directory
collect2: error: ld returned 1 exit status
configure:16659: $? = 1
configure: failed program was:
| /* confdefs.h */
| #define PACKAGE_NAME "Wine"
| #define PACKAGE_TARNAME "wine"
| #define PACKAGE_VERSION "11.15"
| #define PACKAGE_STRING "Wine 11.15"
| #define PACKAGE_BUGREPORT "wine-devel@winehq.org"
| #define PACKAGE_URL "https://www.winehq.org"
| #define EXEEXT ""
| #define HAVE_STDIO_H 1
| #define HAVE_STDLIB_H 1
| #define HAVE_STRING_H 1
| #define HAVE_INTTYPES_H 1
| #define HAVE_STDINT_H 1
| #define HAVE_STRINGS_H 1
| #define HAVE_SYS_STAT_H 1
| #define HAVE_SYS_TYPES_H 1
| #define HAVE_UNISTD_H 1
| #define STDC_HEADERS 1
| #define HAVE_ARPA_INET_H 1
| #define HAVE_ARPA_NAMESER_H 1
| #define HAVE_ASM_TERMBITS_H 1
| #define HAVE_ASM_TYPES_H 1
| #define HAVE_ELF_H 1
| #define HAVE_LINK_H 1
| #define HAVE_LINUX_CDROM_H 1
| #define HAVE_LINUX_ERRQUEUE_H 1
| #define HAVE_LINUX_FILTER_H 1
| #define HAVE_LINUX_FS_H 1
| #define HAVE_LINUX_HDREG_H 1
| #define HAVE_LINUX_HIDRAW_H 1
| #define HAVE_LINUX_INPUT_H 1
| #define HAVE_LINUX_IOCTL_H 1
| #define HAVE_LINUX_MAJOR_H 1
| #define HAVE_LINUX_MEMFD_H 1
| #define HAVE_LINUX_PARAM_H 1
| #define HAVE_LINUX_SERIAL_H 1
| #define HAVE_LINUX_TYPES_H 1
| #define HAVE_LINUX_USERFAULTFD_H 1
| #define HAVE_LINUX_WIRELESS_H 1
| #define HAVE_MNTENT_H 1
| #define HAVE_NETDB_H 1
| #define HAVE_NETINET_IN_H 1
| #define HAVE_NETINET_IN_SYSTM_H 1
| #define HAVE_NETINET_TCP_H 1
| #define HAVE_PWD_H 1
| #define HAVE_SCHED_H 1
| #define HAVE_SCSI_SCSI_H 1
| #define HAVE_SCSI_SCSI_IOCTL_H 1
| #define HAVE_SCSI_SG_H 1
| #define HAVE_SYS_AUXV_H 1
| #define HAVE_SYS_EPOLL_H 1
| #define HAVE_SYS_IPC_H 1
| #define HAVE_SYS_MTIO_H 1
| #define HAVE_SYS_PARAM_H 1
| #define HAVE_SYS_PERSONALITY_H 1
| #define HAVE_SYS_PRCTL_H 1
| #define HAVE_SYS_PTRACE_H 1
| #define HAVE_SYS_QUEUE_H 1
| #define HAVE_SYS_RANDOM_H 1
| #define HAVE_SYS_RESOURCE_H 1
| #define HAVE_SYS_SHM_H 1
| #define HAVE_SYS_SIGNAL_H 1
| #define HAVE_SYS_SOCKETVAR_H 1
| #define HAVE_SYS_STATVFS_H 1
| #define HAVE_SYS_SYSCALL_H 1
| #define HAVE_SYS_SYSINFO_H 1
| #define HAVE_SYS_TIMES_H 1
| #define HAVE_SYS_UIO_H 1
| #define HAVE_SYS_USER_H 1
| #define HAVE_SYS_UTSNAME_H 1
| #define HAVE_SYS_XATTR_H 1
| #define HAVE_SYSCALL_H 1
| #define HAVE_UTIME_H 1
| #define HAVE_VALGRIND_MEMCHECK_H 1
| #define HAVE_VALGRIND_VALGRIND_H 1
| #define MAJOR_IN_SYSMACROS 1
| #define HAVE_SYS_MOUNT_H 1
| #define HAVE_SYS_STATFS_H 1
| #define HAVE_SYS_USER_H 1
| #define HAVE_SYS_VFS_H 1
| #define HAVE_NETINET_IP_H 1
| #define HAVE_NET_IF_H 1
| #define HAVE_NET_IF_ARP_H 1
| #define HAVE_NET_ROUTE_H 1
| #define HAVE_NETINET_IF_ETHER_H 1
| #define HAVE_NETINET_IP_ICMP_H 1
| #define HAVE_NETINET_UDP_H 1
| #define HAVE_NETIPX_IPX_H 1
| #define HAVE_SYS_UN_H 1
| #define HAVE_NETINET_ICMP6_H 1
| #define HAVE_LINUX_RTNETLINK_H 1
| #define HAVE_RESOLV_H 1
| #define HAVE_IFADDRS_H 1
| #define HAVE_SYS_UCONTEXT_H 1
| #define HAVE_LINUX_VIDEODEV2_H 1
| #define _GNU_SOURCE 1
| #define SONAME_LIBX11 "libX11.so.6"
| #define SONAME_LIBXEXT "libXext.so.6"
| #define HAVE_X11_EXTENSIONS_SHAPE_H 1
| #define HAVE_X11_EXTENSIONS_XINPUT2_H 1
| #define HAVE_X11_EXTENSIONS_XSHM_H 1
| #define HAVE_X11_EXTENSIONS_XFIXES_H 1
| #define HAVE_X11_EXTENSIONS_XRANDR_H 1
| #define HAVE_X11_EXTENSIONS_XRENDER_H 1
| #define HAVE_X11_EXTENSIONS_XF86VMPROTO_H 1
| #define SONAME_LIBXCURSOR "libXcursor.so.1"
| #define SONAME_LIBXI "libXi.so.6"
| #define HAVE_LIBXXSHM 1
| #define HAVE_LIBXSHAPE 1
| #define SONAME_LIBXRENDER "libXrender.so.1"
| #define HAVE_XRENDERSETPICTURETRANSFORM 1
| #define HAVE_XRENDERCREATELINEARGRADIENT 1
| #define SONAME_LIBXRANDR "libXrandr.so.2"
| #define HAVE_XRRGETPROVIDERRESOURCES 1
| #define SONAME_LIBXFIXES "libXfixes.so.3"
| #define HAVE_XICCALLBACK_CALLBACK 1
| #define HAVE_XEVENT_XCOOKIE 1
| /* end confdefs.h.  */
| 
| /* Override any GCC internal prototype to avoid an error.
|    Use char because int might match the return type of a GCC
|    builtin and then its argument prototype would still apply.
|    The 'extern "C"' is for builds by C++ compilers;
|    although this is not generally supported in C code supporting it here
|    has little cost and some practical benefit (sr 110532).  */
| #ifdef __cplusplus
| extern "C"
| #endif
| char glXCreateContext (void);
| int
| main (void)
| {
| return glXCreateContext ();
|   ;
|   return 0;
| }
configure:16681: result: not found
configure:16683: checking for -lGL
configure:16734: result: not found
configure:16801: xkbregistry cflags: 
configure:16802: xkbregistry libs: 
configure:16804: xkbregistry errors: Package xkbregistry was not found in the pkg-config search path.
Perhaps you should add the directory containing `xkbregistry.pc'
to the PKG_CONFIG_PATH environment variable
Package 'xkbregistry', required by 'virtual:world', not found
configure:16908: wayland-client cflags: 
configure:16909: wayland-client libs: 
configure:16911: wayland-client errors: Package wayland-client was not found in the pkg-config search path.
Perhaps you should add the directory containing `wayland-client.pc'
to the PKG_CONFIG_PATH environment variable
Package 'wayland-client', required by 'virtual:world', not found
configure:17003: xkbcommon cflags: 
configure:17004: xkbcommon libs: 
configure:17006: xkbcommon errors: Package xkbcommon was not found in the pkg-config search path.
Perhaps you should add the directory containing `xkbcommon.pc'
to the PKG_CONFIG_PATH environment variable
Package 'xkbcommon', required by 'virtual:world', not found
configure:17049: wayland-egl cflags: 
configure:17050: wayland-egl libs: 
configure:17052: wayland-egl errors: Package wayland-egl was not found in the pkg-config search path.
Perhaps you should add the directory containing `wayland-egl.pc'
to the PKG_CONFIG_PATH environment variable
Package 'wayland-egl', required by 'virtual:world', not found
configure:17154: OpenCL cflags: 
configure:17155: OpenCL libs: -lOpenCL
configure:17157: OpenCL errors: Package OpenCL was not found in the pkg-config search path.
Perhaps you should add the directory containing `OpenCL.pc'
to the PKG_CONFIG_PATH environment variable
Package 'OpenCL', required by 'virtual:world', not found
configure:17167: checking for CL/cl.h
configure:17167: gcc -m64 -c -g -O2   conftest.c >&5
conftest.c:147:10: fatal error: CL/cl.h: No such file or directory
  147 | #include <CL/cl.h>
      |          ^~~~~~~~~
compilation terminated.
configure:17167: $? = 1
configure: failed program was:
| /* confdefs.h */
| #define PACKAGE_NAME "Wine"
| #define PACKAGE_TARNAME "wine"
| #define PACKAGE_VERSION "11.15"
| #define PACKAGE_STRING "Wine 11.15"
| #define PACKAGE_BUGREPORT "wine-devel@winehq.org"
| #define PACKAGE_URL "https://www.winehq.org"
| #define EXEEXT ""
| #define HAVE_STDIO_H 1
| #define HAVE_STDLIB_H 1
| #define HAVE_STRING_H 1
| #define HAVE_INTTYPES_H 1
| #define HAVE_STDINT_H 1
| #define HAVE_STRINGS_H 1
| #define HAVE_SYS_STAT_H 1
| #define HAVE_SYS_TYPES_H 1
| #define HAVE_UNISTD_H 1
| #define STDC_HEADERS 1
| #define HAVE_ARPA_INET_H 1
| #define HAVE_ARPA_NAMESER_H 1
| #define HAVE_ASM_TERMBITS_H 1
| #define HAVE_ASM_TYPES_H 1
| #define HAVE_ELF_H 1
| #define HAVE_LINK_H 1
| #define HAVE_LINUX_CDROM_H 1
| #define HAVE_LINUX_ERRQUEUE_H 1
| #define HAVE_LINUX_FILTER_H 1
| #define HAVE_LINUX_FS_H 1
| #define HAVE_LINUX_HDREG_H 1
| #define HAVE_LINUX_HIDRAW_H 1
| #define HAVE_LINUX_INPUT_H 1
| #define HAVE_LINUX_IOCTL_H 1
| #define HAVE_LINUX_MAJOR_H 1
| #define HAVE_LINUX_MEMFD_H 1
| #define HAVE_LINUX_PARAM_H 1
| #define HAVE_LINUX_SERIAL_H 1
| #define HAVE_LINUX_TYPES_H 1
| #define HAVE_LINUX_USERFAULTFD_H 1
| #define HAVE_LINUX_WIRELESS_H 1
| #define HAVE_MNTENT_H 1
| #define HAVE_NETDB_H 1
| #define HAVE_NETINET_IN_H 1
| #define HAVE_NETINET_IN_SYSTM_H 1
| #define HAVE_NETINET_TCP_H 1
| #define HAVE_PWD_H 1
| #define HAVE_SCHED_H 1
| #define HAVE_SCSI_SCSI_H 1
| #define HAVE_SCSI_SCSI_IOCTL_H 1
| #define HAVE_SCSI_SG_H 1
| #define HAVE_SYS_AUXV_H 1
| #define HAVE_SYS_EPOLL_H 1
| #define HAVE_SYS_IPC_H 1
| #define HAVE_SYS_MTIO_H 1
| #define HAVE_SYS_PARAM_H 1
| #define HAVE_SYS_PERSONALITY_H 1
| #define HAVE_SYS_PRCTL_H 1
| #define HAVE_SYS_PTRACE_H 1
| #define HAVE_SYS_QUEUE_H 1
| #define HAVE_SYS_RANDOM_H 1
| #define HAVE_SYS_RESOURCE_H 1
| #define HAVE_SYS_SHM_H 1
| #define HAVE_SYS_SIGNAL_H 1
| #define HAVE_SYS_SOCKETVAR_H 1
| #define HAVE_SYS_STATVFS_H 1
| #define HAVE_SYS_SYSCALL_H 1
| #define HAVE_SYS_SYSINFO_H 1
| #define HAVE_SYS_TIMES_H 1
| #define HAVE_SYS_UIO_H 1
| #define HAVE_SYS_USER_H 1
| #define HAVE_SYS_UTSNAME_H 1
| #define HAVE_SYS_XATTR_H 1
| #define HAVE_SYSCALL_H 1
| #define HAVE_UTIME_H 1
| #define HAVE_VALGRIND_MEMCHECK_H 1
| #define HAVE_VALGRIND_VALGRIND_H 1
| #define MAJOR_IN_SYSMACROS 1
| #define HAVE_SYS_MOUNT_H 1
| #define HAVE_SYS_STATFS_H 1
| #define HAVE_SYS_USER_H 1
| #define HAVE_SYS_VFS_H 1
| #define HAVE_NETINET_IP_H 1
| #define HAVE_NET_IF_H 1
| #define HAVE_NET_IF_ARP_H 1
| #define HAVE_NET_ROUTE_H 1
| #define HAVE_NETINET_IF_ETHER_H 1
| #define HAVE_NETINET_IP_ICMP_H 1
| #define HAVE_NETINET_UDP_H 1
| #define HAVE_NETIPX_IPX_H 1
| #define HAVE_SYS_UN_H 1
| #define HAVE_NETINET_ICMP6_H 1
| #define HAVE_LINUX_RTNETLINK_H 1
| #define HAVE_RESOLV_H 1
| #define HAVE_IFADDRS_H 1
| #define HAVE_SYS_UCONTEXT_H 1
| #define HAVE_LINUX_VIDEODEV2_H 1
| #define _GNU_SOURCE 1
| #define SONAME_LIBX11 "libX11.so.6"
| #define SONAME_LIBXEXT "libXext.so.6"
| #define HAVE_X11_EXTENSIONS_SHAPE_H 1
| #define HAVE_X11_EXTENSIONS_XINPUT2_H 1
| #define HAVE_X11_EXTENSIONS_XSHM_H 1
| #define HAVE_X11_EXTENSIONS_XFIXES_H 1
| #define HAVE_X11_EXTENSIONS_XRANDR_H 1
| #define HAVE_X11_EXTENSIONS_XRENDER_H 1
| #define HAVE_X11_EXTENSIONS_XF86VMPROTO_H 1
| #define SONAME_LIBXCURSOR "libXcursor.so.1"
| #define SONAME_LIBXI "libXi.so.6"
| #define HAVE_LIBXXSHM 1
| #define HAVE_LIBXSHAPE 1
| #define SONAME_LIBXRENDER "libXrender.so.1"
| #define HAVE_XRENDERSETPICTURETRANSFORM 1
| #define HAVE_XRENDERCREATELINEARGRADIENT 1
| #define SONAME_LIBXRANDR "libXrandr.so.2"
| #define HAVE_XRRGETPROVIDERRESOURCES 1
| #define SONAME_LIBXFIXES "libXfixes.so.3"
| #define HAVE_XICCALLBACK_CALLBACK 1
| #define HAVE_XEVENT_XCOOKIE 1
| /* end confdefs.h.  */
| #include <stddef.h>
| #ifdef HAVE_STDIO_H
| # include <stdio.h>
| #endif
| #ifdef HAVE_STDLIB_H
| # include <stdlib.h>
| #endif
| #ifdef HAVE_STRING_H
| # include <string.h>
| #endif
| #ifdef HAVE_INTTYPES_H
| # include <inttypes.h>
| #endif
| #ifdef HAVE_STDINT_H
| # include <stdint.h>
| #endif
| #ifdef HAVE_STRINGS_H
| # include <strings.h>
| #endif
| #ifdef HAVE_SYS_TYPES_H
| # include <sys/types.h>
| #endif
| #ifdef HAVE_SYS_STAT_H
| # include <sys/stat.h>
| #endif
| #ifdef HAVE_UNISTD_H
| # include <unistd.h>
| #endif
| #include <CL/cl.h>
configure:17167: result: no
configure:17174: checking for clGetPlatformInfo
configure:17174: gcc -m64 -o conftest -g -O2    conftest.c -lOpenCL  >&5
/usr/bin/ld: cannot find -lOpenCL: No such file or directory
collect2: error: ld returned 1 exit status
configure:17174: $? = 1
configure: failed program was:
| /* confdefs.h */
| #define PACKAGE_NAME "Wine"
| #define PACKAGE_TARNAME "wine"
| #define PACKAGE_VERSION "11.15"
| #define PACKAGE_STRING "Wine 11.15"
| #define PACKAGE_BUGREPORT "wine-devel@winehq.org"
| #define PACKAGE_URL "https://www.winehq.org"
| #define EXEEXT ""
| #define HAVE_STDIO_H 1
| #define HAVE_STDLIB_H 1
| #define HAVE_STRING_H 1
| #define HAVE_INTTYPES_H 1
| #define HAVE_STDINT_H 1
| #define HAVE_STRINGS_H 1
| #define HAVE_SYS_STAT_H 1
| #define HAVE_SYS_TYPES_H 1
| #define HAVE_UNISTD_H 1
| #define STDC_HEADERS 1
| #define HAVE_ARPA_INET_H 1
| #define HAVE_ARPA_NAMESER_H 1
| #define HAVE_ASM_TERMBITS_H 1
| #define HAVE_ASM_TYPES_H 1
| #define HAVE_ELF_H 1
| #define HAVE_LINK_H 1
| #define HAVE_LINUX_CDROM_H 1
| #define HAVE_LINUX_ERRQUEUE_H 1
| #define HAVE_LINUX_FILTER_H 1
| #define HAVE_LINUX_FS_H 1
| #define HAVE_LINUX_HDREG_H 1
| #define HAVE_LINUX_HIDRAW_H 1
| #define HAVE_LINUX_INPUT_H 1
| #define HAVE_LINUX_IOCTL_H 1
| #define HAVE_LINUX_MAJOR_H 1
| #define HAVE_LINUX_MEMFD_H 1
| #define HAVE_LINUX_PARAM_H 1
| #define HAVE_LINUX_SERIAL_H 1
| #define HAVE_LINUX_TYPES_H 1
| #define HAVE_LINUX_USERFAULTFD_H 1
| #define HAVE_LINUX_WIRELESS_H 1
| #define HAVE_MNTENT_H 1
| #define HAVE_NETDB_H 1
| #define HAVE_NETINET_IN_H 1
| #define HAVE_NETINET_IN_SYSTM_H 1
| #define HAVE_NETINET_TCP_H 1
| #define HAVE_PWD_H 1
| #define HAVE_SCHED_H 1
| #define HAVE_SCSI_SCSI_H 1
| #define HAVE_SCSI_SCSI_IOCTL_H 1
| #define HAVE_SCSI_SG_H 1
| #define HAVE_SYS_AUXV_H 1
| #define HAVE_SYS_EPOLL_H 1
| #define HAVE_SYS_IPC_H 1
| #define HAVE_SYS_MTIO_H 1
| #define HAVE_SYS_PARAM_H 1
| #define HAVE_SYS_PERSONALITY_H 1
| #define HAVE_SYS_PRCTL_H 1
| #define HAVE_SYS_PTRACE_H 1
| #define HAVE_SYS_QUEUE_H 1
| #define HAVE_SYS_RANDOM_H 1
| #define HAVE_SYS_RESOURCE_H 1
| #define HAVE_SYS_SHM_H 1
| #define HAVE_SYS_SIGNAL_H 1
| #define HAVE_SYS_SOCKETVAR_H 1
| #define HAVE_SYS_STATVFS_H 1
| #define HAVE_SYS_SYSCALL_H 1
| #define HAVE_SYS_SYSINFO_H 1
| #define HAVE_SYS_TIMES_H 1
| #define HAVE_SYS_UIO_H 1
| #define HAVE_SYS_USER_H 1
| #define HAVE_SYS_UTSNAME_H 1
| #define HAVE_SYS_XATTR_H 1
| #define HAVE_SYSCALL_H 1
| #define HAVE_UTIME_H 1
| #define HAVE_VALGRIND_MEMCHECK_H 1
| #define HAVE_VALGRIND_VALGRIND_H 1
| #define MAJOR_IN_SYSMACROS 1
| #define HAVE_SYS_MOUNT_H 1
| #define HAVE_SYS_STATFS_H 1
| #define HAVE_SYS_USER_H 1
| #define HAVE_SYS_VFS_H 1
| #define HAVE_NETINET_IP_H 1
| #define HAVE_NET_IF_H 1
| #define HAVE_NET_IF_ARP_H 1
| #define HAVE_NET_ROUTE_H 1
| #define HAVE_NETINET_IF_ETHER_H 1
| #define HAVE_NETINET_IP_ICMP_H 1
| #define HAVE_NETINET_UDP_H 1
| #define HAVE_NETIPX_IPX_H 1
| #define HAVE_SYS_UN_H 1
| #define HAVE_NETINET_ICMP6_H 1
| #define HAVE_LINUX_RTNETLINK_H 1
| #define HAVE_RESOLV_H 1
| #define HAVE_IFADDRS_H 1
| #define HAVE_SYS_UCONTEXT_H 1
| #define HAVE_LINUX_VIDEODEV2_H 1
| #define _GNU_SOURCE 1
| #define SONAME_LIBX11 "libX11.so.6"
| #define SONAME_LIBXEXT "libXext.so.6"
| #define HAVE_X11_EXTENSIONS_SHAPE_H 1
| #define HAVE_X11_EXTENSIONS_XINPUT2_H 1
| #define HAVE_X11_EXTENSIONS_XSHM_H 1
| #define HAVE_X11_EXTENSIONS_XFIXES_H 1
| #define HAVE_X11_EXTENSIONS_XRANDR_H 1
| #define HAVE_X11_EXTENSIONS_XRENDER_H 1
| #define HAVE_X11_EXTENSIONS_XF86VMPROTO_H 1
| #define SONAME_LIBXCURSOR "libXcursor.so.1"
| #define SONAME_LIBXI "libXi.so.6"
| #define HAVE_LIBXXSHM 1
| #define HAVE_LIBXSHAPE 1
| #define SONAME_LIBXRENDER "libXrender.so.1"
| #define HAVE_XRENDERSETPICTURETRANSFORM 1
| #define HAVE_XRENDERCREATELINEARGRADIENT 1
| #define SONAME_LIBXRANDR "libXrandr.so.2"
| #define HAVE_XRRGETPROVIDERRESOURCES 1
| #define SONAME_LIBXFIXES "libXfixes.so.3"
| #define HAVE_XICCALLBACK_CALLBACK 1
| #define HAVE_XEVENT_XCOOKIE 1
| /* end confdefs.h.  */
| /* Define clGetPlatformInfo to an innocuous variant, in case <limits.h> declares clGetPlatformInfo.
|    For example, HP-UX 11i <limits.h> declares gettimeofday.  */
| #define clGetPlatformInfo innocuous_clGetPlatformInfo
| 
| /* System header to define __stub macros and hopefully few prototypes,
|    which can conflict with char clGetPlatformInfo (void); below.  */
| 
| #include <limits.h>
| #undef clGetPlatformInfo
| 
| /* Override any GCC internal prototype to avoid an error.
|    Use char because int might match the return type of a GCC
|    builtin and then its argument prototype would still apply.  */
| #ifdef __cplusplus
| extern "C"
| #endif
| char clGetPlatformInfo (void);
| /* The GNU C library defines this for functions which it implements
|     to always fail with ENOSYS.  Some functions are actually named
|     something starting with __ and the normal name is an alias.  */
| #if defined __stub_clGetPlatformInfo || defined __stub___clGetPlatformInfo
| choke me
| #endif
| 
| int
| main (void)
| {
| return clGetPlatformInfo ();
|   ;
|   return 0;
| }
configure:17174: result: no
configure:17216: libpcap cflags: 
configure:17217: libpcap libs: -lpcap
configure:17219: libpcap errors: Package libpcap was not found in the pkg-config search path.
Perhaps you should add the directory containing `libpcap.pc'
to the PKG_CONFIG_PATH environment variable
Package 'libpcap', required by 'virtual:world', not found
configure:17229: checking for pcap/pcap.h
configure:17229: gcc -m64 -c -g -O2   conftest.c >&5
conftest.c:147:10: fatal error: pcap/pcap.h: No such file or directory
  147 | #include <pcap/pcap.h>
      |          ^~~~~~~~~~~~~
compilation terminated.
configure:17229: $? = 1
configure: failed program was:
| /* confdefs.h */
| #define PACKAGE_NAME "Wine"
| #define PACKAGE_TARNAME "wine"
| #define PACKAGE_VERSION "11.15"
| #define PACKAGE_STRING "Wine 11.15"
| #define PACKAGE_BUGREPORT "wine-devel@winehq.org"
| #define PACKAGE_URL "https://www.winehq.org"
| #define EXEEXT ""
| #define HAVE_STDIO_H 1
| #define HAVE_STDLIB_H 1
| #define HAVE_STRING_H 1
| #define HAVE_INTTYPES_H 1
| #define HAVE_STDINT_H 1
| #define HAVE_STRINGS_H 1
| #define HAVE_SYS_STAT_H 1
| #define HAVE_SYS_TYPES_H 1
| #define HAVE_UNISTD_H 1
| #define STDC_HEADERS 1
| #define HAVE_ARPA_INET_H 1
| #define HAVE_ARPA_NAMESER_H 1
| #define HAVE_ASM_TERMBITS_H 1
| #define HAVE_ASM_TYPES_H 1
| #define HAVE_ELF_H 1
| #define HAVE_LINK_H 1
| #define HAVE_LINUX_CDROM_H 1
| #define HAVE_LINUX_ERRQUEUE_H 1
| #define HAVE_LINUX_FILTER_H 1
| #define HAVE_LINUX_FS_H 1
| #define HAVE_LINUX_HDREG_H 1
| #define HAVE_LINUX_HIDRAW_H 1
| #define HAVE_LINUX_INPUT_H 1
| #define HAVE_LINUX_IOCTL_H 1
| #define HAVE_LINUX_MAJOR_H 1
| #define HAVE_LINUX_MEMFD_H 1
| #define HAVE_LINUX_PARAM_H 1
| #define HAVE_LINUX_SERIAL_H 1
| #define HAVE_LINUX_TYPES_H 1
| #define HAVE_LINUX_USERFAULTFD_H 1
| #define HAVE_LINUX_WIRELESS_H 1
| #define HAVE_MNTENT_H 1
| #define HAVE_NETDB_H 1
| #define HAVE_NETINET_IN_H 1
| #define HAVE_NETINET_IN_SYSTM_H 1
| #define HAVE_NETINET_TCP_H 1
| #define HAVE_PWD_H 1
| #define HAVE_SCHED_H 1
| #define HAVE_SCSI_SCSI_H 1
| #define HAVE_SCSI_SCSI_IOCTL_H 1
| #define HAVE_SCSI_SG_H 1
| #define HAVE_SYS_AUXV_H 1
| #define HAVE_SYS_EPOLL_H 1
| #define HAVE_SYS_IPC_H 1
| #define HAVE_SYS_MTIO_H 1
| #define HAVE_SYS_PARAM_H 1
| #define HAVE_SYS_PERSONALITY_H 1
| #define HAVE_SYS_PRCTL_H 1
| #define HAVE_SYS_PTRACE_H 1
| #define HAVE_SYS_QUEUE_H 1
| #define HAVE_SYS_RANDOM_H 1
| #define HAVE_SYS_RESOURCE_H 1
| #define HAVE_SYS_SHM_H 1
| #define HAVE_SYS_SIGNAL_H 1
| #define HAVE_SYS_SOCKETVAR_H 1
| #define HAVE_SYS_STATVFS_H 1
| #define HAVE_SYS_SYSCALL_H 1
| #define HAVE_SYS_SYSINFO_H 1
| #define HAVE_SYS_TIMES_H 1
| #define HAVE_SYS_UIO_H 1
| #define HAVE_SYS_USER_H 1
| #define HAVE_SYS_UTSNAME_H 1
| #define HAVE_SYS_XATTR_H 1
| #define HAVE_SYSCALL_H 1
| #define HAVE_UTIME_H 1
| #define HAVE_VALGRIND_MEMCHECK_H 1
| #define HAVE_VALGRIND_VALGRIND_H 1
| #define MAJOR_IN_SYSMACROS 1
| #define HAVE_SYS_MOUNT_H 1
| #define HAVE_SYS_STATFS_H 1
| #define HAVE_SYS_USER_H 1
| #define HAVE_SYS_VFS_H 1
| #define HAVE_NETINET_IP_H 1
| #define HAVE_NET_IF_H 1
| #define HAVE_NET_IF_ARP_H 1
| #define HAVE_NET_ROUTE_H 1
| #define HAVE_NETINET_IF_ETHER_H 1
| #define HAVE_NETINET_IP_ICMP_H 1
| #define HAVE_NETINET_UDP_H 1
| #define HAVE_NETIPX_IPX_H 1
| #define HAVE_SYS_UN_H 1
| #define HAVE_NETINET_ICMP6_H 1
| #define HAVE_LINUX_RTNETLINK_H 1
| #define HAVE_RESOLV_H 1
| #define HAVE_IFADDRS_H 1
| #define HAVE_SYS_UCONTEXT_H 1
| #define HAVE_LINUX_VIDEODEV2_H 1
| #define _GNU_SOURCE 1
| #define SONAME_LIBX11 "libX11.so.6"
| #define SONAME_LIBXEXT "libXext.so.6"
| #define HAVE_X11_EXTENSIONS_SHAPE_H 1
| #define HAVE_X11_EXTENSIONS_XINPUT2_H 1
| #define HAVE_X11_EXTENSIONS_XSHM_H 1
| #define HAVE_X11_EXTENSIONS_XFIXES_H 1
| #define HAVE_X11_EXTENSIONS_XRANDR_H 1
| #define HAVE_X11_EXTENSIONS_XRENDER_H 1
| #define HAVE_X11_EXTENSIONS_XF86VMPROTO_H 1
| #define SONAME_LIBXCURSOR "libXcursor.so.1"
| #define SONAME_LIBXI "libXi.so.6"
| #define HAVE_LIBXXSHM 1
| #define HAVE_LIBXSHAPE 1
| #define SONAME_LIBXRENDER "libXrender.so.1"
| #define HAVE_XRENDERSETPICTURETRANSFORM 1
| #define HAVE_XRENDERCREATELINEARGRADIENT 1
| #define SONAME_LIBXRANDR "libXrandr.so.2"
| #define HAVE_XRRGETPROVIDERRESOURCES 1
| #define SONAME_LIBXFIXES "libXfixes.so.3"
| #define HAVE_XICCALLBACK_CALLBACK 1
| #define HAVE_XEVENT_XCOOKIE 1
| /* end confdefs.h.  */
| #include <stddef.h>
| #ifdef HAVE_STDIO_H
| # include <stdio.h>
| #endif
| #ifdef HAVE_STDLIB_H
| # include <stdlib.h>
| #endif
| #ifdef HAVE_STRING_H
| # include <string.h>
| #endif
| #ifdef HAVE_INTTYPES_H
| # include <inttypes.h>
| #endif
| #ifdef HAVE_STDINT_H
| # include <stdint.h>
| #endif
| #ifdef HAVE_STRINGS_H
| # include <strings.h>
| #endif
| #ifdef HAVE_SYS_TYPES_H
| # include <sys/types.h>
| #endif
| #ifdef HAVE_SYS_STAT_H
| # include <sys/stat.h>
| #endif
| #ifdef HAVE_UNISTD_H
| # include <unistd.h>
| #endif
| #include <pcap/pcap.h>
configure:17229: result: no
configure:17236: checking for pcap_init
configure:17236: gcc -m64 -o conftest -g -O2    conftest.c -lpcap  >&5
/usr/bin/ld: cannot find -lpcap: No such file or directory
collect2: error: ld returned 1 exit status
configure:17236: $? = 1
configure: failed program was:
| /* confdefs.h */
| #define PACKAGE_NAME "Wine"
| #define PACKAGE_TARNAME "wine"
| #define PACKAGE_VERSION "11.15"
| #define PACKAGE_STRING "Wine 11.15"
| #define PACKAGE_BUGREPORT "wine-devel@winehq.org"
| #define PACKAGE_URL "https://www.winehq.org"
| #define EXEEXT ""
| #define HAVE_STDIO_H 1
| #define HAVE_STDLIB_H 1
| #define HAVE_STRING_H 1
| #define HAVE_INTTYPES_H 1
| #define HAVE_STDINT_H 1
| #define HAVE_STRINGS_H 1
| #define HAVE_SYS_STAT_H 1
| #define HAVE_SYS_TYPES_H 1
| #define HAVE_UNISTD_H 1
| #define STDC_HEADERS 1
| #define HAVE_ARPA_INET_H 1
| #define HAVE_ARPA_NAMESER_H 1
| #define HAVE_ASM_TERMBITS_H 1
| #define HAVE_ASM_TYPES_H 1
| #define HAVE_ELF_H 1
| #define HAVE_LINK_H 1
| #define HAVE_LINUX_CDROM_H 1
| #define HAVE_LINUX_ERRQUEUE_H 1
| #define HAVE_LINUX_FILTER_H 1
| #define HAVE_LINUX_FS_H 1
| #define HAVE_LINUX_HDREG_H 1
| #define HAVE_LINUX_HIDRAW_H 1
| #define HAVE_LINUX_INPUT_H 1
| #define HAVE_LINUX_IOCTL_H 1
| #define HAVE_LINUX_MAJOR_H 1
| #define HAVE_LINUX_MEMFD_H 1
| #define HAVE_LINUX_PARAM_H 1
| #define HAVE_LINUX_SERIAL_H 1
| #define HAVE_LINUX_TYPES_H 1
| #define HAVE_LINUX_USERFAULTFD_H 1
| #define HAVE_LINUX_WIRELESS_H 1
| #define HAVE_MNTENT_H 1
| #define HAVE_NETDB_H 1
| #define HAVE_NETINET_IN_H 1
| #define HAVE_NETINET_IN_SYSTM_H 1
| #define HAVE_NETINET_TCP_H 1
| #define HAVE_PWD_H 1
| #define HAVE_SCHED_H 1
| #define HAVE_SCSI_SCSI_H 1
| #define HAVE_SCSI_SCSI_IOCTL_H 1
| #define HAVE_SCSI_SG_H 1
| #define HAVE_SYS_AUXV_H 1
| #define HAVE_SYS_EPOLL_H 1
| #define HAVE_SYS_IPC_H 1
| #define HAVE_SYS_MTIO_H 1
| #define HAVE_SYS_PARAM_H 1
| #define HAVE_SYS_PERSONALITY_H 1
| #define HAVE_SYS_PRCTL_H 1
| #define HAVE_SYS_PTRACE_H 1
| #define HAVE_SYS_QUEUE_H 1
| #define HAVE_SYS_RANDOM_H 1
| #define HAVE_SYS_RESOURCE_H 1
| #define HAVE_SYS_SHM_H 1
| #define HAVE_SYS_SIGNAL_H 1
| #define HAVE_SYS_SOCKETVAR_H 1
| #define HAVE_SYS_STATVFS_H 1
| #define HAVE_SYS_SYSCALL_H 1
| #define HAVE_SYS_SYSINFO_H 1
| #define HAVE_SYS_TIMES_H 1
| #define HAVE_SYS_UIO_H 1
| #define HAVE_SYS_USER_H 1
| #define HAVE_SYS_UTSNAME_H 1
| #define HAVE_SYS_XATTR_H 1
| #define HAVE_SYSCALL_H 1
| #define HAVE_UTIME_H 1
| #define HAVE_VALGRIND_MEMCHECK_H 1
| #define HAVE_VALGRIND_VALGRIND_H 1
| #define MAJOR_IN_SYSMACROS 1
| #define HAVE_SYS_MOUNT_H 1
| #define HAVE_SYS_STATFS_H 1
| #define HAVE_SYS_USER_H 1
| #define HAVE_SYS_VFS_H 1
| #define HAVE_NETINET_IP_H 1
| #define HAVE_NET_IF_H 1
| #define HAVE_NET_IF_ARP_H 1
| #define HAVE_NET_ROUTE_H 1
| #define HAVE_NETINET_IF_ETHER_H 1
| #define HAVE_NETINET_IP_ICMP_H 1
| #define HAVE_NETINET_UDP_H 1
| #define HAVE_NETIPX_IPX_H 1
| #define HAVE_SYS_UN_H 1
| #define HAVE_NETINET_ICMP6_H 1
| #define HAVE_LINUX_RTNETLINK_H 1
| #define HAVE_RESOLV_H 1
| #define HAVE_IFADDRS_H 1
| #define HAVE_SYS_UCONTEXT_H 1
| #define HAVE_LINUX_VIDEODEV2_H 1
| #define _GNU_SOURCE 1
| #define SONAME_LIBX11 "libX11.so.6"
| #define SONAME_LIBXEXT "libXext.so.6"
| #define HAVE_X11_EXTENSIONS_SHAPE_H 1
| #define HAVE_X11_EXTENSIONS_XINPUT2_H 1
| #define HAVE_X11_EXTENSIONS_XSHM_H 1
| #define HAVE_X11_EXTENSIONS_XFIXES_H 1
| #define HAVE_X11_EXTENSIONS_XRANDR_H 1
| #define HAVE_X11_EXTENSIONS_XRENDER_H 1
| #define HAVE_X11_EXTENSIONS_XF86VMPROTO_H 1
| #define SONAME_LIBXCURSOR "libXcursor.so.1"
| #define SONAME_LIBXI "libXi.so.6"
| #define HAVE_LIBXXSHM 1
| #define HAVE_LIBXSHAPE 1
| #define SONAME_LIBXRENDER "libXrender.so.1"
| #define HAVE_XRENDERSETPICTURETRANSFORM 1
| #define HAVE_XRENDERCREATELINEARGRADIENT 1
| #define SONAME_LIBXRANDR "libXrandr.so.2"
| #define HAVE_XRRGETPROVIDERRESOURCES 1
| #define SONAME_LIBXFIXES "libXfixes.so.3"
| #define HAVE_XICCALLBACK_CALLBACK 1
| #define HAVE_XEVENT_XCOOKIE 1
| /* end confdefs.h.  */
| /* Define pcap_init to an innocuous variant, in case <limits.h> declares pcap_init.
|    For example, HP-UX 11i <limits.h> declares gettimeofday.  */
| #define pcap_init innocuous_pcap_init
| 
| /* System header to define __stub macros and hopefully few prototypes,
|    which can conflict with char pcap_init (void); below.  */
| 
| #include <limits.h>
| #undef pcap_init
| 
| /* Override any GCC internal prototype to avoid an error.
|    Use char because int might match the return type of a GCC
|    builtin and then its argument prototype would still apply.  */
| #ifdef __cplusplus
| extern "C"
| #endif
| char pcap_init (void);
| /* The GNU C library defines this for functions which it implements
|     to always fail with ENOSYS.  Some functions are actually named
|     something starting with __ and the normal name is an alias.  */
| #if defined __stub_pcap_init || defined __stub___pcap_init
| choke me
| #endif
| 
| int
| main (void)
| {
| return pcap_init ();
|   ;
|   return 0;
| }
configure:17236: result: no
configure:17281: libpcsclite cflags: 
configure:17282: libpcsclite libs: -lpcsclite
configure:17284: libpcsclite errors: Package libpcsclite was not found in the pkg-config search path.
Perhaps you should add the directory containing `libpcsclite.pc'
to the PKG_CONFIG_PATH environment variable
Package 'libpcsclite', required by 'virtual:world', not found
configure:17294: checking for SCardEstablishContext
configure:17294: gcc -m64 -o conftest -g -O2    conftest.c -lpcsclite  >&5
/usr/bin/ld: cannot find -lpcsclite: No such file or directory
collect2: error: ld returned 1 exit status
configure:17294: $? = 1
configure: failed program was:
| /* confdefs.h */
| #define PACKAGE_NAME "Wine"
| #define PACKAGE_TARNAME "wine"
| #define PACKAGE_VERSION "11.15"
| #define PACKAGE_STRING "Wine 11.15"
| #define PACKAGE_BUGREPORT "wine-devel@winehq.org"
| #define PACKAGE_URL "https://www.winehq.org"
| #define EXEEXT ""
| #define HAVE_STDIO_H 1
| #define HAVE_STDLIB_H 1
| #define HAVE_STRING_H 1
| #define HAVE_INTTYPES_H 1
| #define HAVE_STDINT_H 1
| #define HAVE_STRINGS_H 1
| #define HAVE_SYS_STAT_H 1
| #define HAVE_SYS_TYPES_H 1
| #define HAVE_UNISTD_H 1
| #define STDC_HEADERS 1
| #define HAVE_ARPA_INET_H 1
| #define HAVE_ARPA_NAMESER_H 1
| #define HAVE_ASM_TERMBITS_H 1
| #define HAVE_ASM_TYPES_H 1
| #define HAVE_ELF_H 1
| #define HAVE_LINK_H 1
| #define HAVE_LINUX_CDROM_H 1
| #define HAVE_LINUX_ERRQUEUE_H 1
| #define HAVE_LINUX_FILTER_H 1
| #define HAVE_LINUX_FS_H 1
| #define HAVE_LINUX_HDREG_H 1
| #define HAVE_LINUX_HIDRAW_H 1
| #define HAVE_LINUX_INPUT_H 1
| #define HAVE_LINUX_IOCTL_H 1
| #define HAVE_LINUX_MAJOR_H 1
| #define HAVE_LINUX_MEMFD_H 1
| #define HAVE_LINUX_PARAM_H 1
| #define HAVE_LINUX_SERIAL_H 1
| #define HAVE_LINUX_TYPES_H 1
| #define HAVE_LINUX_USERFAULTFD_H 1
| #define HAVE_LINUX_WIRELESS_H 1
| #define HAVE_MNTENT_H 1
| #define HAVE_NETDB_H 1
| #define HAVE_NETINET_IN_H 1
| #define HAVE_NETINET_IN_SYSTM_H 1
| #define HAVE_NETINET_TCP_H 1
| #define HAVE_PWD_H 1
| #define HAVE_SCHED_H 1
| #define HAVE_SCSI_SCSI_H 1
| #define HAVE_SCSI_SCSI_IOCTL_H 1
| #define HAVE_SCSI_SG_H 1
| #define HAVE_SYS_AUXV_H 1
| #define HAVE_SYS_EPOLL_H 1
| #define HAVE_SYS_IPC_H 1
| #define HAVE_SYS_MTIO_H 1
| #define HAVE_SYS_PARAM_H 1
| #define HAVE_SYS_PERSONALITY_H 1
| #define HAVE_SYS_PRCTL_H 1
| #define HAVE_SYS_PTRACE_H 1
| #define HAVE_SYS_QUEUE_H 1
| #define HAVE_SYS_RANDOM_H 1
| #define HAVE_SYS_RESOURCE_H 1
| #define HAVE_SYS_SHM_H 1
| #define HAVE_SYS_SIGNAL_H 1
| #define HAVE_SYS_SOCKETVAR_H 1
| #define HAVE_SYS_STATVFS_H 1
| #define HAVE_SYS_SYSCALL_H 1
| #define HAVE_SYS_SYSINFO_H 1
| #define HAVE_SYS_TIMES_H 1
| #define HAVE_SYS_UIO_H 1
| #define HAVE_SYS_USER_H 1
| #define HAVE_SYS_UTSNAME_H 1
| #define HAVE_SYS_XATTR_H 1
| #define HAVE_SYSCALL_H 1
| #define HAVE_UTIME_H 1
| #define HAVE_VALGRIND_MEMCHECK_H 1
| #define HAVE_VALGRIND_VALGRIND_H 1
| #define MAJOR_IN_SYSMACROS 1
| #define HAVE_SYS_MOUNT_H 1
| #define HAVE_SYS_STATFS_H 1
| #define HAVE_SYS_USER_H 1
| #define HAVE_SYS_VFS_H 1
| #define HAVE_NETINET_IP_H 1
| #define HAVE_NET_IF_H 1
| #define HAVE_NET_IF_ARP_H 1
| #define HAVE_NET_ROUTE_H 1
| #define HAVE_NETINET_IF_ETHER_H 1
| #define HAVE_NETINET_IP_ICMP_H 1
| #define HAVE_NETINET_UDP_H 1
| #define HAVE_NETIPX_IPX_H 1
| #define HAVE_SYS_UN_H 1
| #define HAVE_NETINET_ICMP6_H 1
| #define HAVE_LINUX_RTNETLINK_H 1
| #define HAVE_RESOLV_H 1
| #define HAVE_IFADDRS_H 1
| #define HAVE_SYS_UCONTEXT_H 1
| #define HAVE_LINUX_VIDEODEV2_H 1
| #define _GNU_SOURCE 1
| #define SONAME_LIBX11 "libX11.so.6"
| #define SONAME_LIBXEXT "libXext.so.6"
| #define HAVE_X11_EXTENSIONS_SHAPE_H 1
| #define HAVE_X11_EXTENSIONS_XINPUT2_H 1
| #define HAVE_X11_EXTENSIONS_XSHM_H 1
| #define HAVE_X11_EXTENSIONS_XFIXES_H 1
| #define HAVE_X11_EXTENSIONS_XRANDR_H 1
| #define HAVE_X11_EXTENSIONS_XRENDER_H 1
| #define HAVE_X11_EXTENSIONS_XF86VMPROTO_H 1
| #define SONAME_LIBXCURSOR "libXcursor.so.1"
| #define SONAME_LIBXI "libXi.so.6"
| #define HAVE_LIBXXSHM 1
| #define HAVE_LIBXSHAPE 1
| #define SONAME_LIBXRENDER "libXrender.so.1"
| #define HAVE_XRENDERSETPICTURETRANSFORM 1
| #define HAVE_XRENDERCREATELINEARGRADIENT 1
| #define SONAME_LIBXRANDR "libXrandr.so.2"
| #define HAVE_XRRGETPROVIDERRESOURCES 1
| #define SONAME_LIBXFIXES "libXfixes.so.3"
| #define HAVE_XICCALLBACK_CALLBACK 1
| #define HAVE_XEVENT_XCOOKIE 1
| /* end confdefs.h.  */
| /* Define SCardEstablishContext to an innocuous variant, in case <limits.h> declares SCardEstablishContext.
|    For example, HP-UX 11i <limits.h> declares gettimeofday.  */
| #define SCardEstablishContext innocuous_SCardEstablishContext
| 
| /* System header to define __stub macros and hopefully few prototypes,
|    which can conflict with char SCardEstablishContext (void); below.  */
| 
| #include <limits.h>
| #undef SCardEstablishContext
| 
| /* Override any GCC internal prototype to avoid an error.
|    Use char because int might match the return type of a GCC
|    builtin and then its argument prototype would still apply.  */
| #ifdef __cplusplus
| extern "C"
| #endif
| char SCardEstablishContext (void);
| /* The GNU C library defines this for functions which it implements
|     to always fail with ENOSYS.  Some functions are actually named
|     something starting with __ and the normal name is an alias.  */
| #if defined __stub_SCardEstablishContext || defined __stub___SCardEstablishContext
| choke me
| #endif
| 
| int
| main (void)
| {
| return SCardEstablishContext ();
|   ;
|   return 0;
| }
configure:17294: result: no
configure:17342: libinotify cflags: 
configure:17343: libinotify libs: -linotify
configure:17345: libinotify errors: Package libinotify was not found in the pkg-config search path.
Perhaps you should add the directory containing `libinotify.pc'
to the PKG_CONFIG_PATH environment variable
Package 'libinotify', required by 'virtual:world', not found
configure:17355: checking for sys/inotify.h
configure:17355: gcc -m64 -c -g -O2   conftest.c >&5
configure:17355: $? = 0
configure:17355: result: yes
configure:17362: checking for inotify_add_watch
configure:17362: gcc -m64 -o conftest -g -O2    conftest.c -linotify  >&5
/usr/bin/ld: cannot find -linotify: No such file or directory
collect2: error: ld returned 1 exit status
configure:17362: $? = 1
configure: failed program was:
| /* confdefs.h */
| #define PACKAGE_NAME "Wine"
| #define PACKAGE_TARNAME "wine"
| #define PACKAGE_VERSION "11.15"
| #define PACKAGE_STRING "Wine 11.15"
| #define PACKAGE_BUGREPORT "wine-devel@winehq.org"
| #define PACKAGE_URL "https://www.winehq.org"
| #define EXEEXT ""
| #define HAVE_STDIO_H 1
| #define HAVE_STDLIB_H 1
| #define HAVE_STRING_H 1
| #define HAVE_INTTYPES_H 1
| #define HAVE_STDINT_H 1
| #define HAVE_STRINGS_H 1
| #define HAVE_SYS_STAT_H 1
| #define HAVE_SYS_TYPES_H 1
| #define HAVE_UNISTD_H 1
| #define STDC_HEADERS 1
| #define HAVE_ARPA_INET_H 1
| #define HAVE_ARPA_NAMESER_H 1
| #define HAVE_ASM_TERMBITS_H 1
| #define HAVE_ASM_TYPES_H 1
| #define HAVE_ELF_H 1
| #define HAVE_LINK_H 1
| #define HAVE_LINUX_CDROM_H 1
| #define HAVE_LINUX_ERRQUEUE_H 1
| #define HAVE_LINUX_FILTER_H 1
| #define HAVE_LINUX_FS_H 1
| #define HAVE_LINUX_HDREG_H 1
| #define HAVE_LINUX_HIDRAW_H 1
| #define HAVE_LINUX_INPUT_H 1
| #define HAVE_LINUX_IOCTL_H 1
| #define HAVE_LINUX_MAJOR_H 1
| #define HAVE_LINUX_MEMFD_H 1
| #define HAVE_LINUX_PARAM_H 1
| #define HAVE_LINUX_SERIAL_H 1
| #define HAVE_LINUX_TYPES_H 1
| #define HAVE_LINUX_USERFAULTFD_H 1
| #define HAVE_LINUX_WIRELESS_H 1
| #define HAVE_MNTENT_H 1
| #define HAVE_NETDB_H 1
| #define HAVE_NETINET_IN_H 1
| #define HAVE_NETINET_IN_SYSTM_H 1
| #define HAVE_NETINET_TCP_H 1
| #define HAVE_PWD_H 1
| #define HAVE_SCHED_H 1
| #define HAVE_SCSI_SCSI_H 1
| #define HAVE_SCSI_SCSI_IOCTL_H 1
| #define HAVE_SCSI_SG_H 1
| #define HAVE_SYS_AUXV_H 1
| #define HAVE_SYS_EPOLL_H 1
| #define HAVE_SYS_IPC_H 1
| #define HAVE_SYS_MTIO_H 1
| #define HAVE_SYS_PARAM_H 1
| #define HAVE_SYS_PERSONALITY_H 1
| #define HAVE_SYS_PRCTL_H 1
| #define HAVE_SYS_PTRACE_H 1
| #define HAVE_SYS_QUEUE_H 1
| #define HAVE_SYS_RANDOM_H 1
| #define HAVE_SYS_RESOURCE_H 1
| #define HAVE_SYS_SHM_H 1
| #define HAVE_SYS_SIGNAL_H 1
| #define HAVE_SYS_SOCKETVAR_H 1
| #define HAVE_SYS_STATVFS_H 1
| #define HAVE_SYS_SYSCALL_H 1
| #define HAVE_SYS_SYSINFO_H 1
| #define HAVE_SYS_TIMES_H 1
| #define HAVE_SYS_UIO_H 1
| #define HAVE_SYS_USER_H 1
| #define HAVE_SYS_UTSNAME_H 1
| #define HAVE_SYS_XATTR_H 1
| #define HAVE_SYSCALL_H 1
| #define HAVE_UTIME_H 1
| #define HAVE_VALGRIND_MEMCHECK_H 1
| #define HAVE_VALGRIND_VALGRIND_H 1
| #define MAJOR_IN_SYSMACROS 1
| #define HAVE_SYS_MOUNT_H 1
| #define HAVE_SYS_STATFS_H 1
| #define HAVE_SYS_USER_H 1
| #define HAVE_SYS_VFS_H 1
| #define HAVE_NETINET_IP_H 1
| #define HAVE_NET_IF_H 1
| #define HAVE_NET_IF_ARP_H 1
| #define HAVE_NET_ROUTE_H 1
| #define HAVE_NETINET_IF_ETHER_H 1
| #define HAVE_NETINET_IP_ICMP_H 1
| #define HAVE_NETINET_UDP_H 1
| #define HAVE_NETIPX_IPX_H 1
| #define HAVE_SYS_UN_H 1
| #define HAVE_NETINET_ICMP6_H 1
| #define HAVE_LINUX_RTNETLINK_H 1
| #define HAVE_RESOLV_H 1
| #define HAVE_IFADDRS_H 1
| #define HAVE_SYS_UCONTEXT_H 1
| #define HAVE_LINUX_VIDEODEV2_H 1
| #define _GNU_SOURCE 1
| #define SONAME_LIBX11 "libX11.so.6"
| #define SONAME_LIBXEXT "libXext.so.6"
| #define HAVE_X11_EXTENSIONS_SHAPE_H 1
| #define HAVE_X11_EXTENSIONS_XINPUT2_H 1
| #define HAVE_X11_EXTENSIONS_XSHM_H 1
| #define HAVE_X11_EXTENSIONS_XFIXES_H 1
| #define HAVE_X11_EXTENSIONS_XRANDR_H 1
| #define HAVE_X11_EXTENSIONS_XRENDER_H 1
| #define HAVE_X11_EXTENSIONS_XF86VMPROTO_H 1
| #define SONAME_LIBXCURSOR "libXcursor.so.1"
| #define SONAME_LIBXI "libXi.so.6"
| #define HAVE_LIBXXSHM 1
| #define HAVE_LIBXSHAPE 1
| #define SONAME_LIBXRENDER "libXrender.so.1"
| #define HAVE_XRENDERSETPICTURETRANSFORM 1
| #define HAVE_XRENDERCREATELINEARGRADIENT 1
| #define SONAME_LIBXRANDR "libXrandr.so.2"
| #define HAVE_XRRGETPROVIDERRESOURCES 1
| #define SONAME_LIBXFIXES "libXfixes.so.3"
| #define HAVE_XICCALLBACK_CALLBACK 1
| #define HAVE_XEVENT_XCOOKIE 1
| #define HAVE_SYS_INOTIFY_H 1
| /* end confdefs.h.  */
| /* Define inotify_add_watch to an innocuous variant, in case <limits.h> declares inotify_add_watch.
|    For example, HP-UX 11i <limits.h> declares gettimeofday.  */
| #define inotify_add_watch innocuous_inotify_add_watch
| 
| /* System header to define __stub macros and hopefully few prototypes,
|    which can conflict with char inotify_add_watch (void); below.  */
| 
| #include <limits.h>
| #undef inotify_add_watch
| 
| /* Override any GCC internal prototype to avoid an error.
|    Use char because int might match the return type of a GCC
|    builtin and then its argument prototype would still apply.  */
| #ifdef __cplusplus
| extern "C"
| #endif
| char inotify_add_watch (void);
| /* The GNU C library defines this for functions which it implements
|     to always fail with ENOSYS.  Some functions are actually named
|     something starting with __ and the normal name is an alias.  */
| #if defined __stub_inotify_add_watch || defined __stub___inotify_add_watch
| choke me
| #endif
| 
| int
| main (void)
| {
| return inotify_add_watch ();
|   ;
|   return 0;
| }
configure:17362: result: no
configure:17407: dbus-1 cflags: 
configure:17408: dbus-1 libs: 
configure:17410: dbus-1 errors: Package dbus-1 was not found in the pkg-config search path.
Perhaps you should add the directory containing `dbus-1.pc'
to the PKG_CONFIG_PATH environment variable
Package 'dbus-1', required by 'virtual:world', not found
configure:17530: gnutls cflags: 
configure:17531: gnutls libs: -lgnutls
configure:17533: gnutls errors: Package gnutls was not found in the pkg-config search path.
Perhaps you should add the directory containing `gnutls.pc'
to the PKG_CONFIG_PATH environment variable
Package 'gnutls', required by 'virtual:world', not found
configure:17543: checking for gnutls/gnutls.h
configure:17543: gcc -m64 -c -g -O2   conftest.c >&5
conftest.c:148:10: fatal error: gnutls/gnutls.h: No such file or directory
  148 | #include <gnutls/gnutls.h>
      |          ^~~~~~~~~~~~~~~~~
compilation terminated.
configure:17543: $? = 1
configure: failed program was:
| /* confdefs.h */
| #define PACKAGE_NAME "Wine"
| #define PACKAGE_TARNAME "wine"
| #define PACKAGE_VERSION "11.15"
| #define PACKAGE_STRING "Wine 11.15"
| #define PACKAGE_BUGREPORT "wine-devel@winehq.org"
| #define PACKAGE_URL "https://www.winehq.org"
| #define EXEEXT ""
| #define HAVE_STDIO_H 1
| #define HAVE_STDLIB_H 1
| #define HAVE_STRING_H 1
| #define HAVE_INTTYPES_H 1
| #define HAVE_STDINT_H 1
| #define HAVE_STRINGS_H 1
| #define HAVE_SYS_STAT_H 1
| #define HAVE_SYS_TYPES_H 1
| #define HAVE_UNISTD_H 1
| #define STDC_HEADERS 1
| #define HAVE_ARPA_INET_H 1
| #define HAVE_ARPA_NAMESER_H 1
| #define HAVE_ASM_TERMBITS_H 1
| #define HAVE_ASM_TYPES_H 1
| #define HAVE_ELF_H 1
| #define HAVE_LINK_H 1
| #define HAVE_LINUX_CDROM_H 1
| #define HAVE_LINUX_ERRQUEUE_H 1
| #define HAVE_LINUX_FILTER_H 1
| #define HAVE_LINUX_FS_H 1
| #define HAVE_LINUX_HDREG_H 1
| #define HAVE_LINUX_HIDRAW_H 1
| #define HAVE_LINUX_INPUT_H 1
| #define HAVE_LINUX_IOCTL_H 1
| #define HAVE_LINUX_MAJOR_H 1
| #define HAVE_LINUX_MEMFD_H 1
| #define HAVE_LINUX_PARAM_H 1
| #define HAVE_LINUX_SERIAL_H 1
| #define HAVE_LINUX_TYPES_H 1
| #define HAVE_LINUX_USERFAULTFD_H 1
| #define HAVE_LINUX_WIRELESS_H 1
| #define HAVE_MNTENT_H 1
| #define HAVE_NETDB_H 1
| #define HAVE_NETINET_IN_H 1
| #define HAVE_NETINET_IN_SYSTM_H 1
| #define HAVE_NETINET_TCP_H 1
| #define HAVE_PWD_H 1
| #define HAVE_SCHED_H 1
| #define HAVE_SCSI_SCSI_H 1
| #define HAVE_SCSI_SCSI_IOCTL_H 1
| #define HAVE_SCSI_SG_H 1
| #define HAVE_SYS_AUXV_H 1
| #define HAVE_SYS_EPOLL_H 1
| #define HAVE_SYS_IPC_H 1
| #define HAVE_SYS_MTIO_H 1
| #define HAVE_SYS_PARAM_H 1
| #define HAVE_SYS_PERSONALITY_H 1
| #define HAVE_SYS_PRCTL_H 1
| #define HAVE_SYS_PTRACE_H 1
| #define HAVE_SYS_QUEUE_H 1
| #define HAVE_SYS_RANDOM_H 1
| #define HAVE_SYS_RESOURCE_H 1
| #define HAVE_SYS_SHM_H 1
| #define HAVE_SYS_SIGNAL_H 1
| #define HAVE_SYS_SOCKETVAR_H 1
| #define HAVE_SYS_STATVFS_H 1
| #define HAVE_SYS_SYSCALL_H 1
| #define HAVE_SYS_SYSINFO_H 1
| #define HAVE_SYS_TIMES_H 1
| #define HAVE_SYS_UIO_H 1
| #define HAVE_SYS_USER_H 1
| #define HAVE_SYS_UTSNAME_H 1
| #define HAVE_SYS_XATTR_H 1
| #define HAVE_SYSCALL_H 1
| #define HAVE_UTIME_H 1
| #define HAVE_VALGRIND_MEMCHECK_H 1
| #define HAVE_VALGRIND_VALGRIND_H 1
| #define MAJOR_IN_SYSMACROS 1
| #define HAVE_SYS_MOUNT_H 1
| #define HAVE_SYS_STATFS_H 1
| #define HAVE_SYS_USER_H 1
| #define HAVE_SYS_VFS_H 1
| #define HAVE_NETINET_IP_H 1
| #define HAVE_NET_IF_H 1
| #define HAVE_NET_IF_ARP_H 1
| #define HAVE_NET_ROUTE_H 1
| #define HAVE_NETINET_IF_ETHER_H 1
| #define HAVE_NETINET_IP_ICMP_H 1
| #define HAVE_NETINET_UDP_H 1
| #define HAVE_NETIPX_IPX_H 1
| #define HAVE_SYS_UN_H 1
| #define HAVE_NETINET_ICMP6_H 1
| #define HAVE_LINUX_RTNETLINK_H 1
| #define HAVE_RESOLV_H 1
| #define HAVE_IFADDRS_H 1
| #define HAVE_SYS_UCONTEXT_H 1
| #define HAVE_LINUX_VIDEODEV2_H 1
| #define _GNU_SOURCE 1
| #define SONAME_LIBX11 "libX11.so.6"
| #define SONAME_LIBXEXT "libXext.so.6"
| #define HAVE_X11_EXTENSIONS_SHAPE_H 1
| #define HAVE_X11_EXTENSIONS_XINPUT2_H 1
| #define HAVE_X11_EXTENSIONS_XSHM_H 1
| #define HAVE_X11_EXTENSIONS_XFIXES_H 1
| #define HAVE_X11_EXTENSIONS_XRANDR_H 1
| #define HAVE_X11_EXTENSIONS_XRENDER_H 1
| #define HAVE_X11_EXTENSIONS_XF86VMPROTO_H 1
| #define SONAME_LIBXCURSOR "libXcursor.so.1"
| #define SONAME_LIBXI "libXi.so.6"
| #define HAVE_LIBXXSHM 1
| #define HAVE_LIBXSHAPE 1
| #define SONAME_LIBXRENDER "libXrender.so.1"
| #define HAVE_XRENDERSETPICTURETRANSFORM 1
| #define HAVE_XRENDERCREATELINEARGRADIENT 1
| #define SONAME_LIBXRANDR "libXrandr.so.2"
| #define HAVE_XRRGETPROVIDERRESOURCES 1
| #define SONAME_LIBXFIXES "libXfixes.so.3"
| #define HAVE_XICCALLBACK_CALLBACK 1
| #define HAVE_XEVENT_XCOOKIE 1
| #define HAVE_SYS_INOTIFY_H 1
| /* end confdefs.h.  */
| #include <stddef.h>
| #ifdef HAVE_STDIO_H
| # include <stdio.h>
| #endif
| #ifdef HAVE_STDLIB_H
| # include <stdlib.h>
| #endif
| #ifdef HAVE_STRING_H
| # include <string.h>
| #endif
| #ifdef HAVE_INTTYPES_H
| # include <inttypes.h>
| #endif
| #ifdef HAVE_STDINT_H
| # include <stdint.h>
| #endif
| #ifdef HAVE_STRINGS_H
| # include <strings.h>
| #endif
| #ifdef HAVE_SYS_TYPES_H
| # include <sys/types.h>
| #endif
| #ifdef HAVE_SYS_STAT_H
| # include <sys/stat.h>
| #endif
| #ifdef HAVE_UNISTD_H
| # include <unistd.h>
| #endif
| #include <gnutls/gnutls.h>
configure:17543: result: no
configure:17747: sane-backends cflags: 
configure:17748: sane-backends libs: 
configure:17750: sane-backends errors: Package sane-backends was not found in the pkg-config search path.
Perhaps you should add the directory containing `sane-backends.pc'
to the PKG_CONFIG_PATH environment variable
Package 'sane-backends', required by 'virtual:world', not found
configure:17807: libusb-1.0 cflags: 
configure:17808: libusb-1.0 libs: -lusb-1.0
configure:17810: libusb-1.0 errors: Package libusb-1.0 was not found in the pkg-config search path.
Perhaps you should add the directory containing `libusb-1.0.pc'
to the PKG_CONFIG_PATH environment variable
Package 'libusb-1.0', required by 'virtual:world', not found
configure:17820: checking for libusb.h
configure:17820: gcc -m64 -c -g -O2   conftest.c >&5
conftest.c:148:10: fatal error: libusb.h: No such file or directory
  148 | #include <libusb.h>
      |          ^~~~~~~~~~
compilation terminated.
configure:17820: $? = 1
configure: failed program was:
| /* confdefs.h */
| #define PACKAGE_NAME "Wine"
| #define PACKAGE_TARNAME "wine"
| #define PACKAGE_VERSION "11.15"
| #define PACKAGE_STRING "Wine 11.15"
| #define PACKAGE_BUGREPORT "wine-devel@winehq.org"
| #define PACKAGE_URL "https://www.winehq.org"
| #define EXEEXT ""
| #define HAVE_STDIO_H 1
| #define HAVE_STDLIB_H 1
| #define HAVE_STRING_H 1
| #define HAVE_INTTYPES_H 1
| #define HAVE_STDINT_H 1
| #define HAVE_STRINGS_H 1
| #define HAVE_SYS_STAT_H 1
| #define HAVE_SYS_TYPES_H 1
| #define HAVE_UNISTD_H 1
| #define STDC_HEADERS 1
| #define HAVE_ARPA_INET_H 1
| #define HAVE_ARPA_NAMESER_H 1
| #define HAVE_ASM_TERMBITS_H 1
| #define HAVE_ASM_TYPES_H 1
| #define HAVE_ELF_H 1
| #define HAVE_LINK_H 1
| #define HAVE_LINUX_CDROM_H 1
| #define HAVE_LINUX_ERRQUEUE_H 1
| #define HAVE_LINUX_FILTER_H 1
| #define HAVE_LINUX_FS_H 1
| #define HAVE_LINUX_HDREG_H 1
| #define HAVE_LINUX_HIDRAW_H 1
| #define HAVE_LINUX_INPUT_H 1
| #define HAVE_LINUX_IOCTL_H 1
| #define HAVE_LINUX_MAJOR_H 1
| #define HAVE_LINUX_MEMFD_H 1
| #define HAVE_LINUX_PARAM_H 1
| #define HAVE_LINUX_SERIAL_H 1
| #define HAVE_LINUX_TYPES_H 1
| #define HAVE_LINUX_USERFAULTFD_H 1
| #define HAVE_LINUX_WIRELESS_H 1
| #define HAVE_MNTENT_H 1
| #define HAVE_NETDB_H 1
| #define HAVE_NETINET_IN_H 1
| #define HAVE_NETINET_IN_SYSTM_H 1
| #define HAVE_NETINET_TCP_H 1
| #define HAVE_PWD_H 1
| #define HAVE_SCHED_H 1
| #define HAVE_SCSI_SCSI_H 1
| #define HAVE_SCSI_SCSI_IOCTL_H 1
| #define HAVE_SCSI_SG_H 1
| #define HAVE_SYS_AUXV_H 1
| #define HAVE_SYS_EPOLL_H 1
| #define HAVE_SYS_IPC_H 1
| #define HAVE_SYS_MTIO_H 1
| #define HAVE_SYS_PARAM_H 1
| #define HAVE_SYS_PERSONALITY_H 1
| #define HAVE_SYS_PRCTL_H 1
| #define HAVE_SYS_PTRACE_H 1
| #define HAVE_SYS_QUEUE_H 1
| #define HAVE_SYS_RANDOM_H 1
| #define HAVE_SYS_RESOURCE_H 1
| #define HAVE_SYS_SHM_H 1
| #define HAVE_SYS_SIGNAL_H 1
| #define HAVE_SYS_SOCKETVAR_H 1
| #define HAVE_SYS_STATVFS_H 1
| #define HAVE_SYS_SYSCALL_H 1
| #define HAVE_SYS_SYSINFO_H 1
| #define HAVE_SYS_TIMES_H 1
| #define HAVE_SYS_UIO_H 1
| #define HAVE_SYS_USER_H 1
| #define HAVE_SYS_UTSNAME_H 1
| #define HAVE_SYS_XATTR_H 1
| #define HAVE_SYSCALL_H 1
| #define HAVE_UTIME_H 1
| #define HAVE_VALGRIND_MEMCHECK_H 1
| #define HAVE_VALGRIND_VALGRIND_H 1
| #define MAJOR_IN_SYSMACROS 1
| #define HAVE_SYS_MOUNT_H 1
| #define HAVE_SYS_STATFS_H 1
| #define HAVE_SYS_USER_H 1
| #define HAVE_SYS_VFS_H 1
| #define HAVE_NETINET_IP_H 1
| #define HAVE_NET_IF_H 1
| #define HAVE_NET_IF_ARP_H 1
| #define HAVE_NET_ROUTE_H 1
| #define HAVE_NETINET_IF_ETHER_H 1
| #define HAVE_NETINET_IP_ICMP_H 1
| #define HAVE_NETINET_UDP_H 1
| #define HAVE_NETIPX_IPX_H 1
| #define HAVE_SYS_UN_H 1
| #define HAVE_NETINET_ICMP6_H 1
| #define HAVE_LINUX_RTNETLINK_H 1
| #define HAVE_RESOLV_H 1
| #define HAVE_IFADDRS_H 1
| #define HAVE_SYS_UCONTEXT_H 1
| #define HAVE_LINUX_VIDEODEV2_H 1
| #define _GNU_SOURCE 1
| #define SONAME_LIBX11 "libX11.so.6"
| #define SONAME_LIBXEXT "libXext.so.6"
| #define HAVE_X11_EXTENSIONS_SHAPE_H 1
| #define HAVE_X11_EXTENSIONS_XINPUT2_H 1
| #define HAVE_X11_EXTENSIONS_XSHM_H 1
| #define HAVE_X11_EXTENSIONS_XFIXES_H 1
| #define HAVE_X11_EXTENSIONS_XRANDR_H 1
| #define HAVE_X11_EXTENSIONS_XRENDER_H 1
| #define HAVE_X11_EXTENSIONS_XF86VMPROTO_H 1
| #define SONAME_LIBXCURSOR "libXcursor.so.1"
| #define SONAME_LIBXI "libXi.so.6"
| #define HAVE_LIBXXSHM 1
| #define HAVE_LIBXSHAPE 1
| #define SONAME_LIBXRENDER "libXrender.so.1"
| #define HAVE_XRENDERSETPICTURETRANSFORM 1
| #define HAVE_XRENDERCREATELINEARGRADIENT 1
| #define SONAME_LIBXRANDR "libXrandr.so.2"
| #define HAVE_XRRGETPROVIDERRESOURCES 1
| #define SONAME_LIBXFIXES "libXfixes.so.3"
| #define HAVE_XICCALLBACK_CALLBACK 1
| #define HAVE_XEVENT_XCOOKIE 1
| #define HAVE_SYS_INOTIFY_H 1
| /* end confdefs.h.  */
| #include <stddef.h>
| #ifdef HAVE_STDIO_H
| # include <stdio.h>
| #endif
| #ifdef HAVE_STDLIB_H
| # include <stdlib.h>
| #endif
| #ifdef HAVE_STRING_H
| # include <string.h>
| #endif
| #ifdef HAVE_INTTYPES_H
| # include <inttypes.h>
| #endif
| #ifdef HAVE_STDINT_H
| # include <stdint.h>
| #endif
| #ifdef HAVE_STRINGS_H
| # include <strings.h>
| #endif
| #ifdef HAVE_SYS_TYPES_H
| # include <sys/types.h>
| #endif
| #ifdef HAVE_SYS_STAT_H
| # include <sys/stat.h>
| #endif
| #ifdef HAVE_UNISTD_H
| # include <unistd.h>
| #endif
| #include <libusb.h>
configure:17820: result: no
configure:17855: checking for -lv4l2
configure:17884: gcc -m64 -o conftest -g -O2   conftest.c -lv4l2   >&5
/usr/bin/ld: cannot find -lv4l2: No such file or directory
collect2: error: ld returned 1 exit status
configure:17884: $? = 1
configure: failed program was:
| /* confdefs.h */
| #define PACKAGE_NAME "Wine"
| #define PACKAGE_TARNAME "wine"
| #define PACKAGE_VERSION "11.15"
| #define PACKAGE_STRING "Wine 11.15"
| #define PACKAGE_BUGREPORT "wine-devel@winehq.org"
| #define PACKAGE_URL "https://www.winehq.org"
| #define EXEEXT ""
| #define HAVE_STDIO_H 1
| #define HAVE_STDLIB_H 1
| #define HAVE_STRING_H 1
| #define HAVE_INTTYPES_H 1
| #define HAVE_STDINT_H 1
| #define HAVE_STRINGS_H 1
| #define HAVE_SYS_STAT_H 1
| #define HAVE_SYS_TYPES_H 1
| #define HAVE_UNISTD_H 1
| #define STDC_HEADERS 1
| #define HAVE_ARPA_INET_H 1
| #define HAVE_ARPA_NAMESER_H 1
| #define HAVE_ASM_TERMBITS_H 1
| #define HAVE_ASM_TYPES_H 1
| #define HAVE_ELF_H 1
| #define HAVE_LINK_H 1
| #define HAVE_LINUX_CDROM_H 1
| #define HAVE_LINUX_ERRQUEUE_H 1
| #define HAVE_LINUX_FILTER_H 1
| #define HAVE_LINUX_FS_H 1
| #define HAVE_LINUX_HDREG_H 1
| #define HAVE_LINUX_HIDRAW_H 1
| #define HAVE_LINUX_INPUT_H 1
| #define HAVE_LINUX_IOCTL_H 1
| #define HAVE_LINUX_MAJOR_H 1
| #define HAVE_LINUX_MEMFD_H 1
| #define HAVE_LINUX_PARAM_H 1
| #define HAVE_LINUX_SERIAL_H 1
| #define HAVE_LINUX_TYPES_H 1
| #define HAVE_LINUX_USERFAULTFD_H 1
| #define HAVE_LINUX_WIRELESS_H 1
| #define HAVE_MNTENT_H 1
| #define HAVE_NETDB_H 1
| #define HAVE_NETINET_IN_H 1
| #define HAVE_NETINET_IN_SYSTM_H 1
| #define HAVE_NETINET_TCP_H 1
| #define HAVE_PWD_H 1
| #define HAVE_SCHED_H 1
| #define HAVE_SCSI_SCSI_H 1
| #define HAVE_SCSI_SCSI_IOCTL_H 1
| #define HAVE_SCSI_SG_H 1
| #define HAVE_SYS_AUXV_H 1
| #define HAVE_SYS_EPOLL_H 1
| #define HAVE_SYS_IPC_H 1
| #define HAVE_SYS_MTIO_H 1
| #define HAVE_SYS_PARAM_H 1
| #define HAVE_SYS_PERSONALITY_H 1
| #define HAVE_SYS_PRCTL_H 1
| #define HAVE_SYS_PTRACE_H 1
| #define HAVE_SYS_QUEUE_H 1
| #define HAVE_SYS_RANDOM_H 1
| #define HAVE_SYS_RESOURCE_H 1
| #define HAVE_SYS_SHM_H 1
| #define HAVE_SYS_SIGNAL_H 1
| #define HAVE_SYS_SOCKETVAR_H 1
| #define HAVE_SYS_STATVFS_H 1
| #define HAVE_SYS_SYSCALL_H 1
| #define HAVE_SYS_SYSINFO_H 1
| #define HAVE_SYS_TIMES_H 1
| #define HAVE_SYS_UIO_H 1
| #define HAVE_SYS_USER_H 1
| #define HAVE_SYS_UTSNAME_H 1
| #define HAVE_SYS_XATTR_H 1
| #define HAVE_SYSCALL_H 1
| #define HAVE_UTIME_H 1
| #define HAVE_VALGRIND_MEMCHECK_H 1
| #define HAVE_VALGRIND_VALGRIND_H 1
| #define MAJOR_IN_SYSMACROS 1
| #define HAVE_SYS_MOUNT_H 1
| #define HAVE_SYS_STATFS_H 1
| #define HAVE_SYS_USER_H 1
| #define HAVE_SYS_VFS_H 1
| #define HAVE_NETINET_IP_H 1
| #define HAVE_NET_IF_H 1
| #define HAVE_NET_IF_ARP_H 1
| #define HAVE_NET_ROUTE_H 1
| #define HAVE_NETINET_IF_ETHER_H 1
| #define HAVE_NETINET_IP_ICMP_H 1
| #define HAVE_NETINET_UDP_H 1
| #define HAVE_NETIPX_IPX_H 1
| #define HAVE_SYS_UN_H 1
| #define HAVE_NETINET_ICMP6_H 1
| #define HAVE_LINUX_RTNETLINK_H 1
| #define HAVE_RESOLV_H 1
| #define HAVE_IFADDRS_H 1
| #define HAVE_SYS_UCONTEXT_H 1
| #define HAVE_LINUX_VIDEODEV2_H 1
| #define _GNU_SOURCE 1
| #define SONAME_LIBX11 "libX11.so.6"
| #define SONAME_LIBXEXT "libXext.so.6"
| #define HAVE_X11_EXTENSIONS_SHAPE_H 1
| #define HAVE_X11_EXTENSIONS_XINPUT2_H 1
| #define HAVE_X11_EXTENSIONS_XSHM_H 1
| #define HAVE_X11_EXTENSIONS_XFIXES_H 1
| #define HAVE_X11_EXTENSIONS_XRANDR_H 1
| #define HAVE_X11_EXTENSIONS_XRENDER_H 1
| #define HAVE_X11_EXTENSIONS_XF86VMPROTO_H 1
| #define SONAME_LIBXCURSOR "libXcursor.so.1"
| #define SONAME_LIBXI "libXi.so.6"
| #define HAVE_LIBXXSHM 1
| #define HAVE_LIBXSHAPE 1
| #define SONAME_LIBXRENDER "libXrender.so.1"
| #define HAVE_XRENDERSETPICTURETRANSFORM 1
| #define HAVE_XRENDERCREATELINEARGRADIENT 1
| #define SONAME_LIBXRANDR "libXrandr.so.2"
| #define HAVE_XRRGETPROVIDERRESOURCES 1
| #define SONAME_LIBXFIXES "libXfixes.so.3"
| #define HAVE_XICCALLBACK_CALLBACK 1
| #define HAVE_XEVENT_XCOOKIE 1
| #define HAVE_SYS_INOTIFY_H 1
| /* end confdefs.h.  */
| 
| /* Override any GCC internal prototype to avoid an error.
|    Use char because int might match the return type of a GCC
|    builtin and then its argument prototype would still apply.
|    The 'extern "C"' is for builds by C++ compilers;
|    although this is not generally supported in C code supporting it here
|    has little cost and some practical benefit (sr 110532).  */
| #ifdef __cplusplus
| extern "C"
| #endif
| char v4l2_open (void);
| int
| main (void)
| {
| return v4l2_open ();
|   ;
|   return 0;
| }
configure:17906: result: not found
configure:17950: libva libva-drm cflags: 
configure:17951: libva libva-drm libs: -lva-drm -lva
configure:17953: libva libva-drm errors: Package libva was not found in the pkg-config search path.
Perhaps you should add the directory containing `libva.pc'
to the PKG_CONFIG_PATH environment variable
Package 'libva', required by 'virtual:world', not found
Package 'libva-drm', required by 'virtual:world', not found
configure:17963: checking for va/va_drm.h
configure:17963: gcc -m64 -c -g -O2   conftest.c >&5
conftest.c:148:10: fatal error: va/va_drm.h: No such file or directory
  148 | #include <va/va_drm.h>
      |          ^~~~~~~~~~~~~
compilation terminated.
configure:17963: $? = 1
configure: failed program was:
| /* confdefs.h */
| #define PACKAGE_NAME "Wine"
| #define PACKAGE_TARNAME "wine"
| #define PACKAGE_VERSION "11.15"
| #define PACKAGE_STRING "Wine 11.15"
| #define PACKAGE_BUGREPORT "wine-devel@winehq.org"
| #define PACKAGE_URL "https://www.winehq.org"
| #define EXEEXT ""
| #define HAVE_STDIO_H 1
| #define HAVE_STDLIB_H 1
| #define HAVE_STRING_H 1
| #define HAVE_INTTYPES_H 1
| #define HAVE_STDINT_H 1
| #define HAVE_STRINGS_H 1
| #define HAVE_SYS_STAT_H 1
| #define HAVE_SYS_TYPES_H 1
| #define HAVE_UNISTD_H 1
| #define STDC_HEADERS 1
| #define HAVE_ARPA_INET_H 1
| #define HAVE_ARPA_NAMESER_H 1
| #define HAVE_ASM_TERMBITS_H 1
| #define HAVE_ASM_TYPES_H 1
| #define HAVE_ELF_H 1
| #define HAVE_LINK_H 1
| #define HAVE_LINUX_CDROM_H 1
| #define HAVE_LINUX_ERRQUEUE_H 1
| #define HAVE_LINUX_FILTER_H 1
| #define HAVE_LINUX_FS_H 1
| #define HAVE_LINUX_HDREG_H 1
| #define HAVE_LINUX_HIDRAW_H 1
| #define HAVE_LINUX_INPUT_H 1
| #define HAVE_LINUX_IOCTL_H 1
| #define HAVE_LINUX_MAJOR_H 1
| #define HAVE_LINUX_MEMFD_H 1
| #define HAVE_LINUX_PARAM_H 1
| #define HAVE_LINUX_SERIAL_H 1
| #define HAVE_LINUX_TYPES_H 1
| #define HAVE_LINUX_USERFAULTFD_H 1
| #define HAVE_LINUX_WIRELESS_H 1
| #define HAVE_MNTENT_H 1
| #define HAVE_NETDB_H 1
| #define HAVE_NETINET_IN_H 1
| #define HAVE_NETINET_IN_SYSTM_H 1
| #define HAVE_NETINET_TCP_H 1
| #define HAVE_PWD_H 1
| #define HAVE_SCHED_H 1
| #define HAVE_SCSI_SCSI_H 1
| #define HAVE_SCSI_SCSI_IOCTL_H 1
| #define HAVE_SCSI_SG_H 1
| #define HAVE_SYS_AUXV_H 1
| #define HAVE_SYS_EPOLL_H 1
| #define HAVE_SYS_IPC_H 1
| #define HAVE_SYS_MTIO_H 1
| #define HAVE_SYS_PARAM_H 1
| #define HAVE_SYS_PERSONALITY_H 1
| #define HAVE_SYS_PRCTL_H 1
| #define HAVE_SYS_PTRACE_H 1
| #define HAVE_SYS_QUEUE_H 1
| #define HAVE_SYS_RANDOM_H 1
| #define HAVE_SYS_RESOURCE_H 1
| #define HAVE_SYS_SHM_H 1
| #define HAVE_SYS_SIGNAL_H 1
| #define HAVE_SYS_SOCKETVAR_H 1
| #define HAVE_SYS_STATVFS_H 1
| #define HAVE_SYS_SYSCALL_H 1
| #define HAVE_SYS_SYSINFO_H 1
| #define HAVE_SYS_TIMES_H 1
| #define HAVE_SYS_UIO_H 1
| #define HAVE_SYS_USER_H 1
| #define HAVE_SYS_UTSNAME_H 1
| #define HAVE_SYS_XATTR_H 1
| #define HAVE_SYSCALL_H 1
| #define HAVE_UTIME_H 1
| #define HAVE_VALGRIND_MEMCHECK_H 1
| #define HAVE_VALGRIND_VALGRIND_H 1
| #define MAJOR_IN_SYSMACROS 1
| #define HAVE_SYS_MOUNT_H 1
| #define HAVE_SYS_STATFS_H 1
| #define HAVE_SYS_USER_H 1
| #define HAVE_SYS_VFS_H 1
| #define HAVE_NETINET_IP_H 1
| #define HAVE_NET_IF_H 1
| #define HAVE_NET_IF_ARP_H 1
| #define HAVE_NET_ROUTE_H 1
| #define HAVE_NETINET_IF_ETHER_H 1
| #define HAVE_NETINET_IP_ICMP_H 1
| #define HAVE_NETINET_UDP_H 1
| #define HAVE_NETIPX_IPX_H 1
| #define HAVE_SYS_UN_H 1
| #define HAVE_NETINET_ICMP6_H 1
| #define HAVE_LINUX_RTNETLINK_H 1
| #define HAVE_RESOLV_H 1
| #define HAVE_IFADDRS_H 1
| #define HAVE_SYS_UCONTEXT_H 1
| #define HAVE_LINUX_VIDEODEV2_H 1
| #define _GNU_SOURCE 1
| #define SONAME_LIBX11 "libX11.so.6"
| #define SONAME_LIBXEXT "libXext.so.6"
| #define HAVE_X11_EXTENSIONS_SHAPE_H 1
| #define HAVE_X11_EXTENSIONS_XINPUT2_H 1
| #define HAVE_X11_EXTENSIONS_XSHM_H 1
| #define HAVE_X11_EXTENSIONS_XFIXES_H 1
| #define HAVE_X11_EXTENSIONS_XRANDR_H 1
| #define HAVE_X11_EXTENSIONS_XRENDER_H 1
| #define HAVE_X11_EXTENSIONS_XF86VMPROTO_H 1
| #define SONAME_LIBXCURSOR "libXcursor.so.1"
| #define SONAME_LIBXI "libXi.so.6"
| #define HAVE_LIBXXSHM 1
| #define HAVE_LIBXSHAPE 1
| #define SONAME_LIBXRENDER "libXrender.so.1"
| #define HAVE_XRENDERSETPICTURETRANSFORM 1
| #define HAVE_XRENDERCREATELINEARGRADIENT 1
| #define SONAME_LIBXRANDR "libXrandr.so.2"
| #define HAVE_XRRGETPROVIDERRESOURCES 1
| #define SONAME_LIBXFIXES "libXfixes.so.3"
| #define HAVE_XICCALLBACK_CALLBACK 1
| #define HAVE_XEVENT_XCOOKIE 1
| #define HAVE_SYS_INOTIFY_H 1
| /* end confdefs.h.  */
| #include <stddef.h>
| #ifdef HAVE_STDIO_H
| # include <stdio.h>
| #endif
| #ifdef HAVE_STDLIB_H
| # include <stdlib.h>
| #endif
| #ifdef HAVE_STRING_H
| # include <string.h>
| #endif
| #ifdef HAVE_INTTYPES_H
| # include <inttypes.h>
| #endif
| #ifdef HAVE_STDINT_H
| # include <stdint.h>
| #endif
| #ifdef HAVE_STRINGS_H
| # include <strings.h>
| #endif
| #ifdef HAVE_SYS_TYPES_H
| # include <sys/types.h>
| #endif
| #ifdef HAVE_SYS_STAT_H
| # include <sys/stat.h>
| #endif
| #ifdef HAVE_UNISTD_H
| # include <unistd.h>
| #endif
| #include <va/va_drm.h>
configure:17963: result: no
configure:18137: libgphoto2 cflags: 
configure:18138: libgphoto2 libs: -lgphoto2
configure:18140: libgphoto2 errors: Package libgphoto2 was not found in the pkg-config search path.
Perhaps you should add the directory containing `libgphoto2.pc'
to the PKG_CONFIG_PATH environment variable
Package 'libgphoto2', required by 'virtual:world', not found
configure:18150: checking for gphoto2-camera.h
configure:18150: gcc -m64 -c -g -O2   conftest.c >&5
conftest.c:148:10: fatal error: gphoto2-camera.h: No such file or directory
  148 | #include <gphoto2-camera.h>
      |          ^~~~~~~~~~~~~~~~~~
compilation terminated.
configure:18150: $? = 1
configure: failed program was:
| /* confdefs.h */
| #define PACKAGE_NAME "Wine"
| #define PACKAGE_TARNAME "wine"
| #define PACKAGE_VERSION "11.15"
| #define PACKAGE_STRING "Wine 11.15"
| #define PACKAGE_BUGREPORT "wine-devel@winehq.org"
| #define PACKAGE_URL "https://www.winehq.org"
| #define EXEEXT ""
| #define HAVE_STDIO_H 1
| #define HAVE_STDLIB_H 1
| #define HAVE_STRING_H 1
| #define HAVE_INTTYPES_H 1
| #define HAVE_STDINT_H 1
| #define HAVE_STRINGS_H 1
| #define HAVE_SYS_STAT_H 1
| #define HAVE_SYS_TYPES_H 1
| #define HAVE_UNISTD_H 1
| #define STDC_HEADERS 1
| #define HAVE_ARPA_INET_H 1
| #define HAVE_ARPA_NAMESER_H 1
| #define HAVE_ASM_TERMBITS_H 1
| #define HAVE_ASM_TYPES_H 1
| #define HAVE_ELF_H 1
| #define HAVE_LINK_H 1
| #define HAVE_LINUX_CDROM_H 1
| #define HAVE_LINUX_ERRQUEUE_H 1
| #define HAVE_LINUX_FILTER_H 1
| #define HAVE_LINUX_FS_H 1
| #define HAVE_LINUX_HDREG_H 1
| #define HAVE_LINUX_HIDRAW_H 1
| #define HAVE_LINUX_INPUT_H 1
| #define HAVE_LINUX_IOCTL_H 1
| #define HAVE_LINUX_MAJOR_H 1
| #define HAVE_LINUX_MEMFD_H 1
| #define HAVE_LINUX_PARAM_H 1
| #define HAVE_LINUX_SERIAL_H 1
| #define HAVE_LINUX_TYPES_H 1
| #define HAVE_LINUX_USERFAULTFD_H 1
| #define HAVE_LINUX_WIRELESS_H 1
| #define HAVE_MNTENT_H 1
| #define HAVE_NETDB_H 1
| #define HAVE_NETINET_IN_H 1
| #define HAVE_NETINET_IN_SYSTM_H 1
| #define HAVE_NETINET_TCP_H 1
| #define HAVE_PWD_H 1
| #define HAVE_SCHED_H 1
| #define HAVE_SCSI_SCSI_H 1
| #define HAVE_SCSI_SCSI_IOCTL_H 1
| #define HAVE_SCSI_SG_H 1
| #define HAVE_SYS_AUXV_H 1
| #define HAVE_SYS_EPOLL_H 1
| #define HAVE_SYS_IPC_H 1
| #define HAVE_SYS_MTIO_H 1
| #define HAVE_SYS_PARAM_H 1
| #define HAVE_SYS_PERSONALITY_H 1
| #define HAVE_SYS_PRCTL_H 1
| #define HAVE_SYS_PTRACE_H 1
| #define HAVE_SYS_QUEUE_H 1
| #define HAVE_SYS_RANDOM_H 1
| #define HAVE_SYS_RESOURCE_H 1
| #define HAVE_SYS_SHM_H 1
| #define HAVE_SYS_SIGNAL_H 1
| #define HAVE_SYS_SOCKETVAR_H 1
| #define HAVE_SYS_STATVFS_H 1
| #define HAVE_SYS_SYSCALL_H 1
| #define HAVE_SYS_SYSINFO_H 1
| #define HAVE_SYS_TIMES_H 1
| #define HAVE_SYS_UIO_H 1
| #define HAVE_SYS_USER_H 1
| #define HAVE_SYS_UTSNAME_H 1
| #define HAVE_SYS_XATTR_H 1
| #define HAVE_SYSCALL_H 1
| #define HAVE_UTIME_H 1
| #define HAVE_VALGRIND_MEMCHECK_H 1
| #define HAVE_VALGRIND_VALGRIND_H 1
| #define MAJOR_IN_SYSMACROS 1
| #define HAVE_SYS_MOUNT_H 1
| #define HAVE_SYS_STATFS_H 1
| #define HAVE_SYS_USER_H 1
| #define HAVE_SYS_VFS_H 1
| #define HAVE_NETINET_IP_H 1
| #define HAVE_NET_IF_H 1
| #define HAVE_NET_IF_ARP_H 1
| #define HAVE_NET_ROUTE_H 1
| #define HAVE_NETINET_IF_ETHER_H 1
| #define HAVE_NETINET_IP_ICMP_H 1
| #define HAVE_NETINET_UDP_H 1
| #define HAVE_NETIPX_IPX_H 1
| #define HAVE_SYS_UN_H 1
| #define HAVE_NETINET_ICMP6_H 1
| #define HAVE_LINUX_RTNETLINK_H 1
| #define HAVE_RESOLV_H 1
| #define HAVE_IFADDRS_H 1
| #define HAVE_SYS_UCONTEXT_H 1
| #define HAVE_LINUX_VIDEODEV2_H 1
| #define _GNU_SOURCE 1
| #define SONAME_LIBX11 "libX11.so.6"
| #define SONAME_LIBXEXT "libXext.so.6"
| #define HAVE_X11_EXTENSIONS_SHAPE_H 1
| #define HAVE_X11_EXTENSIONS_XINPUT2_H 1
| #define HAVE_X11_EXTENSIONS_XSHM_H 1
| #define HAVE_X11_EXTENSIONS_XFIXES_H 1
| #define HAVE_X11_EXTENSIONS_XRANDR_H 1
| #define HAVE_X11_EXTENSIONS_XRENDER_H 1
| #define HAVE_X11_EXTENSIONS_XF86VMPROTO_H 1
| #define SONAME_LIBXCURSOR "libXcursor.so.1"
| #define SONAME_LIBXI "libXi.so.6"
| #define HAVE_LIBXXSHM 1
| #define HAVE_LIBXSHAPE 1
| #define SONAME_LIBXRENDER "libXrender.so.1"
| #define HAVE_XRENDERSETPICTURETRANSFORM 1
| #define HAVE_XRENDERCREATELINEARGRADIENT 1
| #define SONAME_LIBXRANDR "libXrandr.so.2"
| #define HAVE_XRRGETPROVIDERRESOURCES 1
| #define SONAME_LIBXFIXES "libXfixes.so.3"
| #define HAVE_XICCALLBACK_CALLBACK 1
| #define HAVE_XEVENT_XCOOKIE 1
| #define HAVE_SYS_INOTIFY_H 1
| /* end confdefs.h.  */
| #include <stddef.h>
| #ifdef HAVE_STDIO_H
| # include <stdio.h>
| #endif
| #ifdef HAVE_STDLIB_H
| # include <stdlib.h>
| #endif
| #ifdef HAVE_STRING_H
| # include <string.h>
| #endif
| #ifdef HAVE_INTTYPES_H
| # include <inttypes.h>
| #endif
| #ifdef HAVE_STDINT_H
| # include <stdint.h>
| #endif
| #ifdef HAVE_STRINGS_H
| # include <strings.h>
| #endif
| #ifdef HAVE_SYS_TYPES_H
| # include <sys/types.h>
| #endif
| #ifdef HAVE_SYS_STAT_H
| # include <sys/stat.h>
| #endif
| #ifdef HAVE_UNISTD_H
| # include <unistd.h>
| #endif
| #include <gphoto2-camera.h>
configure:18150: result: no
configure:18183: libgphoto2_port cflags: 
configure:18184: libgphoto2_port libs: -lgphoto2_port
configure:18186: libgphoto2_port errors: Package libgphoto2_port was not found in the pkg-config search path.
Perhaps you should add the directory containing `libgphoto2_port.pc'
to the PKG_CONFIG_PATH environment variable
Package 'libgphoto2_port', required by 'virtual:world', not found
configure:18196: checking for gphoto2-port.h
configure:18196: gcc -m64 -c -g -O2   conftest.c >&5
conftest.c:148:10: fatal error: gphoto2-port.h: No such file or directory
  148 | #include <gphoto2-port.h>
      |          ^~~~~~~~~~~~~~~~
compilation terminated.
configure:18196: $? = 1
configure: failed program was:
| /* confdefs.h */
| #define PACKAGE_NAME "Wine"
| #define PACKAGE_TARNAME "wine"
| #define PACKAGE_VERSION "11.15"
| #define PACKAGE_STRING "Wine 11.15"
| #define PACKAGE_BUGREPORT "wine-devel@winehq.org"
| #define PACKAGE_URL "https://www.winehq.org"
| #define EXEEXT ""
| #define HAVE_STDIO_H 1
| #define HAVE_STDLIB_H 1
| #define HAVE_STRING_H 1
| #define HAVE_INTTYPES_H 1
| #define HAVE_STDINT_H 1
| #define HAVE_STRINGS_H 1
| #define HAVE_SYS_STAT_H 1
| #define HAVE_SYS_TYPES_H 1
| #define HAVE_UNISTD_H 1
| #define STDC_HEADERS 1
| #define HAVE_ARPA_INET_H 1
| #define HAVE_ARPA_NAMESER_H 1
| #define HAVE_ASM_TERMBITS_H 1
| #define HAVE_ASM_TYPES_H 1
| #define HAVE_ELF_H 1
| #define HAVE_LINK_H 1
| #define HAVE_LINUX_CDROM_H 1
| #define HAVE_LINUX_ERRQUEUE_H 1
| #define HAVE_LINUX_FILTER_H 1
| #define HAVE_LINUX_FS_H 1
| #define HAVE_LINUX_HDREG_H 1
| #define HAVE_LINUX_HIDRAW_H 1
| #define HAVE_LINUX_INPUT_H 1
| #define HAVE_LINUX_IOCTL_H 1
| #define HAVE_LINUX_MAJOR_H 1
| #define HAVE_LINUX_MEMFD_H 1
| #define HAVE_LINUX_PARAM_H 1
| #define HAVE_LINUX_SERIAL_H 1
| #define HAVE_LINUX_TYPES_H 1
| #define HAVE_LINUX_USERFAULTFD_H 1
| #define HAVE_LINUX_WIRELESS_H 1
| #define HAVE_MNTENT_H 1
| #define HAVE_NETDB_H 1
| #define HAVE_NETINET_IN_H 1
| #define HAVE_NETINET_IN_SYSTM_H 1
| #define HAVE_NETINET_TCP_H 1
| #define HAVE_PWD_H 1
| #define HAVE_SCHED_H 1
| #define HAVE_SCSI_SCSI_H 1
| #define HAVE_SCSI_SCSI_IOCTL_H 1
| #define HAVE_SCSI_SG_H 1
| #define HAVE_SYS_AUXV_H 1
| #define HAVE_SYS_EPOLL_H 1
| #define HAVE_SYS_IPC_H 1
| #define HAVE_SYS_MTIO_H 1
| #define HAVE_SYS_PARAM_H 1
| #define HAVE_SYS_PERSONALITY_H 1
| #define HAVE_SYS_PRCTL_H 1
| #define HAVE_SYS_PTRACE_H 1
| #define HAVE_SYS_QUEUE_H 1
| #define HAVE_SYS_RANDOM_H 1
| #define HAVE_SYS_RESOURCE_H 1
| #define HAVE_SYS_SHM_H 1
| #define HAVE_SYS_SIGNAL_H 1
| #define HAVE_SYS_SOCKETVAR_H 1
| #define HAVE_SYS_STATVFS_H 1
| #define HAVE_SYS_SYSCALL_H 1
| #define HAVE_SYS_SYSINFO_H 1
| #define HAVE_SYS_TIMES_H 1
| #define HAVE_SYS_UIO_H 1
| #define HAVE_SYS_USER_H 1
| #define HAVE_SYS_UTSNAME_H 1
| #define HAVE_SYS_XATTR_H 1
| #define HAVE_SYSCALL_H 1
| #define HAVE_UTIME_H 1
| #define HAVE_VALGRIND_MEMCHECK_H 1
| #define HAVE_VALGRIND_VALGRIND_H 1
| #define MAJOR_IN_SYSMACROS 1
| #define HAVE_SYS_MOUNT_H 1
| #define HAVE_SYS_STATFS_H 1
| #define HAVE_SYS_USER_H 1
| #define HAVE_SYS_VFS_H 1
| #define HAVE_NETINET_IP_H 1
| #define HAVE_NET_IF_H 1
| #define HAVE_NET_IF_ARP_H 1
| #define HAVE_NET_ROUTE_H 1
| #define HAVE_NETINET_IF_ETHER_H 1
| #define HAVE_NETINET_IP_ICMP_H 1
| #define HAVE_NETINET_UDP_H 1
| #define HAVE_NETIPX_IPX_H 1
| #define HAVE_SYS_UN_H 1
| #define HAVE_NETINET_ICMP6_H 1
| #define HAVE_LINUX_RTNETLINK_H 1
| #define HAVE_RESOLV_H 1
| #define HAVE_IFADDRS_H 1
| #define HAVE_SYS_UCONTEXT_H 1
| #define HAVE_LINUX_VIDEODEV2_H 1
| #define _GNU_SOURCE 1
| #define SONAME_LIBX11 "libX11.so.6"
| #define SONAME_LIBXEXT "libXext.so.6"
| #define HAVE_X11_EXTENSIONS_SHAPE_H 1
| #define HAVE_X11_EXTENSIONS_XINPUT2_H 1
| #define HAVE_X11_EXTENSIONS_XSHM_H 1
| #define HAVE_X11_EXTENSIONS_XFIXES_H 1
| #define HAVE_X11_EXTENSIONS_XRANDR_H 1
| #define HAVE_X11_EXTENSIONS_XRENDER_H 1
| #define HAVE_X11_EXTENSIONS_XF86VMPROTO_H 1
| #define SONAME_LIBXCURSOR "libXcursor.so.1"
| #define SONAME_LIBXI "libXi.so.6"
| #define HAVE_LIBXXSHM 1
| #define HAVE_LIBXSHAPE 1
| #define SONAME_LIBXRENDER "libXrender.so.1"
| #define HAVE_XRENDERSETPICTURETRANSFORM 1
| #define HAVE_XRENDERCREATELINEARGRADIENT 1
| #define SONAME_LIBXRANDR "libXrandr.so.2"
| #define HAVE_XRRGETPROVIDERRESOURCES 1
| #define SONAME_LIBXFIXES "libXfixes.so.3"
| #define HAVE_XICCALLBACK_CALLBACK 1
| #define HAVE_XEVENT_XCOOKIE 1
| #define HAVE_SYS_INOTIFY_H 1
| /* end confdefs.h.  */
| #include <stddef.h>
| #ifdef HAVE_STDIO_H
| # include <stdio.h>
| #endif
| #ifdef HAVE_STDLIB_H
| # include <stdlib.h>
| #endif
| #ifdef HAVE_STRING_H
| # include <string.h>
| #endif
| #ifdef HAVE_INTTYPES_H
| # include <inttypes.h>
| #endif
| #ifdef HAVE_STDINT_H
| # include <stdint.h>
| #endif
| #ifdef HAVE_STRINGS_H
| # include <strings.h>
| #endif
| #ifdef HAVE_SYS_TYPES_H
| # include <sys/types.h>
| #endif
| #ifdef HAVE_SYS_STAT_H
| # include <sys/stat.h>
| #endif
| #ifdef HAVE_UNISTD_H
| # include <unistd.h>
| #endif
| #include <gphoto2-port.h>
configure:18196: result: no
configure:18244: checking for resolver library
configure:18268: gcc -m64 -o conftest -g -O2   conftest.c   >&5
/usr/bin/ld: /tmp/ccAgplWD.o: in function `main':
/home/user/WineEX/conftest.c:127:(.text.startup+0x32): undefined reference to `ns_initparse'
collect2: error: ld returned 1 exit status
configure:18268: $? = 1
configure: failed program was:
| /* confdefs.h */
| #define PACKAGE_NAME "Wine"
| #define PACKAGE_TARNAME "wine"
| #define PACKAGE_VERSION "11.15"
| #define PACKAGE_STRING "Wine 11.15"
| #define PACKAGE_BUGREPORT "wine-devel@winehq.org"
| #define PACKAGE_URL "https://www.winehq.org"
| #define EXEEXT ""
| #define HAVE_STDIO_H 1
| #define HAVE_STDLIB_H 1
| #define HAVE_STRING_H 1
| #define HAVE_INTTYPES_H 1
| #define HAVE_STDINT_H 1
| #define HAVE_STRINGS_H 1
| #define HAVE_SYS_STAT_H 1
| #define HAVE_SYS_TYPES_H 1
| #define HAVE_UNISTD_H 1
| #define STDC_HEADERS 1
| #define HAVE_ARPA_INET_H 1
| #define HAVE_ARPA_NAMESER_H 1
| #define HAVE_ASM_TERMBITS_H 1
| #define HAVE_ASM_TYPES_H 1
| #define HAVE_ELF_H 1
| #define HAVE_LINK_H 1
| #define HAVE_LINUX_CDROM_H 1
| #define HAVE_LINUX_ERRQUEUE_H 1
| #define HAVE_LINUX_FILTER_H 1
| #define HAVE_LINUX_FS_H 1
| #define HAVE_LINUX_HDREG_H 1
| #define HAVE_LINUX_HIDRAW_H 1
| #define HAVE_LINUX_INPUT_H 1
| #define HAVE_LINUX_IOCTL_H 1
| #define HAVE_LINUX_MAJOR_H 1
| #define HAVE_LINUX_MEMFD_H 1
| #define HAVE_LINUX_PARAM_H 1
| #define HAVE_LINUX_SERIAL_H 1
| #define HAVE_LINUX_TYPES_H 1
| #define HAVE_LINUX_USERFAULTFD_H 1
| #define HAVE_LINUX_WIRELESS_H 1
| #define HAVE_MNTENT_H 1
| #define HAVE_NETDB_H 1
| #define HAVE_NETINET_IN_H 1
| #define HAVE_NETINET_IN_SYSTM_H 1
| #define HAVE_NETINET_TCP_H 1
| #define HAVE_PWD_H 1
| #define HAVE_SCHED_H 1
| #define HAVE_SCSI_SCSI_H 1
| #define HAVE_SCSI_SCSI_IOCTL_H 1
| #define HAVE_SCSI_SG_H 1
| #define HAVE_SYS_AUXV_H 1
| #define HAVE_SYS_EPOLL_H 1
| #define HAVE_SYS_IPC_H 1
| #define HAVE_SYS_MTIO_H 1
| #define HAVE_SYS_PARAM_H 1
| #define HAVE_SYS_PERSONALITY_H 1
| #define HAVE_SYS_PRCTL_H 1
| #define HAVE_SYS_PTRACE_H 1
| #define HAVE_SYS_QUEUE_H 1
| #define HAVE_SYS_RANDOM_H 1
| #define HAVE_SYS_RESOURCE_H 1
| #define HAVE_SYS_SHM_H 1
| #define HAVE_SYS_SIGNAL_H 1
| #define HAVE_SYS_SOCKETVAR_H 1
| #define HAVE_SYS_STATVFS_H 1
| #define HAVE_SYS_SYSCALL_H 1
| #define HAVE_SYS_SYSINFO_H 1
| #define HAVE_SYS_TIMES_H 1
| #define HAVE_SYS_UIO_H 1
| #define HAVE_SYS_USER_H 1
| #define HAVE_SYS_UTSNAME_H 1
| #define HAVE_SYS_XATTR_H 1
| #define HAVE_SYSCALL_H 1
| #define HAVE_UTIME_H 1
| #define HAVE_VALGRIND_MEMCHECK_H 1
| #define HAVE_VALGRIND_VALGRIND_H 1
| #define MAJOR_IN_SYSMACROS 1
| #define HAVE_SYS_MOUNT_H 1
| #define HAVE_SYS_STATFS_H 1
| #define HAVE_SYS_USER_H 1
| #define HAVE_SYS_VFS_H 1
| #define HAVE_NETINET_IP_H 1
| #define HAVE_NET_IF_H 1
| #define HAVE_NET_IF_ARP_H 1
| #define HAVE_NET_ROUTE_H 1
| #define HAVE_NETINET_IF_ETHER_H 1
| #define HAVE_NETINET_IP_ICMP_H 1
| #define HAVE_NETINET_UDP_H 1
| #define HAVE_NETIPX_IPX_H 1
| #define HAVE_SYS_UN_H 1
| #define HAVE_NETINET_ICMP6_H 1
| #define HAVE_LINUX_RTNETLINK_H 1
| #define HAVE_RESOLV_H 1
| #define HAVE_IFADDRS_H 1
| #define HAVE_SYS_UCONTEXT_H 1
| #define HAVE_LINUX_VIDEODEV2_H 1
| #define _GNU_SOURCE 1
| #define SONAME_LIBX11 "libX11.so.6"
| #define SONAME_LIBXEXT "libXext.so.6"
| #define HAVE_X11_EXTENSIONS_SHAPE_H 1
| #define HAVE_X11_EXTENSIONS_XINPUT2_H 1
| #define HAVE_X11_EXTENSIONS_XSHM_H 1
| #define HAVE_X11_EXTENSIONS_XFIXES_H 1
| #define HAVE_X11_EXTENSIONS_XRANDR_H 1
| #define HAVE_X11_EXTENSIONS_XRENDER_H 1
| #define HAVE_X11_EXTENSIONS_XF86VMPROTO_H 1
| #define SONAME_LIBXCURSOR "libXcursor.so.1"
| #define SONAME_LIBXI "libXi.so.6"
| #define HAVE_LIBXXSHM 1
| #define HAVE_LIBXSHAPE 1
| #define SONAME_LIBXRENDER "libXrender.so.1"
| #define HAVE_XRENDERSETPICTURETRANSFORM 1
| #define HAVE_XRENDERCREATELINEARGRADIENT 1
| #define SONAME_LIBXRANDR "libXrandr.so.2"
| #define HAVE_XRRGETPROVIDERRESOURCES 1
| #define SONAME_LIBXFIXES "libXfixes.so.3"
| #define HAVE_XICCALLBACK_CALLBACK 1
| #define HAVE_XEVENT_XCOOKIE 1
| #define HAVE_SYS_INOTIFY_H 1
| /* end confdefs.h.  */
| #ifdef HAVE_NETINET_IN_H
| #include <netinet/in.h>
| #endif
| #include <resolv.h>
| int
| main (void)
| {
| if (!(_res.options & RES_INIT)) res_init(); res_query("foo",ns_c_in,0,0,0); ns_initparse(0,0,0)
|   ;
|   return 0;
| }
configure:18268: gcc -m64 -o conftest -g -O2   conftest.c -lresolv  >&5
configure:18268: $? = 0
configure:18282: result: -lresolv
configure:18300: checking for res_getservers
configure:18319: gcc -m64 -o conftest -g -O2   conftest.c -lresolv  >&5
conftest.c: In function 'main':
conftest.c:125:1: warning: implicit declaration of function 'res_getservers' [-Wimplicit-function-declaration]
  125 | res_getservers(NULL, NULL, 0);
      | ^~~~~~~~~~~~~~
/usr/bin/ld: /tmp/ccpkSAsp.o: in function `main':
/home/user/WineEX/conftest.c:125:(.text.startup+0x11): undefined reference to `res_getservers'
collect2: error: ld returned 1 exit status
configure:18319: $? = 1
configure: failed program was:
| /* confdefs.h */
| #define PACKAGE_NAME "Wine"
| #define PACKAGE_TARNAME "wine"
| #define PACKAGE_VERSION "11.15"
| #define PACKAGE_STRING "Wine 11.15"
| #define PACKAGE_BUGREPORT "wine-devel@winehq.org"
| #define PACKAGE_URL "https://www.winehq.org"
| #define EXEEXT ""
| #define HAVE_STDIO_H 1
| #define HAVE_STDLIB_H 1
| #define HAVE_STRING_H 1
| #define HAVE_INTTYPES_H 1
| #define HAVE_STDINT_H 1
| #define HAVE_STRINGS_H 1
| #define HAVE_SYS_STAT_H 1
| #define HAVE_SYS_TYPES_H 1
| #define HAVE_UNISTD_H 1
| #define STDC_HEADERS 1
| #define HAVE_ARPA_INET_H 1
| #define HAVE_ARPA_NAMESER_H 1
| #define HAVE_ASM_TERMBITS_H 1
| #define HAVE_ASM_TYPES_H 1
| #define HAVE_ELF_H 1
| #define HAVE_LINK_H 1
| #define HAVE_LINUX_CDROM_H 1
| #define HAVE_LINUX_ERRQUEUE_H 1
| #define HAVE_LINUX_FILTER_H 1
| #define HAVE_LINUX_FS_H 1
| #define HAVE_LINUX_HDREG_H 1
| #define HAVE_LINUX_HIDRAW_H 1
| #define HAVE_LINUX_INPUT_H 1
| #define HAVE_LINUX_IOCTL_H 1
| #define HAVE_LINUX_MAJOR_H 1
| #define HAVE_LINUX_MEMFD_H 1
| #define HAVE_LINUX_PARAM_H 1
| #define HAVE_LINUX_SERIAL_H 1
| #define HAVE_LINUX_TYPES_H 1
| #define HAVE_LINUX_USERFAULTFD_H 1
| #define HAVE_LINUX_WIRELESS_H 1
| #define HAVE_MNTENT_H 1
| #define HAVE_NETDB_H 1
| #define HAVE_NETINET_IN_H 1
| #define HAVE_NETINET_IN_SYSTM_H 1
| #define HAVE_NETINET_TCP_H 1
| #define HAVE_PWD_H 1
| #define HAVE_SCHED_H 1
| #define HAVE_SCSI_SCSI_H 1
| #define HAVE_SCSI_SCSI_IOCTL_H 1
| #define HAVE_SCSI_SG_H 1
| #define HAVE_SYS_AUXV_H 1
| #define HAVE_SYS_EPOLL_H 1
| #define HAVE_SYS_IPC_H 1
| #define HAVE_SYS_MTIO_H 1
| #define HAVE_SYS_PARAM_H 1
| #define HAVE_SYS_PERSONALITY_H 1
| #define HAVE_SYS_PRCTL_H 1
| #define HAVE_SYS_PTRACE_H 1
| #define HAVE_SYS_QUEUE_H 1
| #define HAVE_SYS_RANDOM_H 1
| #define HAVE_SYS_RESOURCE_H 1
| #define HAVE_SYS_SHM_H 1
| #define HAVE_SYS_SIGNAL_H 1
| #define HAVE_SYS_SOCKETVAR_H 1
| #define HAVE_SYS_STATVFS_H 1
| #define HAVE_SYS_SYSCALL_H 1
| #define HAVE_SYS_SYSINFO_H 1
| #define HAVE_SYS_TIMES_H 1
| #define HAVE_SYS_UIO_H 1
| #define HAVE_SYS_USER_H 1
| #define HAVE_SYS_UTSNAME_H 1
| #define HAVE_SYS_XATTR_H 1
| #define HAVE_SYSCALL_H 1
| #define HAVE_UTIME_H 1
| #define HAVE_VALGRIND_MEMCHECK_H 1
| #define HAVE_VALGRIND_VALGRIND_H 1
| #define MAJOR_IN_SYSMACROS 1
| #define HAVE_SYS_MOUNT_H 1
| #define HAVE_SYS_STATFS_H 1
| #define HAVE_SYS_USER_H 1
| #define HAVE_SYS_VFS_H 1
| #define HAVE_NETINET_IP_H 1
| #define HAVE_NET_IF_H 1
| #define HAVE_NET_IF_ARP_H 1
| #define HAVE_NET_ROUTE_H 1
| #define HAVE_NETINET_IF_ETHER_H 1
| #define HAVE_NETINET_IP_ICMP_H 1
| #define HAVE_NETINET_UDP_H 1
| #define HAVE_NETIPX_IPX_H 1
| #define HAVE_SYS_UN_H 1
| #define HAVE_NETINET_ICMP6_H 1
| #define HAVE_LINUX_RTNETLINK_H 1
| #define HAVE_RESOLV_H 1
| #define HAVE_IFADDRS_H 1
| #define HAVE_SYS_UCONTEXT_H 1
| #define HAVE_LINUX_VIDEODEV2_H 1
| #define _GNU_SOURCE 1
| #define SONAME_LIBX11 "libX11.so.6"
| #define SONAME_LIBXEXT "libXext.so.6"
| #define HAVE_X11_EXTENSIONS_SHAPE_H 1
| #define HAVE_X11_EXTENSIONS_XINPUT2_H 1
| #define HAVE_X11_EXTENSIONS_XSHM_H 1
| #define HAVE_X11_EXTENSIONS_XFIXES_H 1
| #define HAVE_X11_EXTENSIONS_XRANDR_H 1
| #define HAVE_X11_EXTENSIONS_XRENDER_H 1
| #define HAVE_X11_EXTENSIONS_XF86VMPROTO_H 1
| #define SONAME_LIBXCURSOR "libXcursor.so.1"
| #define SONAME_LIBXI "libXi.so.6"
| #define HAVE_LIBXXSHM 1
| #define HAVE_LIBXSHAPE 1
| #define SONAME_LIBXRENDER "libXrender.so.1"
| #define HAVE_XRENDERSETPICTURETRANSFORM 1
| #define HAVE_XRENDERCREATELINEARGRADIENT 1
| #define SONAME_LIBXRANDR "libXrandr.so.2"
| #define HAVE_XRRGETPROVIDERRESOURCES 1
| #define SONAME_LIBXFIXES "libXfixes.so.3"
| #define HAVE_XICCALLBACK_CALLBACK 1
| #define HAVE_XEVENT_XCOOKIE 1
| #define HAVE_SYS_INOTIFY_H 1
| #define HAVE_RESOLV 1
| /* end confdefs.h.  */
| #include <resolv.h>
| int
| main (void)
| {
| res_getservers(NULL, NULL, 0);
|   ;
|   return 0;
| }
configure:18331: result: no
configure:18362: freetype2 cflags: -I/usr/include/freetype2 -I/usr/include/libpng16 
configure:18363: freetype2 libs: -lfreetype 
configure:18375: checking for ft2build.h
configure:18375: gcc -m64 -c -g -O2  -I/usr/include/freetype2 -I/usr/include/libpng16  conftest.c >&5
configure:18375: $? = 0
configure:18375: result: yes
configure:18384: checking for -lfreetype
configure:18413: gcc -m64 -o conftest -g -O2  -I/usr/include/freetype2 -I/usr/include/libpng16   conftest.c -lfreetype  -lfreetype   >&5
configure:18413: $? = 0
configure:18439: result: libfreetype.so.6
configure:18468: checking for pthread_getthreadid_np
configure:18468: gcc -m64 -o conftest -g -O2   conftest.c   >&5
/usr/bin/ld: /tmp/cc1VDzGO.o: in function `main':
/home/user/WineEX/conftest.c:150:(.text.startup+0x9): undefined reference to `pthread_getthreadid_np'
collect2: error: ld returned 1 exit status
configure:18468: $? = 1
configure: failed program was:
| /* confdefs.h */
| #define PACKAGE_NAME "Wine"
| #define PACKAGE_TARNAME "wine"
| #define PACKAGE_VERSION "11.15"
| #define PACKAGE_STRING "Wine 11.15"
| #define PACKAGE_BUGREPORT "wine-devel@winehq.org"
| #define PACKAGE_URL "https://www.winehq.org"
| #define EXEEXT ""
| #define HAVE_STDIO_H 1
| #define HAVE_STDLIB_H 1
| #define HAVE_STRING_H 1
| #define HAVE_INTTYPES_H 1
| #define HAVE_STDINT_H 1
| #define HAVE_STRINGS_H 1
| #define HAVE_SYS_STAT_H 1
| #define HAVE_SYS_TYPES_H 1
| #define HAVE_UNISTD_H 1
| #define STDC_HEADERS 1
| #define HAVE_ARPA_INET_H 1
| #define HAVE_ARPA_NAMESER_H 1
| #define HAVE_ASM_TERMBITS_H 1
| #define HAVE_ASM_TYPES_H 1
| #define HAVE_ELF_H 1
| #define HAVE_LINK_H 1
| #define HAVE_LINUX_CDROM_H 1
| #define HAVE_LINUX_ERRQUEUE_H 1
| #define HAVE_LINUX_FILTER_H 1
| #define HAVE_LINUX_FS_H 1
| #define HAVE_LINUX_HDREG_H 1
| #define HAVE_LINUX_HIDRAW_H 1
| #define HAVE_LINUX_INPUT_H 1
| #define HAVE_LINUX_IOCTL_H 1
| #define HAVE_LINUX_MAJOR_H 1
| #define HAVE_LINUX_MEMFD_H 1
| #define HAVE_LINUX_PARAM_H 1
| #define HAVE_LINUX_SERIAL_H 1
| #define HAVE_LINUX_TYPES_H 1
| #define HAVE_LINUX_USERFAULTFD_H 1
| #define HAVE_LINUX_WIRELESS_H 1
| #define HAVE_MNTENT_H 1
| #define HAVE_NETDB_H 1
| #define HAVE_NETINET_IN_H 1
| #define HAVE_NETINET_IN_SYSTM_H 1
| #define HAVE_NETINET_TCP_H 1
| #define HAVE_PWD_H 1
| #define HAVE_SCHED_H 1
| #define HAVE_SCSI_SCSI_H 1
| #define HAVE_SCSI_SCSI_IOCTL_H 1
| #define HAVE_SCSI_SG_H 1
| #define HAVE_SYS_AUXV_H 1
| #define HAVE_SYS_EPOLL_H 1
| #define HAVE_SYS_IPC_H 1
| #define HAVE_SYS_MTIO_H 1
| #define HAVE_SYS_PARAM_H 1
| #define HAVE_SYS_PERSONALITY_H 1
| #define HAVE_SYS_PRCTL_H 1
| #define HAVE_SYS_PTRACE_H 1
| #define HAVE_SYS_QUEUE_H 1
| #define HAVE_SYS_RANDOM_H 1
| #define HAVE_SYS_RESOURCE_H 1
| #define HAVE_SYS_SHM_H 1
| #define HAVE_SYS_SIGNAL_H 1
| #define HAVE_SYS_SOCKETVAR_H 1
| #define HAVE_SYS_STATVFS_H 1
| #define HAVE_SYS_SYSCALL_H 1
| #define HAVE_SYS_SYSINFO_H 1
| #define HAVE_SYS_TIMES_H 1
| #define HAVE_SYS_UIO_H 1
| #define HAVE_SYS_USER_H 1
| #define HAVE_SYS_UTSNAME_H 1
| #define HAVE_SYS_XATTR_H 1
| #define HAVE_SYSCALL_H 1
| #define HAVE_UTIME_H 1
| #define HAVE_VALGRIND_MEMCHECK_H 1
| #define HAVE_VALGRIND_VALGRIND_H 1
| #define MAJOR_IN_SYSMACROS 1
| #define HAVE_SYS_MOUNT_H 1
| #define HAVE_SYS_STATFS_H 1
| #define HAVE_SYS_USER_H 1
| #define HAVE_SYS_VFS_H 1
| #define HAVE_NETINET_IP_H 1
| #define HAVE_NET_IF_H 1
| #define HAVE_NET_IF_ARP_H 1
| #define HAVE_NET_ROUTE_H 1
| #define HAVE_NETINET_IF_ETHER_H 1
| #define HAVE_NETINET_IP_ICMP_H 1
| #define HAVE_NETINET_UDP_H 1
| #define HAVE_NETIPX_IPX_H 1
| #define HAVE_SYS_UN_H 1
| #define HAVE_NETINET_ICMP6_H 1
| #define HAVE_LINUX_RTNETLINK_H 1
| #define HAVE_RESOLV_H 1
| #define HAVE_IFADDRS_H 1
| #define HAVE_SYS_UCONTEXT_H 1
| #define HAVE_LINUX_VIDEODEV2_H 1
| #define _GNU_SOURCE 1
| #define SONAME_LIBX11 "libX11.so.6"
| #define SONAME_LIBXEXT "libXext.so.6"
| #define HAVE_X11_EXTENSIONS_SHAPE_H 1
| #define HAVE_X11_EXTENSIONS_XINPUT2_H 1
| #define HAVE_X11_EXTENSIONS_XSHM_H 1
| #define HAVE_X11_EXTENSIONS_XFIXES_H 1
| #define HAVE_X11_EXTENSIONS_XRANDR_H 1
| #define HAVE_X11_EXTENSIONS_XRENDER_H 1
| #define HAVE_X11_EXTENSIONS_XF86VMPROTO_H 1
| #define SONAME_LIBXCURSOR "libXcursor.so.1"
| #define SONAME_LIBXI "libXi.so.6"
| #define HAVE_LIBXXSHM 1
| #define HAVE_LIBXSHAPE 1
| #define SONAME_LIBXRENDER "libXrender.so.1"
| #define HAVE_XRENDERSETPICTURETRANSFORM 1
| #define HAVE_XRENDERCREATELINEARGRADIENT 1
| #define SONAME_LIBXRANDR "libXrandr.so.2"
| #define HAVE_XRRGETPROVIDERRESOURCES 1
| #define SONAME_LIBXFIXES "libXfixes.so.3"
| #define HAVE_XICCALLBACK_CALLBACK 1
| #define HAVE_XEVENT_XCOOKIE 1
| #define HAVE_SYS_INOTIFY_H 1
| #define HAVE_RESOLV 1
| #define HAVE_FT2BUILD_H 1
| #define SONAME_LIBFREETYPE "libfreetype.so.6"
| /* end confdefs.h.  */
| /* Define pthread_getthreadid_np to an innocuous variant, in case <limits.h> declares pthread_getthreadid_np.
|    For example, HP-UX 11i <limits.h> declares gettimeofday.  */
| #define pthread_getthreadid_np innocuous_pthread_getthreadid_np
| 
| /* System header to define __stub macros and hopefully few prototypes,
|    which can conflict with char pthread_getthreadid_np (void); below.  */
| 
| #include <limits.h>
| #undef pthread_getthreadid_np
| 
| /* Override any GCC internal prototype to avoid an error.
|    Use char because int might match the return type of a GCC
|    builtin and then its argument prototype would still apply.  */
| #ifdef __cplusplus
| extern "C"
| #endif
| char pthread_getthreadid_np (void);
| /* The GNU C library defines this for functions which it implements
|     to always fail with ENOSYS.  Some functions are actually named
|     something starting with __ and the normal name is an alias.  */
| #if defined __stub_pthread_getthreadid_np || defined __stub___pthread_getthreadid_np
| choke me
| #endif
| 
| int
| main (void)
| {
| return pthread_getthreadid_np ();
|   ;
|   return 0;
| }
configure:18468: result: no
configure:18576: libpulse cflags: 
configure:18577: libpulse libs: 
configure:18579: libpulse errors: Package libpulse was not found in the pkg-config search path.
Perhaps you should add the directory containing `libpulse.pc'
to the PKG_CONFIG_PATH environment variable
Package 'libpulse', required by 'virtual:world', not found
configure:18642: libavutil libavformat libavcodec cflags: 
configure:18643: libavutil libavformat libavcodec libs: 
configure:18645: libavutil libavformat libavcodec errors: Package libavutil was not found in the pkg-config search path.
Perhaps you should add the directory containing `libavutil.pc'
to the PKG_CONFIG_PATH environment variable
Package 'libavutil', required by 'virtual:world', not found
Package 'libavformat', required by 'virtual:world', not found
Package 'libavcodec', required by 'virtual:world', not found
configure:18748: gstreamer-1.0 gstreamer-video-1.0 gstreamer-audio-1.0 gstreamer-tag-1.0 cflags: 
configure:18749: gstreamer-1.0 gstreamer-video-1.0 gstreamer-audio-1.0 gstreamer-tag-1.0 libs: 
configure:18751: gstreamer-1.0 gstreamer-video-1.0 gstreamer-audio-1.0 gstreamer-tag-1.0 errors: Package gstreamer-1.0 was not found in the pkg-config search path.
Perhaps you should add the directory containing `gstreamer-1.0.pc'
to the PKG_CONFIG_PATH environment variable
Package 'gstreamer-1.0', required by 'virtual:world', not found
Package 'gstreamer-video-1.0', required by 'virtual:world', not found
Package 'gstreamer-audio-1.0', required by 'virtual:world', not found
Package 'gstreamer-tag-1.0', required by 'virtual:world', not found
configure:18836: alsa cflags: 
configure:18837: alsa libs: -lasound
configure:18839: alsa errors: Package alsa was not found in the pkg-config search path.
Perhaps you should add the directory containing `alsa.pc'
to the PKG_CONFIG_PATH environment variable
Package 'alsa', required by 'virtual:world', not found
configure:18849: checking for snd_pcm_hw_params_get_access_mask
configure:18849: gcc -m64 -o conftest -g -O2    conftest.c -lasound  >&5
/usr/bin/ld: cannot find -lasound: No such file or directory
collect2: error: ld returned 1 exit status
configure:18849: $? = 1
configure: failed program was:
| /* confdefs.h */
| #define PACKAGE_NAME "Wine"
| #define PACKAGE_TARNAME "wine"
| #define PACKAGE_VERSION "11.15"
| #define PACKAGE_STRING "Wine 11.15"
| #define PACKAGE_BUGREPORT "wine-devel@winehq.org"
| #define PACKAGE_URL "https://www.winehq.org"
| #define EXEEXT ""
| #define HAVE_STDIO_H 1
| #define HAVE_STDLIB_H 1
| #define HAVE_STRING_H 1
| #define HAVE_INTTYPES_H 1
| #define HAVE_STDINT_H 1
| #define HAVE_STRINGS_H 1
| #define HAVE_SYS_STAT_H 1
| #define HAVE_SYS_TYPES_H 1
| #define HAVE_UNISTD_H 1
| #define STDC_HEADERS 1
| #define HAVE_ARPA_INET_H 1
| #define HAVE_ARPA_NAMESER_H 1
| #define HAVE_ASM_TERMBITS_H 1
| #define HAVE_ASM_TYPES_H 1
| #define HAVE_ELF_H 1
| #define HAVE_LINK_H 1
| #define HAVE_LINUX_CDROM_H 1
| #define HAVE_LINUX_ERRQUEUE_H 1
| #define HAVE_LINUX_FILTER_H 1
| #define HAVE_LINUX_FS_H 1
| #define HAVE_LINUX_HDREG_H 1
| #define HAVE_LINUX_HIDRAW_H 1
| #define HAVE_LINUX_INPUT_H 1
| #define HAVE_LINUX_IOCTL_H 1
| #define HAVE_LINUX_MAJOR_H 1
| #define HAVE_LINUX_MEMFD_H 1
| #define HAVE_LINUX_PARAM_H 1
| #define HAVE_LINUX_SERIAL_H 1
| #define HAVE_LINUX_TYPES_H 1
| #define HAVE_LINUX_USERFAULTFD_H 1
| #define HAVE_LINUX_WIRELESS_H 1
| #define HAVE_MNTENT_H 1
| #define HAVE_NETDB_H 1
| #define HAVE_NETINET_IN_H 1
| #define HAVE_NETINET_IN_SYSTM_H 1
| #define HAVE_NETINET_TCP_H 1
| #define HAVE_PWD_H 1
| #define HAVE_SCHED_H 1
| #define HAVE_SCSI_SCSI_H 1
| #define HAVE_SCSI_SCSI_IOCTL_H 1
| #define HAVE_SCSI_SG_H 1
| #define HAVE_SYS_AUXV_H 1
| #define HAVE_SYS_EPOLL_H 1
| #define HAVE_SYS_IPC_H 1
| #define HAVE_SYS_MTIO_H 1
| #define HAVE_SYS_PARAM_H 1
| #define HAVE_SYS_PERSONALITY_H 1
| #define HAVE_SYS_PRCTL_H 1
| #define HAVE_SYS_PTRACE_H 1
| #define HAVE_SYS_QUEUE_H 1
| #define HAVE_SYS_RANDOM_H 1
| #define HAVE_SYS_RESOURCE_H 1
| #define HAVE_SYS_SHM_H 1
| #define HAVE_SYS_SIGNAL_H 1
| #define HAVE_SYS_SOCKETVAR_H 1
| #define HAVE_SYS_STATVFS_H 1
| #define HAVE_SYS_SYSCALL_H 1
| #define HAVE_SYS_SYSINFO_H 1
| #define HAVE_SYS_TIMES_H 1
| #define HAVE_SYS_UIO_H 1
| #define HAVE_SYS_USER_H 1
| #define HAVE_SYS_UTSNAME_H 1
| #define HAVE_SYS_XATTR_H 1
| #define HAVE_SYSCALL_H 1
| #define HAVE_UTIME_H 1
| #define HAVE_VALGRIND_MEMCHECK_H 1
| #define HAVE_VALGRIND_VALGRIND_H 1
| #define MAJOR_IN_SYSMACROS 1
| #define HAVE_SYS_MOUNT_H 1
| #define HAVE_SYS_STATFS_H 1
| #define HAVE_SYS_USER_H 1
| #define HAVE_SYS_VFS_H 1
| #define HAVE_NETINET_IP_H 1
| #define HAVE_NET_IF_H 1
| #define HAVE_NET_IF_ARP_H 1
| #define HAVE_NET_ROUTE_H 1
| #define HAVE_NETINET_IF_ETHER_H 1
| #define HAVE_NETINET_IP_ICMP_H 1
| #define HAVE_NETINET_UDP_H 1
| #define HAVE_NETIPX_IPX_H 1
| #define HAVE_SYS_UN_H 1
| #define HAVE_NETINET_ICMP6_H 1
| #define HAVE_LINUX_RTNETLINK_H 1
| #define HAVE_RESOLV_H 1
| #define HAVE_IFADDRS_H 1
| #define HAVE_SYS_UCONTEXT_H 1
| #define HAVE_LINUX_VIDEODEV2_H 1
| #define _GNU_SOURCE 1
| #define SONAME_LIBX11 "libX11.so.6"
| #define SONAME_LIBXEXT "libXext.so.6"
| #define HAVE_X11_EXTENSIONS_SHAPE_H 1
| #define HAVE_X11_EXTENSIONS_XINPUT2_H 1
| #define HAVE_X11_EXTENSIONS_XSHM_H 1
| #define HAVE_X11_EXTENSIONS_XFIXES_H 1
| #define HAVE_X11_EXTENSIONS_XRANDR_H 1
| #define HAVE_X11_EXTENSIONS_XRENDER_H 1
| #define HAVE_X11_EXTENSIONS_XF86VMPROTO_H 1
| #define SONAME_LIBXCURSOR "libXcursor.so.1"
| #define SONAME_LIBXI "libXi.so.6"
| #define HAVE_LIBXXSHM 1
| #define HAVE_LIBXSHAPE 1
| #define SONAME_LIBXRENDER "libXrender.so.1"
| #define HAVE_XRENDERSETPICTURETRANSFORM 1
| #define HAVE_XRENDERCREATELINEARGRADIENT 1
| #define SONAME_LIBXRANDR "libXrandr.so.2"
| #define HAVE_XRRGETPROVIDERRESOURCES 1
| #define SONAME_LIBXFIXES "libXfixes.so.3"
| #define HAVE_XICCALLBACK_CALLBACK 1
| #define HAVE_XEVENT_XCOOKIE 1
| #define HAVE_SYS_INOTIFY_H 1
| #define HAVE_RESOLV 1
| #define HAVE_FT2BUILD_H 1
| #define SONAME_LIBFREETYPE "libfreetype.so.6"
| /* end confdefs.h.  */
| /* Define snd_pcm_hw_params_get_access_mask to an innocuous variant, in case <limits.h> declares snd_pcm_hw_params_get_access_mask.
|    For example, HP-UX 11i <limits.h> declares gettimeofday.  */
| #define snd_pcm_hw_params_get_access_mask innocuous_snd_pcm_hw_params_get_access_mask
| 
| /* System header to define __stub macros and hopefully few prototypes,
|    which can conflict with char snd_pcm_hw_params_get_access_mask (void); below.  */
| 
| #include <limits.h>
| #undef snd_pcm_hw_params_get_access_mask
| 
| /* Override any GCC internal prototype to avoid an error.
|    Use char because int might match the return type of a GCC
|    builtin and then its argument prototype would still apply.  */
| #ifdef __cplusplus
| extern "C"
| #endif
| char snd_pcm_hw_params_get_access_mask (void);
| /* The GNU C library defines this for functions which it implements
|     to always fail with ENOSYS.  Some functions are actually named
|     something starting with __ and the normal name is an alias.  */
| #if defined __stub_snd_pcm_hw_params_get_access_mask || defined __stub___snd_pcm_hw_params_get_access_mask
| choke me
| #endif
| 
| int
| main (void)
| {
| return snd_pcm_hw_params_get_access_mask ();
|   ;
|   return 0;
| }
configure:18849: result: no
configure:18883: checking for sys/soundcard.h
configure:18883: gcc -m64 -c -g -O2  -I/usr/lib/oss/include conftest.c >&5
configure:18883: $? = 0
configure:18883: result: yes
configure:18886: checking for oss_sysinfo.numaudioengines
configure:18886: gcc -m64 -c -g -O2  -I/usr/lib/oss/include conftest.c >&5
conftest.c: In function 'main':
conftest.c:128:8: error: unknown type name 'oss_sysinfo'
  128 | static oss_sysinfo ac_aggr;
      |        ^~~~~~~~~~~
conftest.c:129:12: error: request for member 'numaudioengines' in something not a structure or union
  129 | if (ac_aggr.numaudioengines)
      |            ^
configure:18886: $? = 1
configure: failed program was:
| /* confdefs.h */
| #define PACKAGE_NAME "Wine"
| #define PACKAGE_TARNAME "wine"
| #define PACKAGE_VERSION "11.15"
| #define PACKAGE_STRING "Wine 11.15"
| #define PACKAGE_BUGREPORT "wine-devel@winehq.org"
| #define PACKAGE_URL "https://www.winehq.org"
| #define EXEEXT ""
| #define HAVE_STDIO_H 1
| #define HAVE_STDLIB_H 1
| #define HAVE_STRING_H 1
| #define HAVE_INTTYPES_H 1
| #define HAVE_STDINT_H 1
| #define HAVE_STRINGS_H 1
| #define HAVE_SYS_STAT_H 1
| #define HAVE_SYS_TYPES_H 1
| #define HAVE_UNISTD_H 1
| #define STDC_HEADERS 1
| #define HAVE_ARPA_INET_H 1
| #define HAVE_ARPA_NAMESER_H 1
| #define HAVE_ASM_TERMBITS_H 1
| #define HAVE_ASM_TYPES_H 1
| #define HAVE_ELF_H 1
| #define HAVE_LINK_H 1
| #define HAVE_LINUX_CDROM_H 1
| #define HAVE_LINUX_ERRQUEUE_H 1
| #define HAVE_LINUX_FILTER_H 1
| #define HAVE_LINUX_FS_H 1
| #define HAVE_LINUX_HDREG_H 1
| #define HAVE_LINUX_HIDRAW_H 1
| #define HAVE_LINUX_INPUT_H 1
| #define HAVE_LINUX_IOCTL_H 1
| #define HAVE_LINUX_MAJOR_H 1
| #define HAVE_LINUX_MEMFD_H 1
| #define HAVE_LINUX_PARAM_H 1
| #define HAVE_LINUX_SERIAL_H 1
| #define HAVE_LINUX_TYPES_H 1
| #define HAVE_LINUX_USERFAULTFD_H 1
| #define HAVE_LINUX_WIRELESS_H 1
| #define HAVE_MNTENT_H 1
| #define HAVE_NETDB_H 1
| #define HAVE_NETINET_IN_H 1
| #define HAVE_NETINET_IN_SYSTM_H 1
| #define HAVE_NETINET_TCP_H 1
| #define HAVE_PWD_H 1
| #define HAVE_SCHED_H 1
| #define HAVE_SCSI_SCSI_H 1
| #define HAVE_SCSI_SCSI_IOCTL_H 1
| #define HAVE_SCSI_SG_H 1
| #define HAVE_SYS_AUXV_H 1
| #define HAVE_SYS_EPOLL_H 1
| #define HAVE_SYS_IPC_H 1
| #define HAVE_SYS_MTIO_H 1
| #define HAVE_SYS_PARAM_H 1
| #define HAVE_SYS_PERSONALITY_H 1
| #define HAVE_SYS_PRCTL_H 1
| #define HAVE_SYS_PTRACE_H 1
| #define HAVE_SYS_QUEUE_H 1
| #define HAVE_SYS_RANDOM_H 1
| #define HAVE_SYS_RESOURCE_H 1
| #define HAVE_SYS_SHM_H 1
| #define HAVE_SYS_SIGNAL_H 1
| #define HAVE_SYS_SOCKETVAR_H 1
| #define HAVE_SYS_STATVFS_H 1
| #define HAVE_SYS_SYSCALL_H 1
| #define HAVE_SYS_SYSINFO_H 1
| #define HAVE_SYS_TIMES_H 1
| #define HAVE_SYS_UIO_H 1
| #define HAVE_SYS_USER_H 1
| #define HAVE_SYS_UTSNAME_H 1
| #define HAVE_SYS_XATTR_H 1
| #define HAVE_SYSCALL_H 1
| #define HAVE_UTIME_H 1
| #define HAVE_VALGRIND_MEMCHECK_H 1
| #define HAVE_VALGRIND_VALGRIND_H 1
| #define MAJOR_IN_SYSMACROS 1
| #define HAVE_SYS_MOUNT_H 1
| #define HAVE_SYS_STATFS_H 1
| #define HAVE_SYS_USER_H 1
| #define HAVE_SYS_VFS_H 1
| #define HAVE_NETINET_IP_H 1
| #define HAVE_NET_IF_H 1
| #define HAVE_NET_IF_ARP_H 1
| #define HAVE_NET_ROUTE_H 1
| #define HAVE_NETINET_IF_ETHER_H 1
| #define HAVE_NETINET_IP_ICMP_H 1
| #define HAVE_NETINET_UDP_H 1
| #define HAVE_NETIPX_IPX_H 1
| #define HAVE_SYS_UN_H 1
| #define HAVE_NETINET_ICMP6_H 1
| #define HAVE_LINUX_RTNETLINK_H 1
| #define HAVE_RESOLV_H 1
| #define HAVE_IFADDRS_H 1
| #define HAVE_SYS_UCONTEXT_H 1
| #define HAVE_LINUX_VIDEODEV2_H 1
| #define _GNU_SOURCE 1
| #define SONAME_LIBX11 "libX11.so.6"
| #define SONAME_LIBXEXT "libXext.so.6"
| #define HAVE_X11_EXTENSIONS_SHAPE_H 1
| #define HAVE_X11_EXTENSIONS_XINPUT2_H 1
| #define HAVE_X11_EXTENSIONS_XSHM_H 1
| #define HAVE_X11_EXTENSIONS_XFIXES_H 1
| #define HAVE_X11_EXTENSIONS_XRANDR_H 1
| #define HAVE_X11_EXTENSIONS_XRENDER_H 1
| #define HAVE_X11_EXTENSIONS_XF86VMPROTO_H 1
| #define SONAME_LIBXCURSOR "libXcursor.so.1"
| #define SONAME_LIBXI "libXi.so.6"
| #define HAVE_LIBXXSHM 1
| #define HAVE_LIBXSHAPE 1
| #define SONAME_LIBXRENDER "libXrender.so.1"
| #define HAVE_XRENDERSETPICTURETRANSFORM 1
| #define HAVE_XRENDERCREATELINEARGRADIENT 1
| #define SONAME_LIBXRANDR "libXrandr.so.2"
| #define HAVE_XRRGETPROVIDERRESOURCES 1
| #define SONAME_LIBXFIXES "libXfixes.so.3"
| #define HAVE_XICCALLBACK_CALLBACK 1
| #define HAVE_XEVENT_XCOOKIE 1
| #define HAVE_SYS_INOTIFY_H 1
| #define HAVE_RESOLV 1
| #define HAVE_FT2BUILD_H 1
| #define SONAME_LIBFREETYPE "libfreetype.so.6"
| /* end confdefs.h.  */
| #include <sys/soundcard.h>
| 
| int
| main (void)
| {
| static oss_sysinfo ac_aggr;
| if (ac_aggr.numaudioengines)
| return 0;
|   ;
|   return 0;
| }
configure:18886: gcc -m64 -c -g -O2  -I/usr/lib/oss/include conftest.c >&5
conftest.c: In function 'main':
conftest.c:128:8: error: unknown type name 'oss_sysinfo'
  128 | static oss_sysinfo ac_aggr;
      |        ^~~~~~~~~~~
conftest.c:129:19: error: request for member 'numaudioengines' in something not a structure or union
  129 | if (sizeof ac_aggr.numaudioengines)
      |                   ^
configure:18886: $? = 1
configure: failed program was:
| /* confdefs.h */
| #define PACKAGE_NAME "Wine"
| #define PACKAGE_TARNAME "wine"
| #define PACKAGE_VERSION "11.15"
| #define PACKAGE_STRING "Wine 11.15"
| #define PACKAGE_BUGREPORT "wine-devel@winehq.org"
| #define PACKAGE_URL "https://www.winehq.org"
| #define EXEEXT ""
| #define HAVE_STDIO_H 1
| #define HAVE_STDLIB_H 1
| #define HAVE_STRING_H 1
| #define HAVE_INTTYPES_H 1
| #define HAVE_STDINT_H 1
| #define HAVE_STRINGS_H 1
| #define HAVE_SYS_STAT_H 1
| #define HAVE_SYS_TYPES_H 1
| #define HAVE_UNISTD_H 1
| #define STDC_HEADERS 1
| #define HAVE_ARPA_INET_H 1
| #define HAVE_ARPA_NAMESER_H 1
| #define HAVE_ASM_TERMBITS_H 1
| #define HAVE_ASM_TYPES_H 1
| #define HAVE_ELF_H 1
| #define HAVE_LINK_H 1
| #define HAVE_LINUX_CDROM_H 1
| #define HAVE_LINUX_ERRQUEUE_H 1
| #define HAVE_LINUX_FILTER_H 1
| #define HAVE_LINUX_FS_H 1
| #define HAVE_LINUX_HDREG_H 1
| #define HAVE_LINUX_HIDRAW_H 1
| #define HAVE_LINUX_INPUT_H 1
| #define HAVE_LINUX_IOCTL_H 1
| #define HAVE_LINUX_MAJOR_H 1
| #define HAVE_LINUX_MEMFD_H 1
| #define HAVE_LINUX_PARAM_H 1
| #define HAVE_LINUX_SERIAL_H 1
| #define HAVE_LINUX_TYPES_H 1
| #define HAVE_LINUX_USERFAULTFD_H 1
| #define HAVE_LINUX_WIRELESS_H 1
| #define HAVE_MNTENT_H 1
| #define HAVE_NETDB_H 1
| #define HAVE_NETINET_IN_H 1
| #define HAVE_NETINET_IN_SYSTM_H 1
| #define HAVE_NETINET_TCP_H 1
| #define HAVE_PWD_H 1
| #define HAVE_SCHED_H 1
| #define HAVE_SCSI_SCSI_H 1
| #define HAVE_SCSI_SCSI_IOCTL_H 1
| #define HAVE_SCSI_SG_H 1
| #define HAVE_SYS_AUXV_H 1
| #define HAVE_SYS_EPOLL_H 1
| #define HAVE_SYS_IPC_H 1
| #define HAVE_SYS_MTIO_H 1
| #define HAVE_SYS_PARAM_H 1
| #define HAVE_SYS_PERSONALITY_H 1
| #define HAVE_SYS_PRCTL_H 1
| #define HAVE_SYS_PTRACE_H 1
| #define HAVE_SYS_QUEUE_H 1
| #define HAVE_SYS_RANDOM_H 1
| #define HAVE_SYS_RESOURCE_H 1
| #define HAVE_SYS_SHM_H 1
| #define HAVE_SYS_SIGNAL_H 1
| #define HAVE_SYS_SOCKETVAR_H 1
| #define HAVE_SYS_STATVFS_H 1
| #define HAVE_SYS_SYSCALL_H 1
| #define HAVE_SYS_SYSINFO_H 1
| #define HAVE_SYS_TIMES_H 1
| #define HAVE_SYS_UIO_H 1
| #define HAVE_SYS_USER_H 1
| #define HAVE_SYS_UTSNAME_H 1
| #define HAVE_SYS_XATTR_H 1
| #define HAVE_SYSCALL_H 1
| #define HAVE_UTIME_H 1
| #define HAVE_VALGRIND_MEMCHECK_H 1
| #define HAVE_VALGRIND_VALGRIND_H 1
| #define MAJOR_IN_SYSMACROS 1
| #define HAVE_SYS_MOUNT_H 1
| #define HAVE_SYS_STATFS_H 1
| #define HAVE_SYS_USER_H 1
| #define HAVE_SYS_VFS_H 1
| #define HAVE_NETINET_IP_H 1
| #define HAVE_NET_IF_H 1
| #define HAVE_NET_IF_ARP_H 1
| #define HAVE_NET_ROUTE_H 1
| #define HAVE_NETINET_IF_ETHER_H 1
| #define HAVE_NETINET_IP_ICMP_H 1
| #define HAVE_NETINET_UDP_H 1
| #define HAVE_NETIPX_IPX_H 1
| #define HAVE_SYS_UN_H 1
| #define HAVE_NETINET_ICMP6_H 1
| #define HAVE_LINUX_RTNETLINK_H 1
| #define HAVE_RESOLV_H 1
| #define HAVE_IFADDRS_H 1
| #define HAVE_SYS_UCONTEXT_H 1
| #define HAVE_LINUX_VIDEODEV2_H 1
| #define _GNU_SOURCE 1
| #define SONAME_LIBX11 "libX11.so.6"
| #define SONAME_LIBXEXT "libXext.so.6"
| #define HAVE_X11_EXTENSIONS_SHAPE_H 1
| #define HAVE_X11_EXTENSIONS_XINPUT2_H 1
| #define HAVE_X11_EXTENSIONS_XSHM_H 1
| #define HAVE_X11_EXTENSIONS_XFIXES_H 1
| #define HAVE_X11_EXTENSIONS_XRANDR_H 1
| #define HAVE_X11_EXTENSIONS_XRENDER_H 1
| #define HAVE_X11_EXTENSIONS_XF86VMPROTO_H 1
| #define SONAME_LIBXCURSOR "libXcursor.so.1"
| #define SONAME_LIBXI "libXi.so.6"
| #define HAVE_LIBXXSHM 1
| #define HAVE_LIBXSHAPE 1
| #define SONAME_LIBXRENDER "libXrender.so.1"
| #define HAVE_XRENDERSETPICTURETRANSFORM 1
| #define HAVE_XRENDERCREATELINEARGRADIENT 1
| #define SONAME_LIBXRANDR "libXrandr.so.2"
| #define HAVE_XRRGETPROVIDERRESOURCES 1
| #define SONAME_LIBXFIXES "libXfixes.so.3"
| #define HAVE_XICCALLBACK_CALLBACK 1
| #define HAVE_XEVENT_XCOOKIE 1
| #define HAVE_SYS_INOTIFY_H 1
| #define HAVE_RESOLV 1
| #define HAVE_FT2BUILD_H 1
| #define SONAME_LIBFREETYPE "libfreetype.so.6"
| /* end confdefs.h.  */
| #include <sys/soundcard.h>
| 
| int
| main (void)
| {
| static oss_sysinfo ac_aggr;
| if (sizeof ac_aggr.numaudioengines)
| return 0;
|   ;
|   return 0;
| }
configure:18886: result: no
configure:18981: libudev cflags: 
configure:18982: libudev libs: -ludev
configure:18984: libudev errors: Package libudev was not found in the pkg-config search path.
Perhaps you should add the directory containing `libudev.pc'
to the PKG_CONFIG_PATH environment variable
Package 'libudev', required by 'virtual:world', not found
configure:18996: checking for libudev.h
configure:18996: gcc -m64 -c -g -O2   conftest.c >&5
conftest.c:151:10: fatal error: libudev.h: No such file or directory
  151 | #include <libudev.h>
      |          ^~~~~~~~~~~
compilation terminated.
configure:18996: $? = 1
configure: failed program was:
| /* confdefs.h */
| #define PACKAGE_NAME "Wine"
| #define PACKAGE_TARNAME "wine"
| #define PACKAGE_VERSION "11.15"
| #define PACKAGE_STRING "Wine 11.15"
| #define PACKAGE_BUGREPORT "wine-devel@winehq.org"
| #define PACKAGE_URL "https://www.winehq.org"
| #define EXEEXT ""
| #define HAVE_STDIO_H 1
| #define HAVE_STDLIB_H 1
| #define HAVE_STRING_H 1
| #define HAVE_INTTYPES_H 1
| #define HAVE_STDINT_H 1
| #define HAVE_STRINGS_H 1
| #define HAVE_SYS_STAT_H 1
| #define HAVE_SYS_TYPES_H 1
| #define HAVE_UNISTD_H 1
| #define STDC_HEADERS 1
| #define HAVE_ARPA_INET_H 1
| #define HAVE_ARPA_NAMESER_H 1
| #define HAVE_ASM_TERMBITS_H 1
| #define HAVE_ASM_TYPES_H 1
| #define HAVE_ELF_H 1
| #define HAVE_LINK_H 1
| #define HAVE_LINUX_CDROM_H 1
| #define HAVE_LINUX_ERRQUEUE_H 1
| #define HAVE_LINUX_FILTER_H 1
| #define HAVE_LINUX_FS_H 1
| #define HAVE_LINUX_HDREG_H 1
| #define HAVE_LINUX_HIDRAW_H 1
| #define HAVE_LINUX_INPUT_H 1
| #define HAVE_LINUX_IOCTL_H 1
| #define HAVE_LINUX_MAJOR_H 1
| #define HAVE_LINUX_MEMFD_H 1
| #define HAVE_LINUX_PARAM_H 1
| #define HAVE_LINUX_SERIAL_H 1
| #define HAVE_LINUX_TYPES_H 1
| #define HAVE_LINUX_USERFAULTFD_H 1
| #define HAVE_LINUX_WIRELESS_H 1
| #define HAVE_MNTENT_H 1
| #define HAVE_NETDB_H 1
| #define HAVE_NETINET_IN_H 1
| #define HAVE_NETINET_IN_SYSTM_H 1
| #define HAVE_NETINET_TCP_H 1
| #define HAVE_PWD_H 1
| #define HAVE_SCHED_H 1
| #define HAVE_SCSI_SCSI_H 1
| #define HAVE_SCSI_SCSI_IOCTL_H 1
| #define HAVE_SCSI_SG_H 1
| #define HAVE_SYS_AUXV_H 1
| #define HAVE_SYS_EPOLL_H 1
| #define HAVE_SYS_IPC_H 1
| #define HAVE_SYS_MTIO_H 1
| #define HAVE_SYS_PARAM_H 1
| #define HAVE_SYS_PERSONALITY_H 1
| #define HAVE_SYS_PRCTL_H 1
| #define HAVE_SYS_PTRACE_H 1
| #define HAVE_SYS_QUEUE_H 1
| #define HAVE_SYS_RANDOM_H 1
| #define HAVE_SYS_RESOURCE_H 1
| #define HAVE_SYS_SHM_H 1
| #define HAVE_SYS_SIGNAL_H 1
| #define HAVE_SYS_SOCKETVAR_H 1
| #define HAVE_SYS_STATVFS_H 1
| #define HAVE_SYS_SYSCALL_H 1
| #define HAVE_SYS_SYSINFO_H 1
| #define HAVE_SYS_TIMES_H 1
| #define HAVE_SYS_UIO_H 1
| #define HAVE_SYS_USER_H 1
| #define HAVE_SYS_UTSNAME_H 1
| #define HAVE_SYS_XATTR_H 1
| #define HAVE_SYSCALL_H 1
| #define HAVE_UTIME_H 1
| #define HAVE_VALGRIND_MEMCHECK_H 1
| #define HAVE_VALGRIND_VALGRIND_H 1
| #define MAJOR_IN_SYSMACROS 1
| #define HAVE_SYS_MOUNT_H 1
| #define HAVE_SYS_STATFS_H 1
| #define HAVE_SYS_USER_H 1
| #define HAVE_SYS_VFS_H 1
| #define HAVE_NETINET_IP_H 1
| #define HAVE_NET_IF_H 1
| #define HAVE_NET_IF_ARP_H 1
| #define HAVE_NET_ROUTE_H 1
| #define HAVE_NETINET_IF_ETHER_H 1
| #define HAVE_NETINET_IP_ICMP_H 1
| #define HAVE_NETINET_UDP_H 1
| #define HAVE_NETIPX_IPX_H 1
| #define HAVE_SYS_UN_H 1
| #define HAVE_NETINET_ICMP6_H 1
| #define HAVE_LINUX_RTNETLINK_H 1
| #define HAVE_RESOLV_H 1
| #define HAVE_IFADDRS_H 1
| #define HAVE_SYS_UCONTEXT_H 1
| #define HAVE_LINUX_VIDEODEV2_H 1
| #define _GNU_SOURCE 1
| #define SONAME_LIBX11 "libX11.so.6"
| #define SONAME_LIBXEXT "libXext.so.6"
| #define HAVE_X11_EXTENSIONS_SHAPE_H 1
| #define HAVE_X11_EXTENSIONS_XINPUT2_H 1
| #define HAVE_X11_EXTENSIONS_XSHM_H 1
| #define HAVE_X11_EXTENSIONS_XFIXES_H 1
| #define HAVE_X11_EXTENSIONS_XRANDR_H 1
| #define HAVE_X11_EXTENSIONS_XRENDER_H 1
| #define HAVE_X11_EXTENSIONS_XF86VMPROTO_H 1
| #define SONAME_LIBXCURSOR "libXcursor.so.1"
| #define SONAME_LIBXI "libXi.so.6"
| #define HAVE_LIBXXSHM 1
| #define HAVE_LIBXSHAPE 1
| #define SONAME_LIBXRENDER "libXrender.so.1"
| #define HAVE_XRENDERSETPICTURETRANSFORM 1
| #define HAVE_XRENDERCREATELINEARGRADIENT 1
| #define SONAME_LIBXRANDR "libXrandr.so.2"
| #define HAVE_XRRGETPROVIDERRESOURCES 1
| #define SONAME_LIBXFIXES "libXfixes.so.3"
| #define HAVE_XICCALLBACK_CALLBACK 1
| #define HAVE_XEVENT_XCOOKIE 1
| #define HAVE_SYS_INOTIFY_H 1
| #define HAVE_RESOLV 1
| #define HAVE_FT2BUILD_H 1
| #define SONAME_LIBFREETYPE "libfreetype.so.6"
| /* end confdefs.h.  */
| #include <stddef.h>
| #ifdef HAVE_STDIO_H
| # include <stdio.h>
| #endif
| #ifdef HAVE_STDLIB_H
| # include <stdlib.h>
| #endif
| #ifdef HAVE_STRING_H
| # include <string.h>
| #endif
| #ifdef HAVE_INTTYPES_H
| # include <inttypes.h>
| #endif
| #ifdef HAVE_STDINT_H
| # include <stdint.h>
| #endif
| #ifdef HAVE_STRINGS_H
| # include <strings.h>
| #endif
| #ifdef HAVE_SYS_TYPES_H
| # include <sys/types.h>
| #endif
| #ifdef HAVE_SYS_STAT_H
| # include <sys/stat.h>
| #endif
| #ifdef HAVE_UNISTD_H
| # include <unistd.h>
| #endif
| #include <libudev.h>
configure:18996: result: no
configure:19053: sdl2 cflags: 
configure:19054: sdl2 libs: -lSDL2
configure:19056: sdl2 errors: Package sdl2 was not found in the pkg-config search path.
Perhaps you should add the directory containing `sdl2.pc'
to the PKG_CONFIG_PATH environment variable
Package 'sdl2', required by 'virtual:world', not found
configure:19068: checking for SDL.h
configure:19068: gcc -m64 -c -g -O2   conftest.c >&5
conftest.c:151:10: fatal error: SDL.h: No such file or directory
  151 | #include <SDL.h>
      |          ^~~~~~~
compilation terminated.
configure:19068: $? = 1
configure: failed program was:
| /* confdefs.h */
| #define PACKAGE_NAME "Wine"
| #define PACKAGE_TARNAME "wine"
| #define PACKAGE_VERSION "11.15"
| #define PACKAGE_STRING "Wine 11.15"
| #define PACKAGE_BUGREPORT "wine-devel@winehq.org"
| #define PACKAGE_URL "https://www.winehq.org"
| #define EXEEXT ""
| #define HAVE_STDIO_H 1
| #define HAVE_STDLIB_H 1
| #define HAVE_STRING_H 1
| #define HAVE_INTTYPES_H 1
| #define HAVE_STDINT_H 1
| #define HAVE_STRINGS_H 1
| #define HAVE_SYS_STAT_H 1
| #define HAVE_SYS_TYPES_H 1
| #define HAVE_UNISTD_H 1
| #define STDC_HEADERS 1
| #define HAVE_ARPA_INET_H 1
| #define HAVE_ARPA_NAMESER_H 1
| #define HAVE_ASM_TERMBITS_H 1
| #define HAVE_ASM_TYPES_H 1
| #define HAVE_ELF_H 1
| #define HAVE_LINK_H 1
| #define HAVE_LINUX_CDROM_H 1
| #define HAVE_LINUX_ERRQUEUE_H 1
| #define HAVE_LINUX_FILTER_H 1
| #define HAVE_LINUX_FS_H 1
| #define HAVE_LINUX_HDREG_H 1
| #define HAVE_LINUX_HIDRAW_H 1
| #define HAVE_LINUX_INPUT_H 1
| #define HAVE_LINUX_IOCTL_H 1
| #define HAVE_LINUX_MAJOR_H 1
| #define HAVE_LINUX_MEMFD_H 1
| #define HAVE_LINUX_PARAM_H 1
| #define HAVE_LINUX_SERIAL_H 1
| #define HAVE_LINUX_TYPES_H 1
| #define HAVE_LINUX_USERFAULTFD_H 1
| #define HAVE_LINUX_WIRELESS_H 1
| #define HAVE_MNTENT_H 1
| #define HAVE_NETDB_H 1
| #define HAVE_NETINET_IN_H 1
| #define HAVE_NETINET_IN_SYSTM_H 1
| #define HAVE_NETINET_TCP_H 1
| #define HAVE_PWD_H 1
| #define HAVE_SCHED_H 1
| #define HAVE_SCSI_SCSI_H 1
| #define HAVE_SCSI_SCSI_IOCTL_H 1
| #define HAVE_SCSI_SG_H 1
| #define HAVE_SYS_AUXV_H 1
| #define HAVE_SYS_EPOLL_H 1
| #define HAVE_SYS_IPC_H 1
| #define HAVE_SYS_MTIO_H 1
| #define HAVE_SYS_PARAM_H 1
| #define HAVE_SYS_PERSONALITY_H 1
| #define HAVE_SYS_PRCTL_H 1
| #define HAVE_SYS_PTRACE_H 1
| #define HAVE_SYS_QUEUE_H 1
| #define HAVE_SYS_RANDOM_H 1
| #define HAVE_SYS_RESOURCE_H 1
| #define HAVE_SYS_SHM_H 1
| #define HAVE_SYS_SIGNAL_H 1
| #define HAVE_SYS_SOCKETVAR_H 1
| #define HAVE_SYS_STATVFS_H 1
| #define HAVE_SYS_SYSCALL_H 1
| #define HAVE_SYS_SYSINFO_H 1
| #define HAVE_SYS_TIMES_H 1
| #define HAVE_SYS_UIO_H 1
| #define HAVE_SYS_USER_H 1
| #define HAVE_SYS_UTSNAME_H 1
| #define HAVE_SYS_XATTR_H 1
| #define HAVE_SYSCALL_H 1
| #define HAVE_UTIME_H 1
| #define HAVE_VALGRIND_MEMCHECK_H 1
| #define HAVE_VALGRIND_VALGRIND_H 1
| #define MAJOR_IN_SYSMACROS 1
| #define HAVE_SYS_MOUNT_H 1
| #define HAVE_SYS_STATFS_H 1
| #define HAVE_SYS_USER_H 1
| #define HAVE_SYS_VFS_H 1
| #define HAVE_NETINET_IP_H 1
| #define HAVE_NET_IF_H 1
| #define HAVE_NET_IF_ARP_H 1
| #define HAVE_NET_ROUTE_H 1
| #define HAVE_NETINET_IF_ETHER_H 1
| #define HAVE_NETINET_IP_ICMP_H 1
| #define HAVE_NETINET_UDP_H 1
| #define HAVE_NETIPX_IPX_H 1
| #define HAVE_SYS_UN_H 1
| #define HAVE_NETINET_ICMP6_H 1
| #define HAVE_LINUX_RTNETLINK_H 1
| #define HAVE_RESOLV_H 1
| #define HAVE_IFADDRS_H 1
| #define HAVE_SYS_UCONTEXT_H 1
| #define HAVE_LINUX_VIDEODEV2_H 1
| #define _GNU_SOURCE 1
| #define SONAME_LIBX11 "libX11.so.6"
| #define SONAME_LIBXEXT "libXext.so.6"
| #define HAVE_X11_EXTENSIONS_SHAPE_H 1
| #define HAVE_X11_EXTENSIONS_XINPUT2_H 1
| #define HAVE_X11_EXTENSIONS_XSHM_H 1
| #define HAVE_X11_EXTENSIONS_XFIXES_H 1
| #define HAVE_X11_EXTENSIONS_XRANDR_H 1
| #define HAVE_X11_EXTENSIONS_XRENDER_H 1
| #define HAVE_X11_EXTENSIONS_XF86VMPROTO_H 1
| #define SONAME_LIBXCURSOR "libXcursor.so.1"
| #define SONAME_LIBXI "libXi.so.6"
| #define HAVE_LIBXXSHM 1
| #define HAVE_LIBXSHAPE 1
| #define SONAME_LIBXRENDER "libXrender.so.1"
| #define HAVE_XRENDERSETPICTURETRANSFORM 1
| #define HAVE_XRENDERCREATELINEARGRADIENT 1
| #define SONAME_LIBXRANDR "libXrandr.so.2"
| #define HAVE_XRRGETPROVIDERRESOURCES 1
| #define SONAME_LIBXFIXES "libXfixes.so.3"
| #define HAVE_XICCALLBACK_CALLBACK 1
| #define HAVE_XEVENT_XCOOKIE 1
| #define HAVE_SYS_INOTIFY_H 1
| #define HAVE_RESOLV 1
| #define HAVE_FT2BUILD_H 1
| #define SONAME_LIBFREETYPE "libfreetype.so.6"
| /* end confdefs.h.  */
| #include <stddef.h>
| #ifdef HAVE_STDIO_H
| # include <stdio.h>
| #endif
| #ifdef HAVE_STDLIB_H
| # include <stdlib.h>
| #endif
| #ifdef HAVE_STRING_H
| # include <string.h>
| #endif
| #ifdef HAVE_INTTYPES_H
| # include <inttypes.h>
| #endif
| #ifdef HAVE_STDINT_H
| # include <stdint.h>
| #endif
| #ifdef HAVE_STRINGS_H
| # include <strings.h>
| #endif
| #ifdef HAVE_SYS_TYPES_H
| # include <sys/types.h>
| #endif
| #ifdef HAVE_SYS_STAT_H
| # include <sys/stat.h>
| #endif
| #ifdef HAVE_UNISTD_H
| # include <unistd.h>
| #endif
| #include <SDL.h>
configure:19068: result: no
configure:19174: capi20 cflags: 
configure:19175: capi20 libs: 
configure:19177: capi20 errors: Package capi20 was not found in the pkg-config search path.
Perhaps you should add the directory containing `capi20.pc'
to the PKG_CONFIG_PATH environment variable
Package 'capi20', required by 'virtual:world', not found
configure:19250: cups cflags: 
configure:19251: cups libs: -lcups
configure:19253: cups errors: Package cups was not found in the pkg-config search path.
Perhaps you should add the directory containing `cups.pc'
to the PKG_CONFIG_PATH environment variable
Package 'cups', required by 'virtual:world', not found
configure:19263: checking for cups/cups.h
configure:19263: gcc -m64 -c -g -O2   conftest.c >&5
conftest.c:151:10: fatal error: cups/cups.h: No such file or directory
  151 | #include <cups/cups.h>
      |          ^~~~~~~~~~~~~
compilation terminated.
configure:19263: $? = 1
configure: failed program was:
| /* confdefs.h */
| #define PACKAGE_NAME "Wine"
| #define PACKAGE_TARNAME "wine"
| #define PACKAGE_VERSION "11.15"
| #define PACKAGE_STRING "Wine 11.15"
| #define PACKAGE_BUGREPORT "wine-devel@winehq.org"
| #define PACKAGE_URL "https://www.winehq.org"
| #define EXEEXT ""
| #define HAVE_STDIO_H 1
| #define HAVE_STDLIB_H 1
| #define HAVE_STRING_H 1
| #define HAVE_INTTYPES_H 1
| #define HAVE_STDINT_H 1
| #define HAVE_STRINGS_H 1
| #define HAVE_SYS_STAT_H 1
| #define HAVE_SYS_TYPES_H 1
| #define HAVE_UNISTD_H 1
| #define STDC_HEADERS 1
| #define HAVE_ARPA_INET_H 1
| #define HAVE_ARPA_NAMESER_H 1
| #define HAVE_ASM_TERMBITS_H 1
| #define HAVE_ASM_TYPES_H 1
| #define HAVE_ELF_H 1
| #define HAVE_LINK_H 1
| #define HAVE_LINUX_CDROM_H 1
| #define HAVE_LINUX_ERRQUEUE_H 1
| #define HAVE_LINUX_FILTER_H 1
| #define HAVE_LINUX_FS_H 1
| #define HAVE_LINUX_HDREG_H 1
| #define HAVE_LINUX_HIDRAW_H 1
| #define HAVE_LINUX_INPUT_H 1
| #define HAVE_LINUX_IOCTL_H 1
| #define HAVE_LINUX_MAJOR_H 1
| #define HAVE_LINUX_MEMFD_H 1
| #define HAVE_LINUX_PARAM_H 1
| #define HAVE_LINUX_SERIAL_H 1
| #define HAVE_LINUX_TYPES_H 1
| #define HAVE_LINUX_USERFAULTFD_H 1
| #define HAVE_LINUX_WIRELESS_H 1
| #define HAVE_MNTENT_H 1
| #define HAVE_NETDB_H 1
| #define HAVE_NETINET_IN_H 1
| #define HAVE_NETINET_IN_SYSTM_H 1
| #define HAVE_NETINET_TCP_H 1
| #define HAVE_PWD_H 1
| #define HAVE_SCHED_H 1
| #define HAVE_SCSI_SCSI_H 1
| #define HAVE_SCSI_SCSI_IOCTL_H 1
| #define HAVE_SCSI_SG_H 1
| #define HAVE_SYS_AUXV_H 1
| #define HAVE_SYS_EPOLL_H 1
| #define HAVE_SYS_IPC_H 1
| #define HAVE_SYS_MTIO_H 1
| #define HAVE_SYS_PARAM_H 1
| #define HAVE_SYS_PERSONALITY_H 1
| #define HAVE_SYS_PRCTL_H 1
| #define HAVE_SYS_PTRACE_H 1
| #define HAVE_SYS_QUEUE_H 1
| #define HAVE_SYS_RANDOM_H 1
| #define HAVE_SYS_RESOURCE_H 1
| #define HAVE_SYS_SHM_H 1
| #define HAVE_SYS_SIGNAL_H 1
| #define HAVE_SYS_SOCKETVAR_H 1
| #define HAVE_SYS_STATVFS_H 1
| #define HAVE_SYS_SYSCALL_H 1
| #define HAVE_SYS_SYSINFO_H 1
| #define HAVE_SYS_TIMES_H 1
| #define HAVE_SYS_UIO_H 1
| #define HAVE_SYS_USER_H 1
| #define HAVE_SYS_UTSNAME_H 1
| #define HAVE_SYS_XATTR_H 1
| #define HAVE_SYSCALL_H 1
| #define HAVE_UTIME_H 1
| #define HAVE_VALGRIND_MEMCHECK_H 1
| #define HAVE_VALGRIND_VALGRIND_H 1
| #define MAJOR_IN_SYSMACROS 1
| #define HAVE_SYS_MOUNT_H 1
| #define HAVE_SYS_STATFS_H 1
| #define HAVE_SYS_USER_H 1
| #define HAVE_SYS_VFS_H 1
| #define HAVE_NETINET_IP_H 1
| #define HAVE_NET_IF_H 1
| #define HAVE_NET_IF_ARP_H 1
| #define HAVE_NET_ROUTE_H 1
| #define HAVE_NETINET_IF_ETHER_H 1
| #define HAVE_NETINET_IP_ICMP_H 1
| #define HAVE_NETINET_UDP_H 1
| #define HAVE_NETIPX_IPX_H 1
| #define HAVE_SYS_UN_H 1
| #define HAVE_NETINET_ICMP6_H 1
| #define HAVE_LINUX_RTNETLINK_H 1
| #define HAVE_RESOLV_H 1
| #define HAVE_IFADDRS_H 1
| #define HAVE_SYS_UCONTEXT_H 1
| #define HAVE_LINUX_VIDEODEV2_H 1
| #define _GNU_SOURCE 1
| #define SONAME_LIBX11 "libX11.so.6"
| #define SONAME_LIBXEXT "libXext.so.6"
| #define HAVE_X11_EXTENSIONS_SHAPE_H 1
| #define HAVE_X11_EXTENSIONS_XINPUT2_H 1
| #define HAVE_X11_EXTENSIONS_XSHM_H 1
| #define HAVE_X11_EXTENSIONS_XFIXES_H 1
| #define HAVE_X11_EXTENSIONS_XRANDR_H 1
| #define HAVE_X11_EXTENSIONS_XRENDER_H 1
| #define HAVE_X11_EXTENSIONS_XF86VMPROTO_H 1
| #define SONAME_LIBXCURSOR "libXcursor.so.1"
| #define SONAME_LIBXI "libXi.so.6"
| #define HAVE_LIBXXSHM 1
| #define HAVE_LIBXSHAPE 1
| #define SONAME_LIBXRENDER "libXrender.so.1"
| #define HAVE_XRENDERSETPICTURETRANSFORM 1
| #define HAVE_XRENDERCREATELINEARGRADIENT 1
| #define SONAME_LIBXRANDR "libXrandr.so.2"
| #define HAVE_XRRGETPROVIDERRESOURCES 1
| #define SONAME_LIBXFIXES "libXfixes.so.3"
| #define HAVE_XICCALLBACK_CALLBACK 1
| #define HAVE_XEVENT_XCOOKIE 1
| #define HAVE_SYS_INOTIFY_H 1
| #define HAVE_RESOLV 1
| #define HAVE_FT2BUILD_H 1
| #define SONAME_LIBFREETYPE "libfreetype.so.6"
| /* end confdefs.h.  */
| #include <stddef.h>
| #ifdef HAVE_STDIO_H
| # include <stdio.h>
| #endif
| #ifdef HAVE_STDLIB_H
| # include <stdlib.h>
| #endif
| #ifdef HAVE_STRING_H
| # include <string.h>
| #endif
| #ifdef HAVE_INTTYPES_H
| # include <inttypes.h>
| #endif
| #ifdef HAVE_STDINT_H
| # include <stdint.h>
| #endif
| #ifdef HAVE_STRINGS_H
| # include <strings.h>
| #endif
| #ifdef HAVE_SYS_TYPES_H
| # include <sys/types.h>
| #endif
| #ifdef HAVE_SYS_STAT_H
| # include <sys/stat.h>
| #endif
| #ifdef HAVE_UNISTD_H
| # include <unistd.h>
| #endif
| #include <cups/cups.h>
configure:19263: result: no
configure:19269: checking for cups/ppd.h
configure:19269: gcc -m64 -c -g -O2   conftest.c >&5
conftest.c:151:10: fatal error: cups/ppd.h: No such file or directory
  151 | #include <cups/ppd.h>
      |          ^~~~~~~~~~~~
compilation terminated.
configure:19269: $? = 1
configure: failed program was:
| /* confdefs.h */
| #define PACKAGE_NAME "Wine"
| #define PACKAGE_TARNAME "wine"
| #define PACKAGE_VERSION "11.15"
| #define PACKAGE_STRING "Wine 11.15"
| #define PACKAGE_BUGREPORT "wine-devel@winehq.org"
| #define PACKAGE_URL "https://www.winehq.org"
| #define EXEEXT ""
| #define HAVE_STDIO_H 1
| #define HAVE_STDLIB_H 1
| #define HAVE_STRING_H 1
| #define HAVE_INTTYPES_H 1
| #define HAVE_STDINT_H 1
| #define HAVE_STRINGS_H 1
| #define HAVE_SYS_STAT_H 1
| #define HAVE_SYS_TYPES_H 1
| #define HAVE_UNISTD_H 1
| #define STDC_HEADERS 1
| #define HAVE_ARPA_INET_H 1
| #define HAVE_ARPA_NAMESER_H 1
| #define HAVE_ASM_TERMBITS_H 1
| #define HAVE_ASM_TYPES_H 1
| #define HAVE_ELF_H 1
| #define HAVE_LINK_H 1
| #define HAVE_LINUX_CDROM_H 1
| #define HAVE_LINUX_ERRQUEUE_H 1
| #define HAVE_LINUX_FILTER_H 1
| #define HAVE_LINUX_FS_H 1
| #define HAVE_LINUX_HDREG_H 1
| #define HAVE_LINUX_HIDRAW_H 1
| #define HAVE_LINUX_INPUT_H 1
| #define HAVE_LINUX_IOCTL_H 1
| #define HAVE_LINUX_MAJOR_H 1
| #define HAVE_LINUX_MEMFD_H 1
| #define HAVE_LINUX_PARAM_H 1
| #define HAVE_LINUX_SERIAL_H 1
| #define HAVE_LINUX_TYPES_H 1
| #define HAVE_LINUX_USERFAULTFD_H 1
| #define HAVE_LINUX_WIRELESS_H 1
| #define HAVE_MNTENT_H 1
| #define HAVE_NETDB_H 1
| #define HAVE_NETINET_IN_H 1
| #define HAVE_NETINET_IN_SYSTM_H 1
| #define HAVE_NETINET_TCP_H 1
| #define HAVE_PWD_H 1
| #define HAVE_SCHED_H 1
| #define HAVE_SCSI_SCSI_H 1
| #define HAVE_SCSI_SCSI_IOCTL_H 1
| #define HAVE_SCSI_SG_H 1
| #define HAVE_SYS_AUXV_H 1
| #define HAVE_SYS_EPOLL_H 1
| #define HAVE_SYS_IPC_H 1
| #define HAVE_SYS_MTIO_H 1
| #define HAVE_SYS_PARAM_H 1
| #define HAVE_SYS_PERSONALITY_H 1
| #define HAVE_SYS_PRCTL_H 1
| #define HAVE_SYS_PTRACE_H 1
| #define HAVE_SYS_QUEUE_H 1
| #define HAVE_SYS_RANDOM_H 1
| #define HAVE_SYS_RESOURCE_H 1
| #define HAVE_SYS_SHM_H 1
| #define HAVE_SYS_SIGNAL_H 1
| #define HAVE_SYS_SOCKETVAR_H 1
| #define HAVE_SYS_STATVFS_H 1
| #define HAVE_SYS_SYSCALL_H 1
| #define HAVE_SYS_SYSINFO_H 1
| #define HAVE_SYS_TIMES_H 1
| #define HAVE_SYS_UIO_H 1
| #define HAVE_SYS_USER_H 1
| #define HAVE_SYS_UTSNAME_H 1
| #define HAVE_SYS_XATTR_H 1
| #define HAVE_SYSCALL_H 1
| #define HAVE_UTIME_H 1
| #define HAVE_VALGRIND_MEMCHECK_H 1
| #define HAVE_VALGRIND_VALGRIND_H 1
| #define MAJOR_IN_SYSMACROS 1
| #define HAVE_SYS_MOUNT_H 1
| #define HAVE_SYS_STATFS_H 1
| #define HAVE_SYS_USER_H 1
| #define HAVE_SYS_VFS_H 1
| #define HAVE_NETINET_IP_H 1
| #define HAVE_NET_IF_H 1
| #define HAVE_NET_IF_ARP_H 1
| #define HAVE_NET_ROUTE_H 1
| #define HAVE_NETINET_IF_ETHER_H 1
| #define HAVE_NETINET_IP_ICMP_H 1
| #define HAVE_NETINET_UDP_H 1
| #define HAVE_NETIPX_IPX_H 1
| #define HAVE_SYS_UN_H 1
| #define HAVE_NETINET_ICMP6_H 1
| #define HAVE_LINUX_RTNETLINK_H 1
| #define HAVE_RESOLV_H 1
| #define HAVE_IFADDRS_H 1
| #define HAVE_SYS_UCONTEXT_H 1
| #define HAVE_LINUX_VIDEODEV2_H 1
| #define _GNU_SOURCE 1
| #define SONAME_LIBX11 "libX11.so.6"
| #define SONAME_LIBXEXT "libXext.so.6"
| #define HAVE_X11_EXTENSIONS_SHAPE_H 1
| #define HAVE_X11_EXTENSIONS_XINPUT2_H 1
| #define HAVE_X11_EXTENSIONS_XSHM_H 1
| #define HAVE_X11_EXTENSIONS_XFIXES_H 1
| #define HAVE_X11_EXTENSIONS_XRANDR_H 1
| #define HAVE_X11_EXTENSIONS_XRENDER_H 1
| #define HAVE_X11_EXTENSIONS_XF86VMPROTO_H 1
| #define SONAME_LIBXCURSOR "libXcursor.so.1"
| #define SONAME_LIBXI "libXi.so.6"
| #define HAVE_LIBXXSHM 1
| #define HAVE_LIBXSHAPE 1
| #define SONAME_LIBXRENDER "libXrender.so.1"
| #define HAVE_XRENDERSETPICTURETRANSFORM 1
| #define HAVE_XRENDERCREATELINEARGRADIENT 1
| #define SONAME_LIBXRANDR "libXrandr.so.2"
| #define HAVE_XRRGETPROVIDERRESOURCES 1
| #define SONAME_LIBXFIXES "libXfixes.so.3"
| #define HAVE_XICCALLBACK_CALLBACK 1
| #define HAVE_XEVENT_XCOOKIE 1
| #define HAVE_SYS_INOTIFY_H 1
| #define HAVE_RESOLV 1
| #define HAVE_FT2BUILD_H 1
| #define SONAME_LIBFREETYPE "libfreetype.so.6"
| /* end confdefs.h.  */
| #include <stddef.h>
| #ifdef HAVE_STDIO_H
| # include <stdio.h>
| #endif
| #ifdef HAVE_STDLIB_H
| # include <stdlib.h>
| #endif
| #ifdef HAVE_STRING_H
| # include <string.h>
| #endif
| #ifdef HAVE_INTTYPES_H
| # include <inttypes.h>
| #endif
| #ifdef HAVE_STDINT_H
| # include <stdint.h>
| #endif
| #ifdef HAVE_STRINGS_H
| # include <strings.h>
| #endif
| #ifdef HAVE_SYS_TYPES_H
| # include <sys/types.h>
| #endif
| #ifdef HAVE_SYS_STAT_H
| # include <sys/stat.h>
| #endif
| #ifdef HAVE_UNISTD_H
| # include <unistd.h>
| #endif
| #include <cups/ppd.h>
configure:19269: result: no
configure:19381: fontconfig cflags: -I/usr/include/freetype2 -I/usr/include/libpng16 
configure:19382: fontconfig libs: -lfontconfig -lfreetype 
configure:19394: checking for fontconfig/fontconfig.h
configure:19394: gcc -m64 -c -g -O2  -I/usr/include/freetype2 -I/usr/include/libpng16  conftest.c >&5
configure:19394: $? = 0
configure:19394: result: yes
configure:19397: checking for -lfontconfig
configure:19426: gcc -m64 -o conftest -g -O2  -I/usr/include/freetype2 -I/usr/include/libpng16   conftest.c -lfontconfig  -lfontconfig -lfreetype   >&5
configure:19426: $? = 0
configure:19452: result: libfontconfig.so.1
configure:19501: krb5 cflags: 
configure:19502: krb5 libs: 
configure:19504: krb5 errors: Package krb5 was not found in the pkg-config search path.
Perhaps you should add the directory containing `krb5.pc'
to the PKG_CONFIG_PATH environment variable
Package 'krb5', required by 'virtual:world', not found
configure:19792: checking for -lodbc
configure:19821: gcc -m64 -o conftest -g -O2   conftest.c -lodbc   >&5
/usr/bin/ld: cannot find -lodbc: No such file or directory
collect2: error: ld returned 1 exit status
configure:19821: $? = 1
configure: failed program was:
| /* confdefs.h */
| #define PACKAGE_NAME "Wine"
| #define PACKAGE_TARNAME "wine"
| #define PACKAGE_VERSION "11.15"
| #define PACKAGE_STRING "Wine 11.15"
| #define PACKAGE_BUGREPORT "wine-devel@winehq.org"
| #define PACKAGE_URL "https://www.winehq.org"
| #define EXEEXT ""
| #define HAVE_STDIO_H 1
| #define HAVE_STDLIB_H 1
| #define HAVE_STRING_H 1
| #define HAVE_INTTYPES_H 1
| #define HAVE_STDINT_H 1
| #define HAVE_STRINGS_H 1
| #define HAVE_SYS_STAT_H 1
| #define HAVE_SYS_TYPES_H 1
| #define HAVE_UNISTD_H 1
| #define STDC_HEADERS 1
| #define HAVE_ARPA_INET_H 1
| #define HAVE_ARPA_NAMESER_H 1
| #define HAVE_ASM_TERMBITS_H 1
| #define HAVE_ASM_TYPES_H 1
| #define HAVE_ELF_H 1
| #define HAVE_LINK_H 1
| #define HAVE_LINUX_CDROM_H 1
| #define HAVE_LINUX_ERRQUEUE_H 1
| #define HAVE_LINUX_FILTER_H 1
| #define HAVE_LINUX_FS_H 1
| #define HAVE_LINUX_HDREG_H 1
| #define HAVE_LINUX_HIDRAW_H 1
| #define HAVE_LINUX_INPUT_H 1
| #define HAVE_LINUX_IOCTL_H 1
| #define HAVE_LINUX_MAJOR_H 1
| #define HAVE_LINUX_MEMFD_H 1
| #define HAVE_LINUX_PARAM_H 1
| #define HAVE_LINUX_SERIAL_H 1
| #define HAVE_LINUX_TYPES_H 1
| #define HAVE_LINUX_USERFAULTFD_H 1
| #define HAVE_LINUX_WIRELESS_H 1
| #define HAVE_MNTENT_H 1
| #define HAVE_NETDB_H 1
| #define HAVE_NETINET_IN_H 1
| #define HAVE_NETINET_IN_SYSTM_H 1
| #define HAVE_NETINET_TCP_H 1
| #define HAVE_PWD_H 1
| #define HAVE_SCHED_H 1
| #define HAVE_SCSI_SCSI_H 1
| #define HAVE_SCSI_SCSI_IOCTL_H 1
| #define HAVE_SCSI_SG_H 1
| #define HAVE_SYS_AUXV_H 1
| #define HAVE_SYS_EPOLL_H 1
| #define HAVE_SYS_IPC_H 1
| #define HAVE_SYS_MTIO_H 1
| #define HAVE_SYS_PARAM_H 1
| #define HAVE_SYS_PERSONALITY_H 1
| #define HAVE_SYS_PRCTL_H 1
| #define HAVE_SYS_PTRACE_H 1
| #define HAVE_SYS_QUEUE_H 1
| #define HAVE_SYS_RANDOM_H 1
| #define HAVE_SYS_RESOURCE_H 1
| #define HAVE_SYS_SHM_H 1
| #define HAVE_SYS_SIGNAL_H 1
| #define HAVE_SYS_SOCKETVAR_H 1
| #define HAVE_SYS_STATVFS_H 1
| #define HAVE_SYS_SYSCALL_H 1
| #define HAVE_SYS_SYSINFO_H 1
| #define HAVE_SYS_TIMES_H 1
| #define HAVE_SYS_UIO_H 1
| #define HAVE_SYS_USER_H 1
| #define HAVE_SYS_UTSNAME_H 1
| #define HAVE_SYS_XATTR_H 1
| #define HAVE_SYSCALL_H 1
| #define HAVE_UTIME_H 1
| #define HAVE_VALGRIND_MEMCHECK_H 1
| #define HAVE_VALGRIND_VALGRIND_H 1
| #define MAJOR_IN_SYSMACROS 1
| #define HAVE_SYS_MOUNT_H 1
| #define HAVE_SYS_STATFS_H 1
| #define HAVE_SYS_USER_H 1
| #define HAVE_SYS_VFS_H 1
| #define HAVE_NETINET_IP_H 1
| #define HAVE_NET_IF_H 1
| #define HAVE_NET_IF_ARP_H 1
| #define HAVE_NET_ROUTE_H 1
| #define HAVE_NETINET_IF_ETHER_H 1
| #define HAVE_NETINET_IP_ICMP_H 1
| #define HAVE_NETINET_UDP_H 1
| #define HAVE_NETIPX_IPX_H 1
| #define HAVE_SYS_UN_H 1
| #define HAVE_NETINET_ICMP6_H 1
| #define HAVE_LINUX_RTNETLINK_H 1
| #define HAVE_RESOLV_H 1
| #define HAVE_IFADDRS_H 1
| #define HAVE_SYS_UCONTEXT_H 1
| #define HAVE_LINUX_VIDEODEV2_H 1
| #define _GNU_SOURCE 1
| #define SONAME_LIBX11 "libX11.so.6"
| #define SONAME_LIBXEXT "libXext.so.6"
| #define HAVE_X11_EXTENSIONS_SHAPE_H 1
| #define HAVE_X11_EXTENSIONS_XINPUT2_H 1
| #define HAVE_X11_EXTENSIONS_XSHM_H 1
| #define HAVE_X11_EXTENSIONS_XFIXES_H 1
| #define HAVE_X11_EXTENSIONS_XRANDR_H 1
| #define HAVE_X11_EXTENSIONS_XRENDER_H 1
| #define HAVE_X11_EXTENSIONS_XF86VMPROTO_H 1
| #define SONAME_LIBXCURSOR "libXcursor.so.1"
| #define SONAME_LIBXI "libXi.so.6"
| #define HAVE_LIBXXSHM 1
| #define HAVE_LIBXSHAPE 1
| #define SONAME_LIBXRENDER "libXrender.so.1"
| #define HAVE_XRENDERSETPICTURETRANSFORM 1
| #define HAVE_XRENDERCREATELINEARGRADIENT 1
| #define SONAME_LIBXRANDR "libXrandr.so.2"
| #define HAVE_XRRGETPROVIDERRESOURCES 1
| #define SONAME_LIBXFIXES "libXfixes.so.3"
| #define HAVE_XICCALLBACK_CALLBACK 1
| #define HAVE_XEVENT_XCOOKIE 1
| #define HAVE_SYS_INOTIFY_H 1
| #define HAVE_RESOLV 1
| #define HAVE_FT2BUILD_H 1
| #define SONAME_LIBFREETYPE "libfreetype.so.6"
| #define SONAME_LIBFONTCONFIG "libfontconfig.so.1"
| /* end confdefs.h.  */
| 
| /* Override any GCC internal prototype to avoid an error.
|    Use char because int might match the return type of a GCC
|    builtin and then its argument prototype would still apply.
|    The 'extern "C"' is for builds by C++ compilers;
|    although this is not generally supported in C code supporting it here
|    has little cost and some practical benefit (sr 110532).  */
| #ifdef __cplusplus
| extern "C"
| #endif
| char SQLConnect (void);
| int
| main (void)
| {
| return SQLConnect ();
|   ;
|   return 0;
| }
configure:19843: result: not found
configure:19877: netapi cflags: 
configure:19878: netapi libs: 
configure:19880: netapi errors: Package netapi was not found in the pkg-config search path.
Perhaps you should add the directory containing `netapi.pc'
to the PKG_CONFIG_PATH environment variable
Package 'netapi', required by 'virtual:world', not found
configure:19979: checking for -lvulkan
configure:20008: gcc -m64 -o conftest -g -O2   conftest.c -lvulkan   >&5
/usr/bin/ld: cannot find -lvulkan: No such file or directory
collect2: error: ld returned 1 exit status
configure:20008: $? = 1
configure: failed program was:
| /* confdefs.h */
| #define PACKAGE_NAME "Wine"
| #define PACKAGE_TARNAME "wine"
| #define PACKAGE_VERSION "11.15"
| #define PACKAGE_STRING "Wine 11.15"
| #define PACKAGE_BUGREPORT "wine-devel@winehq.org"
| #define PACKAGE_URL "https://www.winehq.org"
| #define EXEEXT ""
| #define HAVE_STDIO_H 1
| #define HAVE_STDLIB_H 1
| #define HAVE_STRING_H 1
| #define HAVE_INTTYPES_H 1
| #define HAVE_STDINT_H 1
| #define HAVE_STRINGS_H 1
| #define HAVE_SYS_STAT_H 1
| #define HAVE_SYS_TYPES_H 1
| #define HAVE_UNISTD_H 1
| #define STDC_HEADERS 1
| #define HAVE_ARPA_INET_H 1
| #define HAVE_ARPA_NAMESER_H 1
| #define HAVE_ASM_TERMBITS_H 1
| #define HAVE_ASM_TYPES_H 1
| #define HAVE_ELF_H 1
| #define HAVE_LINK_H 1
| #define HAVE_LINUX_CDROM_H 1
| #define HAVE_LINUX_ERRQUEUE_H 1
| #define HAVE_LINUX_FILTER_H 1
| #define HAVE_LINUX_FS_H 1
| #define HAVE_LINUX_HDREG_H 1
| #define HAVE_LINUX_HIDRAW_H 1
| #define HAVE_LINUX_INPUT_H 1
| #define HAVE_LINUX_IOCTL_H 1
| #define HAVE_LINUX_MAJOR_H 1
| #define HAVE_LINUX_MEMFD_H 1
| #define HAVE_LINUX_PARAM_H 1
| #define HAVE_LINUX_SERIAL_H 1
| #define HAVE_LINUX_TYPES_H 1
| #define HAVE_LINUX_USERFAULTFD_H 1
| #define HAVE_LINUX_WIRELESS_H 1
| #define HAVE_MNTENT_H 1
| #define HAVE_NETDB_H 1
| #define HAVE_NETINET_IN_H 1
| #define HAVE_NETINET_IN_SYSTM_H 1
| #define HAVE_NETINET_TCP_H 1
| #define HAVE_PWD_H 1
| #define HAVE_SCHED_H 1
| #define HAVE_SCSI_SCSI_H 1
| #define HAVE_SCSI_SCSI_IOCTL_H 1
| #define HAVE_SCSI_SG_H 1
| #define HAVE_SYS_AUXV_H 1
| #define HAVE_SYS_EPOLL_H 1
| #define HAVE_SYS_IPC_H 1
| #define HAVE_SYS_MTIO_H 1
| #define HAVE_SYS_PARAM_H 1
| #define HAVE_SYS_PERSONALITY_H 1
| #define HAVE_SYS_PRCTL_H 1
| #define HAVE_SYS_PTRACE_H 1
| #define HAVE_SYS_QUEUE_H 1
| #define HAVE_SYS_RANDOM_H 1
| #define HAVE_SYS_RESOURCE_H 1
| #define HAVE_SYS_SHM_H 1
| #define HAVE_SYS_SIGNAL_H 1
| #define HAVE_SYS_SOCKETVAR_H 1
| #define HAVE_SYS_STATVFS_H 1
| #define HAVE_SYS_SYSCALL_H 1
| #define HAVE_SYS_SYSINFO_H 1
| #define HAVE_SYS_TIMES_H 1
| #define HAVE_SYS_UIO_H 1
| #define HAVE_SYS_USER_H 1
| #define HAVE_SYS_UTSNAME_H 1
| #define HAVE_SYS_XATTR_H 1
| #define HAVE_SYSCALL_H 1
| #define HAVE_UTIME_H 1
| #define HAVE_VALGRIND_MEMCHECK_H 1
| #define HAVE_VALGRIND_VALGRIND_H 1
| #define MAJOR_IN_SYSMACROS 1
| #define HAVE_SYS_MOUNT_H 1
| #define HAVE_SYS_STATFS_H 1
| #define HAVE_SYS_USER_H 1
| #define HAVE_SYS_VFS_H 1
| #define HAVE_NETINET_IP_H 1
| #define HAVE_NET_IF_H 1
| #define HAVE_NET_IF_ARP_H 1
| #define HAVE_NET_ROUTE_H 1
| #define HAVE_NETINET_IF_ETHER_H 1
| #define HAVE_NETINET_IP_ICMP_H 1
| #define HAVE_NETINET_UDP_H 1
| #define HAVE_NETIPX_IPX_H 1
| #define HAVE_SYS_UN_H 1
| #define HAVE_NETINET_ICMP6_H 1
| #define HAVE_LINUX_RTNETLINK_H 1
| #define HAVE_RESOLV_H 1
| #define HAVE_IFADDRS_H 1
| #define HAVE_SYS_UCONTEXT_H 1
| #define HAVE_LINUX_VIDEODEV2_H 1
| #define _GNU_SOURCE 1
| #define SONAME_LIBX11 "libX11.so.6"
| #define SONAME_LIBXEXT "libXext.so.6"
| #define HAVE_X11_EXTENSIONS_SHAPE_H 1
| #define HAVE_X11_EXTENSIONS_XINPUT2_H 1
| #define HAVE_X11_EXTENSIONS_XSHM_H 1
| #define HAVE_X11_EXTENSIONS_XFIXES_H 1
| #define HAVE_X11_EXTENSIONS_XRANDR_H 1
| #define HAVE_X11_EXTENSIONS_XRENDER_H 1
| #define HAVE_X11_EXTENSIONS_XF86VMPROTO_H 1
| #define SONAME_LIBXCURSOR "libXcursor.so.1"
| #define SONAME_LIBXI "libXi.so.6"
| #define HAVE_LIBXXSHM 1
| #define HAVE_LIBXSHAPE 1
| #define SONAME_LIBXRENDER "libXrender.so.1"
| #define HAVE_XRENDERSETPICTURETRANSFORM 1
| #define HAVE_XRENDERCREATELINEARGRADIENT 1
| #define SONAME_LIBXRANDR "libXrandr.so.2"
| #define HAVE_XRRGETPROVIDERRESOURCES 1
| #define SONAME_LIBXFIXES "libXfixes.so.3"
| #define HAVE_XICCALLBACK_CALLBACK 1
| #define HAVE_XEVENT_XCOOKIE 1
| #define HAVE_SYS_INOTIFY_H 1
| #define HAVE_RESOLV 1
| #define HAVE_FT2BUILD_H 1
| #define SONAME_LIBFREETYPE "libfreetype.so.6"
| #define SONAME_LIBFONTCONFIG "libfontconfig.so.1"
| #define SONAME_LIBODBC "libodbc.so"
| /* end confdefs.h.  */
| 
| /* Override any GCC internal prototype to avoid an error.
|    Use char because int might match the return type of a GCC
|    builtin and then its argument prototype would still apply.
|    The 'extern "C"' is for builds by C++ compilers;
|    although this is not generally supported in C code supporting it here
|    has little cost and some practical benefit (sr 110532).  */
| #ifdef __cplusplus
| extern "C"
| #endif
| char vkGetInstanceProcAddr (void);
| int
| main (void)
| {
| return vkGetInstanceProcAddr ();
|   ;
|   return 0;
| }
configure:20030: result: not found
configure:20044: checking for -lMoltenVK
configure:20073: gcc -m64 -o conftest -g -O2   conftest.c -lMoltenVK   >&5
/usr/bin/ld: cannot find -lMoltenVK: No such file or directory
collect2: error: ld returned 1 exit status
configure:20073: $? = 1
configure: failed program was:
| /* confdefs.h */
| #define PACKAGE_NAME "Wine"
| #define PACKAGE_TARNAME "wine"
| #define PACKAGE_VERSION "11.15"
| #define PACKAGE_STRING "Wine 11.15"
| #define PACKAGE_BUGREPORT "wine-devel@winehq.org"
| #define PACKAGE_URL "https://www.winehq.org"
| #define EXEEXT ""
| #define HAVE_STDIO_H 1
| #define HAVE_STDLIB_H 1
| #define HAVE_STRING_H 1
| #define HAVE_INTTYPES_H 1
| #define HAVE_STDINT_H 1
| #define HAVE_STRINGS_H 1
| #define HAVE_SYS_STAT_H 1
| #define HAVE_SYS_TYPES_H 1
| #define HAVE_UNISTD_H 1
| #define STDC_HEADERS 1
| #define HAVE_ARPA_INET_H 1
| #define HAVE_ARPA_NAMESER_H 1
| #define HAVE_ASM_TERMBITS_H 1
| #define HAVE_ASM_TYPES_H 1
| #define HAVE_ELF_H 1
| #define HAVE_LINK_H 1
| #define HAVE_LINUX_CDROM_H 1
| #define HAVE_LINUX_ERRQUEUE_H 1
| #define HAVE_LINUX_FILTER_H 1
| #define HAVE_LINUX_FS_H 1
| #define HAVE_LINUX_HDREG_H 1
| #define HAVE_LINUX_HIDRAW_H 1
| #define HAVE_LINUX_INPUT_H 1
| #define HAVE_LINUX_IOCTL_H 1
| #define HAVE_LINUX_MAJOR_H 1
| #define HAVE_LINUX_MEMFD_H 1
| #define HAVE_LINUX_PARAM_H 1
| #define HAVE_LINUX_SERIAL_H 1
| #define HAVE_LINUX_TYPES_H 1
| #define HAVE_LINUX_USERFAULTFD_H 1
| #define HAVE_LINUX_WIRELESS_H 1
| #define HAVE_MNTENT_H 1
| #define HAVE_NETDB_H 1
| #define HAVE_NETINET_IN_H 1
| #define HAVE_NETINET_IN_SYSTM_H 1
| #define HAVE_NETINET_TCP_H 1
| #define HAVE_PWD_H 1
| #define HAVE_SCHED_H 1
| #define HAVE_SCSI_SCSI_H 1
| #define HAVE_SCSI_SCSI_IOCTL_H 1
| #define HAVE_SCSI_SG_H 1
| #define HAVE_SYS_AUXV_H 1
| #define HAVE_SYS_EPOLL_H 1
| #define HAVE_SYS_IPC_H 1
| #define HAVE_SYS_MTIO_H 1
| #define HAVE_SYS_PARAM_H 1
| #define HAVE_SYS_PERSONALITY_H 1
| #define HAVE_SYS_PRCTL_H 1
| #define HAVE_SYS_PTRACE_H 1
| #define HAVE_SYS_QUEUE_H 1
| #define HAVE_SYS_RANDOM_H 1
| #define HAVE_SYS_RESOURCE_H 1
| #define HAVE_SYS_SHM_H 1
| #define HAVE_SYS_SIGNAL_H 1
| #define HAVE_SYS_SOCKETVAR_H 1
| #define HAVE_SYS_STATVFS_H 1
| #define HAVE_SYS_SYSCALL_H 1
| #define HAVE_SYS_SYSINFO_H 1
| #define HAVE_SYS_TIMES_H 1
| #define HAVE_SYS_UIO_H 1
| #define HAVE_SYS_USER_H 1
| #define HAVE_SYS_UTSNAME_H 1
| #define HAVE_SYS_XATTR_H 1
| #define HAVE_SYSCALL_H 1
| #define HAVE_UTIME_H 1
| #define HAVE_VALGRIND_MEMCHECK_H 1
| #define HAVE_VALGRIND_VALGRIND_H 1
| #define MAJOR_IN_SYSMACROS 1
| #define HAVE_SYS_MOUNT_H 1
| #define HAVE_SYS_STATFS_H 1
| #define HAVE_SYS_USER_H 1
| #define HAVE_SYS_VFS_H 1
| #define HAVE_NETINET_IP_H 1
| #define HAVE_NET_IF_H 1
| #define HAVE_NET_IF_ARP_H 1
| #define HAVE_NET_ROUTE_H 1
| #define HAVE_NETINET_IF_ETHER_H 1
| #define HAVE_NETINET_IP_ICMP_H 1
| #define HAVE_NETINET_UDP_H 1
| #define HAVE_NETIPX_IPX_H 1
| #define HAVE_SYS_UN_H 1
| #define HAVE_NETINET_ICMP6_H 1
| #define HAVE_LINUX_RTNETLINK_H 1
| #define HAVE_RESOLV_H 1
| #define HAVE_IFADDRS_H 1
| #define HAVE_SYS_UCONTEXT_H 1
| #define HAVE_LINUX_VIDEODEV2_H 1
| #define _GNU_SOURCE 1
| #define SONAME_LIBX11 "libX11.so.6"
| #define SONAME_LIBXEXT "libXext.so.6"
| #define HAVE_X11_EXTENSIONS_SHAPE_H 1
| #define HAVE_X11_EXTENSIONS_XINPUT2_H 1
| #define HAVE_X11_EXTENSIONS_XSHM_H 1
| #define HAVE_X11_EXTENSIONS_XFIXES_H 1
| #define HAVE_X11_EXTENSIONS_XRANDR_H 1
| #define HAVE_X11_EXTENSIONS_XRENDER_H 1
| #define HAVE_X11_EXTENSIONS_XF86VMPROTO_H 1
| #define SONAME_LIBXCURSOR "libXcursor.so.1"
| #define SONAME_LIBXI "libXi.so.6"
| #define HAVE_LIBXXSHM 1
| #define HAVE_LIBXSHAPE 1
| #define SONAME_LIBXRENDER "libXrender.so.1"
| #define HAVE_XRENDERSETPICTURETRANSFORM 1
| #define HAVE_XRENDERCREATELINEARGRADIENT 1
| #define SONAME_LIBXRANDR "libXrandr.so.2"
| #define HAVE_XRRGETPROVIDERRESOURCES 1
| #define SONAME_LIBXFIXES "libXfixes.so.3"
| #define HAVE_XICCALLBACK_CALLBACK 1
| #define HAVE_XEVENT_XCOOKIE 1
| #define HAVE_SYS_INOTIFY_H 1
| #define HAVE_RESOLV 1
| #define HAVE_FT2BUILD_H 1
| #define SONAME_LIBFREETYPE "libfreetype.so.6"
| #define SONAME_LIBFONTCONFIG "libfontconfig.so.1"
| #define SONAME_LIBODBC "libodbc.so"
| /* end confdefs.h.  */
| 
| /* Override any GCC internal prototype to avoid an error.
|    Use char because int might match the return type of a GCC
|    builtin and then its argument prototype would still apply.
|    The 'extern "C"' is for builds by C++ compilers;
|    although this is not generally supported in C code supporting it here
|    has little cost and some practical benefit (sr 110532).  */
| #ifdef __cplusplus
| extern "C"
| #endif
| char vkGetInstanceProcAddr (void);
| int
| main (void)
| {
| return vkGetInstanceProcAddr ();
|   ;
|   return 0;
| }
configure:20095: result: not found
configure:20127: checking whether the compiler supports -Werror=unknown-warning-option
configure:20139: gcc -m64 -o conftest -g -O2 -Werror=unknown-warning-option   conftest.c  >&5
cc1: error: '-Werror=unknown-warning-option': no option '-Wunknown-warning-option'
configure:20139: $? = 1
configure: failed program was:
| /* confdefs.h */
| #define PACKAGE_NAME "Wine"
| #define PACKAGE_TARNAME "wine"
| #define PACKAGE_VERSION "11.15"
| #define PACKAGE_STRING "Wine 11.15"
| #define PACKAGE_BUGREPORT "wine-devel@winehq.org"
| #define PACKAGE_URL "https://www.winehq.org"
| #define EXEEXT ""
| #define HAVE_STDIO_H 1
| #define HAVE_STDLIB_H 1
| #define HAVE_STRING_H 1
| #define HAVE_INTTYPES_H 1
| #define HAVE_STDINT_H 1
| #define HAVE_STRINGS_H 1
| #define HAVE_SYS_STAT_H 1
| #define HAVE_SYS_TYPES_H 1
| #define HAVE_UNISTD_H 1
| #define STDC_HEADERS 1
| #define HAVE_ARPA_INET_H 1
| #define HAVE_ARPA_NAMESER_H 1
| #define HAVE_ASM_TERMBITS_H 1
| #define HAVE_ASM_TYPES_H 1
| #define HAVE_ELF_H 1
| #define HAVE_LINK_H 1
| #define HAVE_LINUX_CDROM_H 1
| #define HAVE_LINUX_ERRQUEUE_H 1
| #define HAVE_LINUX_FILTER_H 1
| #define HAVE_LINUX_FS_H 1
| #define HAVE_LINUX_HDREG_H 1
| #define HAVE_LINUX_HIDRAW_H 1
| #define HAVE_LINUX_INPUT_H 1
| #define HAVE_LINUX_IOCTL_H 1
| #define HAVE_LINUX_MAJOR_H 1
| #define HAVE_LINUX_MEMFD_H 1
| #define HAVE_LINUX_PARAM_H 1
| #define HAVE_LINUX_SERIAL_H 1
| #define HAVE_LINUX_TYPES_H 1
| #define HAVE_LINUX_USERFAULTFD_H 1
| #define HAVE_LINUX_WIRELESS_H 1
| #define HAVE_MNTENT_H 1
| #define HAVE_NETDB_H 1
| #define HAVE_NETINET_IN_H 1
| #define HAVE_NETINET_IN_SYSTM_H 1
| #define HAVE_NETINET_TCP_H 1
| #define HAVE_PWD_H 1
| #define HAVE_SCHED_H 1
| #define HAVE_SCSI_SCSI_H 1
| #define HAVE_SCSI_SCSI_IOCTL_H 1
| #define HAVE_SCSI_SG_H 1
| #define HAVE_SYS_AUXV_H 1
| #define HAVE_SYS_EPOLL_H 1
| #define HAVE_SYS_IPC_H 1
| #define HAVE_SYS_MTIO_H 1
| #define HAVE_SYS_PARAM_H 1
| #define HAVE_SYS_PERSONALITY_H 1
| #define HAVE_SYS_PRCTL_H 1
| #define HAVE_SYS_PTRACE_H 1
| #define HAVE_SYS_QUEUE_H 1
| #define HAVE_SYS_RANDOM_H 1
| #define HAVE_SYS_RESOURCE_H 1
| #define HAVE_SYS_SHM_H 1
| #define HAVE_SYS_SIGNAL_H 1
| #define HAVE_SYS_SOCKETVAR_H 1
| #define HAVE_SYS_STATVFS_H 1
| #define HAVE_SYS_SYSCALL_H 1
| #define HAVE_SYS_SYSINFO_H 1
| #define HAVE_SYS_TIMES_H 1
| #define HAVE_SYS_UIO_H 1
| #define HAVE_SYS_USER_H 1
| #define HAVE_SYS_UTSNAME_H 1
| #define HAVE_SYS_XATTR_H 1
| #define HAVE_SYSCALL_H 1
| #define HAVE_UTIME_H 1
| #define HAVE_VALGRIND_MEMCHECK_H 1
| #define HAVE_VALGRIND_VALGRIND_H 1
| #define MAJOR_IN_SYSMACROS 1
| #define HAVE_SYS_MOUNT_H 1
| #define HAVE_SYS_STATFS_H 1
| #define HAVE_SYS_USER_H 1
| #define HAVE_SYS_VFS_H 1
| #define HAVE_NETINET_IP_H 1
| #define HAVE_NET_IF_H 1
| #define HAVE_NET_IF_ARP_H 1
| #define HAVE_NET_ROUTE_H 1
| #define HAVE_NETINET_IF_ETHER_H 1
| #define HAVE_NETINET_IP_ICMP_H 1
| #define HAVE_NETINET_UDP_H 1
| #define HAVE_NETIPX_IPX_H 1
| #define HAVE_SYS_UN_H 1
| #define HAVE_NETINET_ICMP6_H 1
| #define HAVE_LINUX_RTNETLINK_H 1
| #define HAVE_RESOLV_H 1
| #define HAVE_IFADDRS_H 1
| #define HAVE_SYS_UCONTEXT_H 1
| #define HAVE_LINUX_VIDEODEV2_H 1
| #define _GNU_SOURCE 1
| #define SONAME_LIBX11 "libX11.so.6"
| #define SONAME_LIBXEXT "libXext.so.6"
| #define HAVE_X11_EXTENSIONS_SHAPE_H 1
| #define HAVE_X11_EXTENSIONS_XINPUT2_H 1
| #define HAVE_X11_EXTENSIONS_XSHM_H 1
| #define HAVE_X11_EXTENSIONS_XFIXES_H 1
| #define HAVE_X11_EXTENSIONS_XRANDR_H 1
| #define HAVE_X11_EXTENSIONS_XRENDER_H 1
| #define HAVE_X11_EXTENSIONS_XF86VMPROTO_H 1
| #define SONAME_LIBXCURSOR "libXcursor.so.1"
| #define SONAME_LIBXI "libXi.so.6"
| #define HAVE_LIBXXSHM 1
| #define HAVE_LIBXSHAPE 1
| #define SONAME_LIBXRENDER "libXrender.so.1"
| #define HAVE_XRENDERSETPICTURETRANSFORM 1
| #define HAVE_XRENDERCREATELINEARGRADIENT 1
| #define SONAME_LIBXRANDR "libXrandr.so.2"
| #define HAVE_XRRGETPROVIDERRESOURCES 1
| #define SONAME_LIBXFIXES "libXfixes.so.3"
| #define HAVE_XICCALLBACK_CALLBACK 1
| #define HAVE_XEVENT_XCOOKIE 1
| #define HAVE_SYS_INOTIFY_H 1
| #define HAVE_RESOLV 1
| #define HAVE_FT2BUILD_H 1
| #define SONAME_LIBFREETYPE "libfreetype.so.6"
| #define SONAME_LIBFONTCONFIG "libfontconfig.so.1"
| #define SONAME_LIBODBC "libodbc.so"
| /* end confdefs.h.  */
| int main(int argc, char **argv) { return 0; }
configure:20151: result: no
configure:20157: checking whether the compiler supports -Werror=unused-command-line-argument
configure:20169: gcc -m64 -o conftest -g -O2 -Werror=unused-command-line-argument   conftest.c  >&5
cc1: error: '-Werror=unused-command-line-argument': no option '-Wunused-command-line-argument'; did you mean '-Wunused-dummy-argument'?
configure:20169: $? = 1
configure: failed program was:
| /* confdefs.h */
| #define PACKAGE_NAME "Wine"
| #define PACKAGE_TARNAME "wine"
| #define PACKAGE_VERSION "11.15"
| #define PACKAGE_STRING "Wine 11.15"
| #define PACKAGE_BUGREPORT "wine-devel@winehq.org"
| #define PACKAGE_URL "https://www.winehq.org"
| #define EXEEXT ""
| #define HAVE_STDIO_H 1
| #define HAVE_STDLIB_H 1
| #define HAVE_STRING_H 1
| #define HAVE_INTTYPES_H 1
| #define HAVE_STDINT_H 1
| #define HAVE_STRINGS_H 1
| #define HAVE_SYS_STAT_H 1
| #define HAVE_SYS_TYPES_H 1
| #define HAVE_UNISTD_H 1
| #define STDC_HEADERS 1
| #define HAVE_ARPA_INET_H 1
| #define HAVE_ARPA_NAMESER_H 1
| #define HAVE_ASM_TERMBITS_H 1
| #define HAVE_ASM_TYPES_H 1
| #define HAVE_ELF_H 1
| #define HAVE_LINK_H 1
| #define HAVE_LINUX_CDROM_H 1
| #define HAVE_LINUX_ERRQUEUE_H 1
| #define HAVE_LINUX_FILTER_H 1
| #define HAVE_LINUX_FS_H 1
| #define HAVE_LINUX_HDREG_H 1
| #define HAVE_LINUX_HIDRAW_H 1
| #define HAVE_LINUX_INPUT_H 1
| #define HAVE_LINUX_IOCTL_H 1
| #define HAVE_LINUX_MAJOR_H 1
| #define HAVE_LINUX_MEMFD_H 1
| #define HAVE_LINUX_PARAM_H 1
| #define HAVE_LINUX_SERIAL_H 1
| #define HAVE_LINUX_TYPES_H 1
| #define HAVE_LINUX_USERFAULTFD_H 1
| #define HAVE_LINUX_WIRELESS_H 1
| #define HAVE_MNTENT_H 1
| #define HAVE_NETDB_H 1
| #define HAVE_NETINET_IN_H 1
| #define HAVE_NETINET_IN_SYSTM_H 1
| #define HAVE_NETINET_TCP_H 1
| #define HAVE_PWD_H 1
| #define HAVE_SCHED_H 1
| #define HAVE_SCSI_SCSI_H 1
| #define HAVE_SCSI_SCSI_IOCTL_H 1
| #define HAVE_SCSI_SG_H 1
| #define HAVE_SYS_AUXV_H 1
| #define HAVE_SYS_EPOLL_H 1
| #define HAVE_SYS_IPC_H 1
| #define HAVE_SYS_MTIO_H 1
| #define HAVE_SYS_PARAM_H 1
| #define HAVE_SYS_PERSONALITY_H 1
| #define HAVE_SYS_PRCTL_H 1
| #define HAVE_SYS_PTRACE_H 1
| #define HAVE_SYS_QUEUE_H 1
| #define HAVE_SYS_RANDOM_H 1
| #define HAVE_SYS_RESOURCE_H 1
| #define HAVE_SYS_SHM_H 1
| #define HAVE_SYS_SIGNAL_H 1
| #define HAVE_SYS_SOCKETVAR_H 1
| #define HAVE_SYS_STATVFS_H 1
| #define HAVE_SYS_SYSCALL_H 1
| #define HAVE_SYS_SYSINFO_H 1
| #define HAVE_SYS_TIMES_H 1
| #define HAVE_SYS_UIO_H 1
| #define HAVE_SYS_USER_H 1
| #define HAVE_SYS_UTSNAME_H 1
| #define HAVE_SYS_XATTR_H 1
| #define HAVE_SYSCALL_H 1
| #define HAVE_UTIME_H 1
| #define HAVE_VALGRIND_MEMCHECK_H 1
| #define HAVE_VALGRIND_VALGRIND_H 1
| #define MAJOR_IN_SYSMACROS 1
| #define HAVE_SYS_MOUNT_H 1
| #define HAVE_SYS_STATFS_H 1
| #define HAVE_SYS_USER_H 1
| #define HAVE_SYS_VFS_H 1
| #define HAVE_NETINET_IP_H 1
| #define HAVE_NET_IF_H 1
| #define HAVE_NET_IF_ARP_H 1
| #define HAVE_NET_ROUTE_H 1
| #define HAVE_NETINET_IF_ETHER_H 1
| #define HAVE_NETINET_IP_ICMP_H 1
| #define HAVE_NETINET_UDP_H 1
| #define HAVE_NETIPX_IPX_H 1
| #define HAVE_SYS_UN_H 1
| #define HAVE_NETINET_ICMP6_H 1
| #define HAVE_LINUX_RTNETLINK_H 1
| #define HAVE_RESOLV_H 1
| #define HAVE_IFADDRS_H 1
| #define HAVE_SYS_UCONTEXT_H 1
| #define HAVE_LINUX_VIDEODEV2_H 1
| #define _GNU_SOURCE 1
| #define SONAME_LIBX11 "libX11.so.6"
| #define SONAME_LIBXEXT "libXext.so.6"
| #define HAVE_X11_EXTENSIONS_SHAPE_H 1
| #define HAVE_X11_EXTENSIONS_XINPUT2_H 1
| #define HAVE_X11_EXTENSIONS_XSHM_H 1
| #define HAVE_X11_EXTENSIONS_XFIXES_H 1
| #define HAVE_X11_EXTENSIONS_XRANDR_H 1
| #define HAVE_X11_EXTENSIONS_XRENDER_H 1
| #define HAVE_X11_EXTENSIONS_XF86VMPROTO_H 1
| #define SONAME_LIBXCURSOR "libXcursor.so.1"
| #define SONAME_LIBXI "libXi.so.6"
| #define HAVE_LIBXXSHM 1
| #define HAVE_LIBXSHAPE 1
| #define SONAME_LIBXRENDER "libXrender.so.1"
| #define HAVE_XRENDERSETPICTURETRANSFORM 1
| #define HAVE_XRENDERCREATELINEARGRADIENT 1
| #define SONAME_LIBXRANDR "libXrandr.so.2"
| #define HAVE_XRRGETPROVIDERRESOURCES 1
| #define SONAME_LIBXFIXES "libXfixes.so.3"
| #define HAVE_XICCALLBACK_CALLBACK 1
| #define HAVE_XEVENT_XCOOKIE 1
| #define HAVE_SYS_INOTIFY_H 1
| #define HAVE_RESOLV 1
| #define HAVE_FT2BUILD_H 1
| #define SONAME_LIBFREETYPE "libfreetype.so.6"
| #define SONAME_LIBFONTCONFIG "libfontconfig.so.1"
| #define SONAME_LIBODBC "libodbc.so"
| /* end confdefs.h.  */
| int main(int argc, char **argv) { return 0; }
configure:20181: result: no
configure:20187: checking whether the compiler supports -Werror=ignored-optimization-argument
configure:20199: gcc -m64 -o conftest -g -O2 -Werror=ignored-optimization-argument   conftest.c  >&5
cc1: error: '-Werror=ignored-optimization-argument': no option '-Wignored-optimization-argument'
configure:20199: $? = 1
configure: failed program was:
| /* confdefs.h */
| #define PACKAGE_NAME "Wine"
| #define PACKAGE_TARNAME "wine"
| #define PACKAGE_VERSION "11.15"
| #define PACKAGE_STRING "Wine 11.15"
| #define PACKAGE_BUGREPORT "wine-devel@winehq.org"
| #define PACKAGE_URL "https://www.winehq.org"
| #define EXEEXT ""
| #define HAVE_STDIO_H 1
| #define HAVE_STDLIB_H 1
| #define HAVE_STRING_H 1
| #define HAVE_INTTYPES_H 1
| #define HAVE_STDINT_H 1
| #define HAVE_STRINGS_H 1
| #define HAVE_SYS_STAT_H 1
| #define HAVE_SYS_TYPES_H 1
| #define HAVE_UNISTD_H 1
| #define STDC_HEADERS 1
| #define HAVE_ARPA_INET_H 1
| #define HAVE_ARPA_NAMESER_H 1
| #define HAVE_ASM_TERMBITS_H 1
| #define HAVE_ASM_TYPES_H 1
| #define HAVE_ELF_H 1
| #define HAVE_LINK_H 1
| #define HAVE_LINUX_CDROM_H 1
| #define HAVE_LINUX_ERRQUEUE_H 1
| #define HAVE_LINUX_FILTER_H 1
| #define HAVE_LINUX_FS_H 1
| #define HAVE_LINUX_HDREG_H 1
| #define HAVE_LINUX_HIDRAW_H 1
| #define HAVE_LINUX_INPUT_H 1
| #define HAVE_LINUX_IOCTL_H 1
| #define HAVE_LINUX_MAJOR_H 1
| #define HAVE_LINUX_MEMFD_H 1
| #define HAVE_LINUX_PARAM_H 1
| #define HAVE_LINUX_SERIAL_H 1
| #define HAVE_LINUX_TYPES_H 1
| #define HAVE_LINUX_USERFAULTFD_H 1
| #define HAVE_LINUX_WIRELESS_H 1
| #define HAVE_MNTENT_H 1
| #define HAVE_NETDB_H 1
| #define HAVE_NETINET_IN_H 1
| #define HAVE_NETINET_IN_SYSTM_H 1
| #define HAVE_NETINET_TCP_H 1
| #define HAVE_PWD_H 1
| #define HAVE_SCHED_H 1
| #define HAVE_SCSI_SCSI_H 1
| #define HAVE_SCSI_SCSI_IOCTL_H 1
| #define HAVE_SCSI_SG_H 1
| #define HAVE_SYS_AUXV_H 1
| #define HAVE_SYS_EPOLL_H 1
| #define HAVE_SYS_IPC_H 1
| #define HAVE_SYS_MTIO_H 1
| #define HAVE_SYS_PARAM_H 1
| #define HAVE_SYS_PERSONALITY_H 1
| #define HAVE_SYS_PRCTL_H 1
| #define HAVE_SYS_PTRACE_H 1
| #define HAVE_SYS_QUEUE_H 1
| #define HAVE_SYS_RANDOM_H 1
| #define HAVE_SYS_RESOURCE_H 1
| #define HAVE_SYS_SHM_H 1
| #define HAVE_SYS_SIGNAL_H 1
| #define HAVE_SYS_SOCKETVAR_H 1
| #define HAVE_SYS_STATVFS_H 1
| #define HAVE_SYS_SYSCALL_H 1
| #define HAVE_SYS_SYSINFO_H 1
| #define HAVE_SYS_TIMES_H 1
| #define HAVE_SYS_UIO_H 1
| #define HAVE_SYS_USER_H 1
| #define HAVE_SYS_UTSNAME_H 1
| #define HAVE_SYS_XATTR_H 1
| #define HAVE_SYSCALL_H 1
| #define HAVE_UTIME_H 1
| #define HAVE_VALGRIND_MEMCHECK_H 1
| #define HAVE_VALGRIND_VALGRIND_H 1
| #define MAJOR_IN_SYSMACROS 1
| #define HAVE_SYS_MOUNT_H 1
| #define HAVE_SYS_STATFS_H 1
| #define HAVE_SYS_USER_H 1
| #define HAVE_SYS_VFS_H 1
| #define HAVE_NETINET_IP_H 1
| #define HAVE_NET_IF_H 1
| #define HAVE_NET_IF_ARP_H 1
| #define HAVE_NET_ROUTE_H 1
| #define HAVE_NETINET_IF_ETHER_H 1
| #define HAVE_NETINET_IP_ICMP_H 1
| #define HAVE_NETINET_UDP_H 1
| #define HAVE_NETIPX_IPX_H 1
| #define HAVE_SYS_UN_H 1
| #define HAVE_NETINET_ICMP6_H 1
| #define HAVE_LINUX_RTNETLINK_H 1
| #define HAVE_RESOLV_H 1
| #define HAVE_IFADDRS_H 1
| #define HAVE_SYS_UCONTEXT_H 1
| #define HAVE_LINUX_VIDEODEV2_H 1
| #define _GNU_SOURCE 1
| #define SONAME_LIBX11 "libX11.so.6"
| #define SONAME_LIBXEXT "libXext.so.6"
| #define HAVE_X11_EXTENSIONS_SHAPE_H 1
| #define HAVE_X11_EXTENSIONS_XINPUT2_H 1
| #define HAVE_X11_EXTENSIONS_XSHM_H 1
| #define HAVE_X11_EXTENSIONS_XFIXES_H 1
| #define HAVE_X11_EXTENSIONS_XRANDR_H 1
| #define HAVE_X11_EXTENSIONS_XRENDER_H 1
| #define HAVE_X11_EXTENSIONS_XF86VMPROTO_H 1
| #define SONAME_LIBXCURSOR "libXcursor.so.1"
| #define SONAME_LIBXI "libXi.so.6"
| #define HAVE_LIBXXSHM 1
| #define HAVE_LIBXSHAPE 1
| #define SONAME_LIBXRENDER "libXrender.so.1"
| #define HAVE_XRENDERSETPICTURETRANSFORM 1
| #define HAVE_XRENDERCREATELINEARGRADIENT 1
| #define SONAME_LIBXRANDR "libXrandr.so.2"
| #define HAVE_XRRGETPROVIDERRESOURCES 1
| #define SONAME_LIBXFIXES "libXfixes.so.3"
| #define HAVE_XICCALLBACK_CALLBACK 1
| #define HAVE_XEVENT_XCOOKIE 1
| #define HAVE_SYS_INOTIFY_H 1
| #define HAVE_RESOLV 1
| #define HAVE_FT2BUILD_H 1
| #define SONAME_LIBFREETYPE "libfreetype.so.6"
| #define SONAME_LIBFONTCONFIG "libfontconfig.so.1"
| #define SONAME_LIBODBC "libodbc.so"
| /* end confdefs.h.  */
| int main(int argc, char **argv) { return 0; }
configure:20211: result: no
configure:20217: checking whether the compiler supports -fcf-protection=none
configure:20229: gcc -m64 -o conftest -g -O2 -fcf-protection=none   conftest.c  >&5
configure:20229: $? = 0
configure:20241: result: yes
configure:20247: checking whether the compiler supports -fvisibility=hidden
configure:20259: gcc -m64 -o conftest -g -O2 -fvisibility=hidden   conftest.c  >&5
configure:20259: $? = 0
configure:20271: result: yes
configure:20277: checking whether the compiler supports -fno-stack-protector
configure:20289: gcc -m64 -o conftest -g -O2 -fno-stack-protector   conftest.c  >&5
configure:20289: $? = 0
configure:20301: result: yes
configure:20307: checking whether the compiler supports -fno-strict-aliasing
configure:20319: gcc -m64 -o conftest -g -O2 -fno-strict-aliasing   conftest.c  >&5
configure:20319: $? = 0
configure:20331: result: yes
configure:20337: checking whether the compiler supports -Wdeclaration-after-statement
configure:20349: gcc -m64 -o conftest -g -O2 -Wdeclaration-after-statement   conftest.c  >&5
configure:20349: $? = 0
configure:20361: result: yes
configure:20367: checking whether the compiler supports -Wempty-body
configure:20379: gcc -m64 -o conftest -g -O2 -Wempty-body   conftest.c  >&5
configure:20379: $? = 0
configure:20391: result: yes
configure:20397: checking whether the compiler supports -Wignored-qualifiers
configure:20409: gcc -m64 -o conftest -g -O2 -Wignored-qualifiers   conftest.c  >&5
configure:20409: $? = 0
configure:20421: result: yes
configure:20427: checking whether the compiler supports -Winit-self
configure:20439: gcc -m64 -o conftest -g -O2 -Winit-self   conftest.c  >&5
configure:20439: $? = 0
configure:20451: result: yes
configure:20457: checking whether the compiler supports -Wlogical-op
configure:20469: gcc -m64 -o conftest -g -O2 -Wlogical-op   conftest.c  >&5
configure:20469: $? = 0
configure:20481: result: yes
configure:20487: checking whether the compiler supports -Wpacked-not-aligned
configure:20499: gcc -m64 -o conftest -g -O2 -Wpacked-not-aligned   conftest.c  >&5
configure:20499: $? = 0
configure:20511: result: yes
configure:20517: checking whether the compiler supports -Wpointer-arith
configure:20529: gcc -m64 -o conftest -g -O2 -Wpointer-arith   conftest.c  >&5
configure:20529: $? = 0
configure:20541: result: yes
configure:20547: checking whether the compiler supports -Wshift-overflow=2
configure:20559: gcc -m64 -o conftest -g -O2 -Wshift-overflow=2   conftest.c  >&5
configure:20559: $? = 0
configure:20571: result: yes
configure:20577: checking whether the compiler supports -Wstrict-prototypes
configure:20589: gcc -m64 -o conftest -g -O2 -Wstrict-prototypes   conftest.c  >&5
configure:20589: $? = 0
configure:20601: result: yes
configure:20607: checking whether the compiler supports -Wtype-limits
configure:20619: gcc -m64 -o conftest -g -O2 -Wtype-limits   conftest.c  >&5
configure:20619: $? = 0
configure:20631: result: yes
configure:20637: checking whether the compiler supports -Wunused-but-set-parameter
configure:20649: gcc -m64 -o conftest -g -O2 -Wunused-but-set-parameter   conftest.c  >&5
configure:20649: $? = 0
configure:20661: result: yes
configure:20667: checking whether the compiler supports -Wvla
configure:20679: gcc -m64 -o conftest -g -O2 -Wvla   conftest.c  >&5
configure:20679: $? = 0
configure:20691: result: yes
configure:20697: checking whether the compiler supports -Wwrite-strings
configure:20709: gcc -m64 -o conftest -g -O2 -Wwrite-strings   conftest.c  >&5
configure:20709: $? = 0
configure:20721: result: yes
configure:20728: checking whether the compiler supports -flarge-source-files -Wmisleading-indentation
configure:20740: gcc -m64 -o conftest -g -O2 -flarge-source-files -Wmisleading-indentation   conftest.c  >&5
configure:20740: $? = 0
configure:20752: result: yes
configure:20759: checking for flags needed for 64-bit compare-and-swap support
configure:20778: gcc -m64 -c -g -O2  conftest.c >&5
configure:20778: $? = 0
configure:20818: result: none needed
configure:20835: checking whether the compiler supports -gdwarf-4
configure:20847: gcc -m64 -o conftest -g -O2 -gdwarf-4   conftest.c  >&5
configure:20847: $? = 0
configure:20859: result: yes
configure:20871: checking whether the compiler supports -mlong-double-64
configure:20883: gcc -m64 -o conftest -g -O2 -mlong-double-64   conftest.c  >&5
configure:20883: $? = 0
configure:20895: result: yes
configure:20901: checking whether the compiler supports -fno-builtin
configure:20913: gcc -m64 -o conftest -g -O2 -fno-builtin   conftest.c  >&5
configure:20913: $? = 0
configure:20925: result: yes
configure:20931: checking whether the compiler supports -fshort-wchar
configure:20943: gcc -m64 -o conftest -g -O2 -fshort-wchar   conftest.c  >&5
configure:20943: $? = 0
configure:20955: result: yes
configure:20961: checking whether the compiler supports -Wno-format
configure:20973: gcc -m64 -o conftest -g -O2 -Wno-format   conftest.c  >&5
configure:20973: $? = 0
configure:20985: result: yes
configure:21024: checking for working -mabi=ms
configure:21043: gcc -m64 -c -g -O2 -mabi=ms  conftest.c >&5
configure:21043: $? = 0
configure:21054: result: yes
configure:21139: checking for the need to disable Fortify
configure:21158: gcc -m64 -c -g -O2  conftest.c >&5
conftest.c: In function 'main':
conftest.c:130:2: error: #error Fortify enabled
  130 | #error Fortify enabled
      |  ^~~~~
configure:21158: $? = 1
configure: failed program was:
| /* confdefs.h */
| #define PACKAGE_NAME "Wine"
| #define PACKAGE_TARNAME "wine"
| #define PACKAGE_VERSION "11.15"
| #define PACKAGE_STRING "Wine 11.15"
| #define PACKAGE_BUGREPORT "wine-devel@winehq.org"
| #define PACKAGE_URL "https://www.winehq.org"
| #define EXEEXT ""
| #define HAVE_STDIO_H 1
| #define HAVE_STDLIB_H 1
| #define HAVE_STRING_H 1
| #define HAVE_INTTYPES_H 1
| #define HAVE_STDINT_H 1
| #define HAVE_STRINGS_H 1
| #define HAVE_SYS_STAT_H 1
| #define HAVE_SYS_TYPES_H 1
| #define HAVE_UNISTD_H 1
| #define STDC_HEADERS 1
| #define HAVE_ARPA_INET_H 1
| #define HAVE_ARPA_NAMESER_H 1
| #define HAVE_ASM_TERMBITS_H 1
| #define HAVE_ASM_TYPES_H 1
| #define HAVE_ELF_H 1
| #define HAVE_LINK_H 1
| #define HAVE_LINUX_CDROM_H 1
| #define HAVE_LINUX_ERRQUEUE_H 1
| #define HAVE_LINUX_FILTER_H 1
| #define HAVE_LINUX_FS_H 1
| #define HAVE_LINUX_HDREG_H 1
| #define HAVE_LINUX_HIDRAW_H 1
| #define HAVE_LINUX_INPUT_H 1
| #define HAVE_LINUX_IOCTL_H 1
| #define HAVE_LINUX_MAJOR_H 1
| #define HAVE_LINUX_MEMFD_H 1
| #define HAVE_LINUX_PARAM_H 1
| #define HAVE_LINUX_SERIAL_H 1
| #define HAVE_LINUX_TYPES_H 1
| #define HAVE_LINUX_USERFAULTFD_H 1
| #define HAVE_LINUX_WIRELESS_H 1
| #define HAVE_MNTENT_H 1
| #define HAVE_NETDB_H 1
| #define HAVE_NETINET_IN_H 1
| #define HAVE_NETINET_IN_SYSTM_H 1
| #define HAVE_NETINET_TCP_H 1
| #define HAVE_PWD_H 1
| #define HAVE_SCHED_H 1
| #define HAVE_SCSI_SCSI_H 1
| #define HAVE_SCSI_SCSI_IOCTL_H 1
| #define HAVE_SCSI_SG_H 1
| #define HAVE_SYS_AUXV_H 1
| #define HAVE_SYS_EPOLL_H 1
| #define HAVE_SYS_IPC_H 1
| #define HAVE_SYS_MTIO_H 1
| #define HAVE_SYS_PARAM_H 1
| #define HAVE_SYS_PERSONALITY_H 1
| #define HAVE_SYS_PRCTL_H 1
| #define HAVE_SYS_PTRACE_H 1
| #define HAVE_SYS_QUEUE_H 1
| #define HAVE_SYS_RANDOM_H 1
| #define HAVE_SYS_RESOURCE_H 1
| #define HAVE_SYS_SHM_H 1
| #define HAVE_SYS_SIGNAL_H 1
| #define HAVE_SYS_SOCKETVAR_H 1
| #define HAVE_SYS_STATVFS_H 1
| #define HAVE_SYS_SYSCALL_H 1
| #define HAVE_SYS_SYSINFO_H 1
| #define HAVE_SYS_TIMES_H 1
| #define HAVE_SYS_UIO_H 1
| #define HAVE_SYS_USER_H 1
| #define HAVE_SYS_UTSNAME_H 1
| #define HAVE_SYS_XATTR_H 1
| #define HAVE_SYSCALL_H 1
| #define HAVE_UTIME_H 1
| #define HAVE_VALGRIND_MEMCHECK_H 1
| #define HAVE_VALGRIND_VALGRIND_H 1
| #define MAJOR_IN_SYSMACROS 1
| #define HAVE_SYS_MOUNT_H 1
| #define HAVE_SYS_STATFS_H 1
| #define HAVE_SYS_USER_H 1
| #define HAVE_SYS_VFS_H 1
| #define HAVE_NETINET_IP_H 1
| #define HAVE_NET_IF_H 1
| #define HAVE_NET_IF_ARP_H 1
| #define HAVE_NET_ROUTE_H 1
| #define HAVE_NETINET_IF_ETHER_H 1
| #define HAVE_NETINET_IP_ICMP_H 1
| #define HAVE_NETINET_UDP_H 1
| #define HAVE_NETIPX_IPX_H 1
| #define HAVE_SYS_UN_H 1
| #define HAVE_NETINET_ICMP6_H 1
| #define HAVE_LINUX_RTNETLINK_H 1
| #define HAVE_RESOLV_H 1
| #define HAVE_IFADDRS_H 1
| #define HAVE_SYS_UCONTEXT_H 1
| #define HAVE_LINUX_VIDEODEV2_H 1
| #define _GNU_SOURCE 1
| #define SONAME_LIBX11 "libX11.so.6"
| #define SONAME_LIBXEXT "libXext.so.6"
| #define HAVE_X11_EXTENSIONS_SHAPE_H 1
| #define HAVE_X11_EXTENSIONS_XINPUT2_H 1
| #define HAVE_X11_EXTENSIONS_XSHM_H 1
| #define HAVE_X11_EXTENSIONS_XFIXES_H 1
| #define HAVE_X11_EXTENSIONS_XRANDR_H 1
| #define HAVE_X11_EXTENSIONS_XRENDER_H 1
| #define HAVE_X11_EXTENSIONS_XF86VMPROTO_H 1
| #define SONAME_LIBXCURSOR "libXcursor.so.1"
| #define SONAME_LIBXI "libXi.so.6"
| #define HAVE_LIBXXSHM 1
| #define HAVE_LIBXSHAPE 1
| #define SONAME_LIBXRENDER "libXrender.so.1"
| #define HAVE_XRENDERSETPICTURETRANSFORM 1
| #define HAVE_XRENDERCREATELINEARGRADIENT 1
| #define SONAME_LIBXRANDR "libXrandr.so.2"
| #define HAVE_XRRGETPROVIDERRESOURCES 1
| #define SONAME_LIBXFIXES "libXfixes.so.3"
| #define HAVE_XICCALLBACK_CALLBACK 1
| #define HAVE_XEVENT_XCOOKIE 1
| #define HAVE_SYS_INOTIFY_H 1
| #define HAVE_RESOLV 1
| #define HAVE_FT2BUILD_H 1
| #define SONAME_LIBFREETYPE "libfreetype.so.6"
| #define SONAME_LIBFONTCONFIG "libfontconfig.so.1"
| #define SONAME_LIBODBC "libodbc.so"
| /* end confdefs.h.  */
| #include <string.h>
| int
| main (void)
| {
| #if (defined(__USE_FORTIFY_LEVEL) && __USE_FORTIFY_LEVEL > 0) || (defined(_FORTIFY_SOURCE) && _FORTIFY_SOURCE > 0)
| #error Fortify enabled
| #endif
|   ;
|   return 0;
| }
configure:21168: result: yes
configure:21176: checking whether CFI directives are supported in assembly code
configure:21193: gcc -m64 -c -g -O2 -U_FORTIFY_SOURCE -D_FORTIFY_SOURCE=0  conftest.c >&5
configure:21193: $? = 0
configure:21203: result: yes
configure:21237: checking for library containing dlopen
configure:21273: gcc -m64 -o conftest -g -O2 -U_FORTIFY_SOURCE -D_FORTIFY_SOURCE=0   conftest.c  >&5
configure:21273: $? = 0
configure:21295: result: none required
configure:21307: checking for dladdr1
configure:21307: gcc -m64 -o conftest -g -O2 -U_FORTIFY_SOURCE -D_FORTIFY_SOURCE=0    conftest.c  >&5
configure:21307: $? = 0
configure:21307: result: yes
configure:21313: checking for dlinfo
configure:21313: gcc -m64 -o conftest -g -O2 -U_FORTIFY_SOURCE -D_FORTIFY_SOURCE=0    conftest.c  >&5
configure:21313: $? = 0
configure:21313: result: yes
configure:21319: checking for epoll_create
configure:21319: gcc -m64 -o conftest -g -O2 -U_FORTIFY_SOURCE -D_FORTIFY_SOURCE=0    conftest.c  >&5
configure:21319: $? = 0
configure:21319: result: yes
configure:21325: checking for epoll_pwait2
configure:21325: gcc -m64 -o conftest -g -O2 -U_FORTIFY_SOURCE -D_FORTIFY_SOURCE=0    conftest.c  >&5
configure:21325: $? = 0
configure:21325: result: yes
configure:21331: checking for fstatfs
configure:21331: gcc -m64 -o conftest -g -O2 -U_FORTIFY_SOURCE -D_FORTIFY_SOURCE=0    conftest.c  >&5
configure:21331: $? = 0
configure:21331: result: yes
configure:21337: checking for futimens
configure:21337: gcc -m64 -o conftest -g -O2 -U_FORTIFY_SOURCE -D_FORTIFY_SOURCE=0    conftest.c  >&5
configure:21337: $? = 0
configure:21337: result: yes
configure:21343: checking for futimes
configure:21343: gcc -m64 -o conftest -g -O2 -U_FORTIFY_SOURCE -D_FORTIFY_SOURCE=0    conftest.c  >&5
configure:21343: $? = 0
configure:21343: result: yes
configure:21349: checking for futimesat
configure:21349: gcc -m64 -o conftest -g -O2 -U_FORTIFY_SOURCE -D_FORTIFY_SOURCE=0    conftest.c  >&5
configure:21349: $? = 0
configure:21349: result: yes
configure:21355: checking for getaddrinfo
configure:21355: gcc -m64 -o conftest -g -O2 -U_FORTIFY_SOURCE -D_FORTIFY_SOURCE=0    conftest.c  >&5
configure:21355: $? = 0
configure:21355: result: yes
configure:21361: checking for getattrlist
configure:21361: gcc -m64 -o conftest -g -O2 -U_FORTIFY_SOURCE -D_FORTIFY_SOURCE=0    conftest.c  >&5
/usr/bin/ld: /tmp/ccYVxUpo.o: in function `main':
/home/user/WineEX/conftest.c:162:(.text.startup+0x9): undefined reference to `getattrlist'
collect2: error: ld returned 1 exit status
configure:21361: $? = 1
configure: failed program was:
| /* confdefs.h */
| #define PACKAGE_NAME "Wine"
| #define PACKAGE_TARNAME "wine"
| #define PACKAGE_VERSION "11.15"
| #define PACKAGE_STRING "Wine 11.15"
| #define PACKAGE_BUGREPORT "wine-devel@winehq.org"
| #define PACKAGE_URL "https://www.winehq.org"
| #define EXEEXT ""
| #define HAVE_STDIO_H 1
| #define HAVE_STDLIB_H 1
| #define HAVE_STRING_H 1
| #define HAVE_INTTYPES_H 1
| #define HAVE_STDINT_H 1
| #define HAVE_STRINGS_H 1
| #define HAVE_SYS_STAT_H 1
| #define HAVE_SYS_TYPES_H 1
| #define HAVE_UNISTD_H 1
| #define STDC_HEADERS 1
| #define HAVE_ARPA_INET_H 1
| #define HAVE_ARPA_NAMESER_H 1
| #define HAVE_ASM_TERMBITS_H 1
| #define HAVE_ASM_TYPES_H 1
| #define HAVE_ELF_H 1
| #define HAVE_LINK_H 1
| #define HAVE_LINUX_CDROM_H 1
| #define HAVE_LINUX_ERRQUEUE_H 1
| #define HAVE_LINUX_FILTER_H 1
| #define HAVE_LINUX_FS_H 1
| #define HAVE_LINUX_HDREG_H 1
| #define HAVE_LINUX_HIDRAW_H 1
| #define HAVE_LINUX_INPUT_H 1
| #define HAVE_LINUX_IOCTL_H 1
| #define HAVE_LINUX_MAJOR_H 1
| #define HAVE_LINUX_MEMFD_H 1
| #define HAVE_LINUX_PARAM_H 1
| #define HAVE_LINUX_SERIAL_H 1
| #define HAVE_LINUX_TYPES_H 1
| #define HAVE_LINUX_USERFAULTFD_H 1
| #define HAVE_LINUX_WIRELESS_H 1
| #define HAVE_MNTENT_H 1
| #define HAVE_NETDB_H 1
| #define HAVE_NETINET_IN_H 1
| #define HAVE_NETINET_IN_SYSTM_H 1
| #define HAVE_NETINET_TCP_H 1
| #define HAVE_PWD_H 1
| #define HAVE_SCHED_H 1
| #define HAVE_SCSI_SCSI_H 1
| #define HAVE_SCSI_SCSI_IOCTL_H 1
| #define HAVE_SCSI_SG_H 1
| #define HAVE_SYS_AUXV_H 1
| #define HAVE_SYS_EPOLL_H 1
| #define HAVE_SYS_IPC_H 1
| #define HAVE_SYS_MTIO_H 1
| #define HAVE_SYS_PARAM_H 1
| #define HAVE_SYS_PERSONALITY_H 1
| #define HAVE_SYS_PRCTL_H 1
| #define HAVE_SYS_PTRACE_H 1
| #define HAVE_SYS_QUEUE_H 1
| #define HAVE_SYS_RANDOM_H 1
| #define HAVE_SYS_RESOURCE_H 1
| #define HAVE_SYS_SHM_H 1
| #define HAVE_SYS_SIGNAL_H 1
| #define HAVE_SYS_SOCKETVAR_H 1
| #define HAVE_SYS_STATVFS_H 1
| #define HAVE_SYS_SYSCALL_H 1
| #define HAVE_SYS_SYSINFO_H 1
| #define HAVE_SYS_TIMES_H 1
| #define HAVE_SYS_UIO_H 1
| #define HAVE_SYS_USER_H 1
| #define HAVE_SYS_UTSNAME_H 1
| #define HAVE_SYS_XATTR_H 1
| #define HAVE_SYSCALL_H 1
| #define HAVE_UTIME_H 1
| #define HAVE_VALGRIND_MEMCHECK_H 1
| #define HAVE_VALGRIND_VALGRIND_H 1
| #define MAJOR_IN_SYSMACROS 1
| #define HAVE_SYS_MOUNT_H 1
| #define HAVE_SYS_STATFS_H 1
| #define HAVE_SYS_USER_H 1
| #define HAVE_SYS_VFS_H 1
| #define HAVE_NETINET_IP_H 1
| #define HAVE_NET_IF_H 1
| #define HAVE_NET_IF_ARP_H 1
| #define HAVE_NET_ROUTE_H 1
| #define HAVE_NETINET_IF_ETHER_H 1
| #define HAVE_NETINET_IP_ICMP_H 1
| #define HAVE_NETINET_UDP_H 1
| #define HAVE_NETIPX_IPX_H 1
| #define HAVE_SYS_UN_H 1
| #define HAVE_NETINET_ICMP6_H 1
| #define HAVE_LINUX_RTNETLINK_H 1
| #define HAVE_RESOLV_H 1
| #define HAVE_IFADDRS_H 1
| #define HAVE_SYS_UCONTEXT_H 1
| #define HAVE_LINUX_VIDEODEV2_H 1
| #define _GNU_SOURCE 1
| #define SONAME_LIBX11 "libX11.so.6"
| #define SONAME_LIBXEXT "libXext.so.6"
| #define HAVE_X11_EXTENSIONS_SHAPE_H 1
| #define HAVE_X11_EXTENSIONS_XINPUT2_H 1
| #define HAVE_X11_EXTENSIONS_XSHM_H 1
| #define HAVE_X11_EXTENSIONS_XFIXES_H 1
| #define HAVE_X11_EXTENSIONS_XRANDR_H 1
| #define HAVE_X11_EXTENSIONS_XRENDER_H 1
| #define HAVE_X11_EXTENSIONS_XF86VMPROTO_H 1
| #define SONAME_LIBXCURSOR "libXcursor.so.1"
| #define SONAME_LIBXI "libXi.so.6"
| #define HAVE_LIBXXSHM 1
| #define HAVE_LIBXSHAPE 1
| #define SONAME_LIBXRENDER "libXrender.so.1"
| #define HAVE_XRENDERSETPICTURETRANSFORM 1
| #define HAVE_XRENDERCREATELINEARGRADIENT 1
| #define SONAME_LIBXRANDR "libXrandr.so.2"
| #define HAVE_XRRGETPROVIDERRESOURCES 1
| #define SONAME_LIBXFIXES "libXfixes.so.3"
| #define HAVE_XICCALLBACK_CALLBACK 1
| #define HAVE_XEVENT_XCOOKIE 1
| #define HAVE_SYS_INOTIFY_H 1
| #define HAVE_RESOLV 1
| #define HAVE_FT2BUILD_H 1
| #define SONAME_LIBFREETYPE "libfreetype.so.6"
| #define SONAME_LIBFONTCONFIG "libfontconfig.so.1"
| #define SONAME_LIBODBC "libodbc.so"
| #define HAVE_WINE_PRELOADER 1
| #define HAVE_DLADDR1 1
| #define HAVE_DLINFO 1
| #define HAVE_EPOLL_CREATE 1
| #define HAVE_EPOLL_PWAIT2 1
| #define HAVE_FSTATFS 1
| #define HAVE_FUTIMENS 1
| #define HAVE_FUTIMES 1
| #define HAVE_FUTIMESAT 1
| #define HAVE_GETADDRINFO 1
| /* end confdefs.h.  */
| /* Define getattrlist to an innocuous variant, in case <limits.h> declares getattrlist.
|    For example, HP-UX 11i <limits.h> declares gettimeofday.  */
| #define getattrlist innocuous_getattrlist
| 
| /* System header to define __stub macros and hopefully few prototypes,
|    which can conflict with char getattrlist (void); below.  */
| 
| #include <limits.h>
| #undef getattrlist
| 
| /* Override any GCC internal prototype to avoid an error.
|    Use char because int might match the return type of a GCC
|    builtin and then its argument prototype would still apply.  */
| #ifdef __cplusplus
| extern "C"
| #endif
| char getattrlist (void);
| /* The GNU C library defines this for functions which it implements
|     to always fail with ENOSYS.  Some functions are actually named
|     something starting with __ and the normal name is an alias.  */
| #if defined __stub_getattrlist || defined __stub___getattrlist
| choke me
| #endif
| 
| int
| main (void)
| {
| return getattrlist ();
|   ;
|   return 0;
| }
configure:21361: result: no
configure:21367: checking for getauxval
configure:21367: gcc -m64 -o conftest -g -O2 -U_FORTIFY_SOURCE -D_FORTIFY_SOURCE=0    conftest.c  >&5
configure:21367: $? = 0
configure:21367: result: yes
configure:21373: checking for getifaddrs
configure:21373: gcc -m64 -o conftest -g -O2 -U_FORTIFY_SOURCE -D_FORTIFY_SOURCE=0    conftest.c  >&5
configure:21373: $? = 0
configure:21373: result: yes
configure:21379: checking for getrandom
configure:21379: gcc -m64 -o conftest -g -O2 -U_FORTIFY_SOURCE -D_FORTIFY_SOURCE=0    conftest.c  >&5
configure:21379: $? = 0
configure:21379: result: yes
configure:21385: checking for kqueue
configure:21385: gcc -m64 -o conftest -g -O2 -U_FORTIFY_SOURCE -D_FORTIFY_SOURCE=0    conftest.c  >&5
/usr/bin/ld: /tmp/cc1lEXfP.o: in function `main':
/home/user/WineEX/conftest.c:165:(.text.startup+0x9): undefined reference to `kqueue'
collect2: error: ld returned 1 exit status
configure:21385: $? = 1
configure: failed program was:
| /* confdefs.h */
| #define PACKAGE_NAME "Wine"
| #define PACKAGE_TARNAME "wine"
| #define PACKAGE_VERSION "11.15"
| #define PACKAGE_STRING "Wine 11.15"
| #define PACKAGE_BUGREPORT "wine-devel@winehq.org"
| #define PACKAGE_URL "https://www.winehq.org"
| #define EXEEXT ""
| #define HAVE_STDIO_H 1
| #define HAVE_STDLIB_H 1
| #define HAVE_STRING_H 1
| #define HAVE_INTTYPES_H 1
| #define HAVE_STDINT_H 1
| #define HAVE_STRINGS_H 1
| #define HAVE_SYS_STAT_H 1
| #define HAVE_SYS_TYPES_H 1
| #define HAVE_UNISTD_H 1
| #define STDC_HEADERS 1
| #define HAVE_ARPA_INET_H 1
| #define HAVE_ARPA_NAMESER_H 1
| #define HAVE_ASM_TERMBITS_H 1
| #define HAVE_ASM_TYPES_H 1
| #define HAVE_ELF_H 1
| #define HAVE_LINK_H 1
| #define HAVE_LINUX_CDROM_H 1
| #define HAVE_LINUX_ERRQUEUE_H 1
| #define HAVE_LINUX_FILTER_H 1
| #define HAVE_LINUX_FS_H 1
| #define HAVE_LINUX_HDREG_H 1
| #define HAVE_LINUX_HIDRAW_H 1
| #define HAVE_LINUX_INPUT_H 1
| #define HAVE_LINUX_IOCTL_H 1
| #define HAVE_LINUX_MAJOR_H 1
| #define HAVE_LINUX_MEMFD_H 1
| #define HAVE_LINUX_PARAM_H 1
| #define HAVE_LINUX_SERIAL_H 1
| #define HAVE_LINUX_TYPES_H 1
| #define HAVE_LINUX_USERFAULTFD_H 1
| #define HAVE_LINUX_WIRELESS_H 1
| #define HAVE_MNTENT_H 1
| #define HAVE_NETDB_H 1
| #define HAVE_NETINET_IN_H 1
| #define HAVE_NETINET_IN_SYSTM_H 1
| #define HAVE_NETINET_TCP_H 1
| #define HAVE_PWD_H 1
| #define HAVE_SCHED_H 1
| #define HAVE_SCSI_SCSI_H 1
| #define HAVE_SCSI_SCSI_IOCTL_H 1
| #define HAVE_SCSI_SG_H 1
| #define HAVE_SYS_AUXV_H 1
| #define HAVE_SYS_EPOLL_H 1
| #define HAVE_SYS_IPC_H 1
| #define HAVE_SYS_MTIO_H 1
| #define HAVE_SYS_PARAM_H 1
| #define HAVE_SYS_PERSONALITY_H 1
| #define HAVE_SYS_PRCTL_H 1
| #define HAVE_SYS_PTRACE_H 1
| #define HAVE_SYS_QUEUE_H 1
| #define HAVE_SYS_RANDOM_H 1
| #define HAVE_SYS_RESOURCE_H 1
| #define HAVE_SYS_SHM_H 1
| #define HAVE_SYS_SIGNAL_H 1
| #define HAVE_SYS_SOCKETVAR_H 1
| #define HAVE_SYS_STATVFS_H 1
| #define HAVE_SYS_SYSCALL_H 1
| #define HAVE_SYS_SYSINFO_H 1
| #define HAVE_SYS_TIMES_H 1
| #define HAVE_SYS_UIO_H 1
| #define HAVE_SYS_USER_H 1
| #define HAVE_SYS_UTSNAME_H 1
| #define HAVE_SYS_XATTR_H 1
| #define HAVE_SYSCALL_H 1
| #define HAVE_UTIME_H 1
| #define HAVE_VALGRIND_MEMCHECK_H 1
| #define HAVE_VALGRIND_VALGRIND_H 1
| #define MAJOR_IN_SYSMACROS 1
| #define HAVE_SYS_MOUNT_H 1
| #define HAVE_SYS_STATFS_H 1
| #define HAVE_SYS_USER_H 1
| #define HAVE_SYS_VFS_H 1
| #define HAVE_NETINET_IP_H 1
| #define HAVE_NET_IF_H 1
| #define HAVE_NET_IF_ARP_H 1
| #define HAVE_NET_ROUTE_H 1
| #define HAVE_NETINET_IF_ETHER_H 1
| #define HAVE_NETINET_IP_ICMP_H 1
| #define HAVE_NETINET_UDP_H 1
| #define HAVE_NETIPX_IPX_H 1
| #define HAVE_SYS_UN_H 1
| #define HAVE_NETINET_ICMP6_H 1
| #define HAVE_LINUX_RTNETLINK_H 1
| #define HAVE_RESOLV_H 1
| #define HAVE_IFADDRS_H 1
| #define HAVE_SYS_UCONTEXT_H 1
| #define HAVE_LINUX_VIDEODEV2_H 1
| #define _GNU_SOURCE 1
| #define SONAME_LIBX11 "libX11.so.6"
| #define SONAME_LIBXEXT "libXext.so.6"
| #define HAVE_X11_EXTENSIONS_SHAPE_H 1
| #define HAVE_X11_EXTENSIONS_XINPUT2_H 1
| #define HAVE_X11_EXTENSIONS_XSHM_H 1
| #define HAVE_X11_EXTENSIONS_XFIXES_H 1
| #define HAVE_X11_EXTENSIONS_XRANDR_H 1
| #define HAVE_X11_EXTENSIONS_XRENDER_H 1
| #define HAVE_X11_EXTENSIONS_XF86VMPROTO_H 1
| #define SONAME_LIBXCURSOR "libXcursor.so.1"
| #define SONAME_LIBXI "libXi.so.6"
| #define HAVE_LIBXXSHM 1
| #define HAVE_LIBXSHAPE 1
| #define SONAME_LIBXRENDER "libXrender.so.1"
| #define HAVE_XRENDERSETPICTURETRANSFORM 1
| #define HAVE_XRENDERCREATELINEARGRADIENT 1
| #define SONAME_LIBXRANDR "libXrandr.so.2"
| #define HAVE_XRRGETPROVIDERRESOURCES 1
| #define SONAME_LIBXFIXES "libXfixes.so.3"
| #define HAVE_XICCALLBACK_CALLBACK 1
| #define HAVE_XEVENT_XCOOKIE 1
| #define HAVE_SYS_INOTIFY_H 1
| #define HAVE_RESOLV 1
| #define HAVE_FT2BUILD_H 1
| #define SONAME_LIBFREETYPE "libfreetype.so.6"
| #define SONAME_LIBFONTCONFIG "libfontconfig.so.1"
| #define SONAME_LIBODBC "libodbc.so"
| #define HAVE_WINE_PRELOADER 1
| #define HAVE_DLADDR1 1
| #define HAVE_DLINFO 1
| #define HAVE_EPOLL_CREATE 1
| #define HAVE_EPOLL_PWAIT2 1
| #define HAVE_FSTATFS 1
| #define HAVE_FUTIMENS 1
| #define HAVE_FUTIMES 1
| #define HAVE_FUTIMESAT 1
| #define HAVE_GETADDRINFO 1
| #define HAVE_GETAUXVAL 1
| #define HAVE_GETIFADDRS 1
| #define HAVE_GETRANDOM 1
| /* end confdefs.h.  */
| /* Define kqueue to an innocuous variant, in case <limits.h> declares kqueue.
|    For example, HP-UX 11i <limits.h> declares gettimeofday.  */
| #define kqueue innocuous_kqueue
| 
| /* System header to define __stub macros and hopefully few prototypes,
|    which can conflict with char kqueue (void); below.  */
| 
| #include <limits.h>
| #undef kqueue
| 
| /* Override any GCC internal prototype to avoid an error.
|    Use char because int might match the return type of a GCC
|    builtin and then its argument prototype would still apply.  */
| #ifdef __cplusplus
| extern "C"
| #endif
| char kqueue (void);
| /* The GNU C library defines this for functions which it implements
|     to always fail with ENOSYS.  Some functions are actually named
|     something starting with __ and the normal name is an alias.  */
| #if defined __stub_kqueue || defined __stub___kqueue
| choke me
| #endif
| 
| int
| main (void)
| {
| return kqueue ();
|   ;
|   return 0;
| }
configure:21385: result: no
configure:21391: checking for memfd_create
configure:21391: gcc -m64 -o conftest -g -O2 -U_FORTIFY_SOURCE -D_FORTIFY_SOURCE=0    conftest.c  >&5
configure:21391: $? = 0
configure:21391: result: yes
configure:21397: checking for pipe2
configure:21397: gcc -m64 -o conftest -g -O2 -U_FORTIFY_SOURCE -D_FORTIFY_SOURCE=0    conftest.c  >&5
configure:21397: $? = 0
configure:21397: result: yes
configure:21403: checking for port_create
configure:21403: gcc -m64 -o conftest -g -O2 -U_FORTIFY_SOURCE -D_FORTIFY_SOURCE=0    conftest.c  >&5
/usr/bin/ld: /tmp/cck0jjLi.o: in function `main':
/home/user/WineEX/conftest.c:167:(.text.startup+0x9): undefined reference to `port_create'
collect2: error: ld returned 1 exit status
configure:21403: $? = 1
configure: failed program was:
| /* confdefs.h */
| #define PACKAGE_NAME "Wine"
| #define PACKAGE_TARNAME "wine"
| #define PACKAGE_VERSION "11.15"
| #define PACKAGE_STRING "Wine 11.15"
| #define PACKAGE_BUGREPORT "wine-devel@winehq.org"
| #define PACKAGE_URL "https://www.winehq.org"
| #define EXEEXT ""
| #define HAVE_STDIO_H 1
| #define HAVE_STDLIB_H 1
| #define HAVE_STRING_H 1
| #define HAVE_INTTYPES_H 1
| #define HAVE_STDINT_H 1
| #define HAVE_STRINGS_H 1
| #define HAVE_SYS_STAT_H 1
| #define HAVE_SYS_TYPES_H 1
| #define HAVE_UNISTD_H 1
| #define STDC_HEADERS 1
| #define HAVE_ARPA_INET_H 1
| #define HAVE_ARPA_NAMESER_H 1
| #define HAVE_ASM_TERMBITS_H 1
| #define HAVE_ASM_TYPES_H 1
| #define HAVE_ELF_H 1
| #define HAVE_LINK_H 1
| #define HAVE_LINUX_CDROM_H 1
| #define HAVE_LINUX_ERRQUEUE_H 1
| #define HAVE_LINUX_FILTER_H 1
| #define HAVE_LINUX_FS_H 1
| #define HAVE_LINUX_HDREG_H 1
| #define HAVE_LINUX_HIDRAW_H 1
| #define HAVE_LINUX_INPUT_H 1
| #define HAVE_LINUX_IOCTL_H 1
| #define HAVE_LINUX_MAJOR_H 1
| #define HAVE_LINUX_MEMFD_H 1
| #define HAVE_LINUX_PARAM_H 1
| #define HAVE_LINUX_SERIAL_H 1
| #define HAVE_LINUX_TYPES_H 1
| #define HAVE_LINUX_USERFAULTFD_H 1
| #define HAVE_LINUX_WIRELESS_H 1
| #define HAVE_MNTENT_H 1
| #define HAVE_NETDB_H 1
| #define HAVE_NETINET_IN_H 1
| #define HAVE_NETINET_IN_SYSTM_H 1
| #define HAVE_NETINET_TCP_H 1
| #define HAVE_PWD_H 1
| #define HAVE_SCHED_H 1
| #define HAVE_SCSI_SCSI_H 1
| #define HAVE_SCSI_SCSI_IOCTL_H 1
| #define HAVE_SCSI_SG_H 1
| #define HAVE_SYS_AUXV_H 1
| #define HAVE_SYS_EPOLL_H 1
| #define HAVE_SYS_IPC_H 1
| #define HAVE_SYS_MTIO_H 1
| #define HAVE_SYS_PARAM_H 1
| #define HAVE_SYS_PERSONALITY_H 1
| #define HAVE_SYS_PRCTL_H 1
| #define HAVE_SYS_PTRACE_H 1
| #define HAVE_SYS_QUEUE_H 1
| #define HAVE_SYS_RANDOM_H 1
| #define HAVE_SYS_RESOURCE_H 1
| #define HAVE_SYS_SHM_H 1
| #define HAVE_SYS_SIGNAL_H 1
| #define HAVE_SYS_SOCKETVAR_H 1
| #define HAVE_SYS_STATVFS_H 1
| #define HAVE_SYS_SYSCALL_H 1
| #define HAVE_SYS_SYSINFO_H 1
| #define HAVE_SYS_TIMES_H 1
| #define HAVE_SYS_UIO_H 1
| #define HAVE_SYS_USER_H 1
| #define HAVE_SYS_UTSNAME_H 1
| #define HAVE_SYS_XATTR_H 1
| #define HAVE_SYSCALL_H 1
| #define HAVE_UTIME_H 1
| #define HAVE_VALGRIND_MEMCHECK_H 1
| #define HAVE_VALGRIND_VALGRIND_H 1
| #define MAJOR_IN_SYSMACROS 1
| #define HAVE_SYS_MOUNT_H 1
| #define HAVE_SYS_STATFS_H 1
| #define HAVE_SYS_USER_H 1
| #define HAVE_SYS_VFS_H 1
| #define HAVE_NETINET_IP_H 1
| #define HAVE_NET_IF_H 1
| #define HAVE_NET_IF_ARP_H 1
| #define HAVE_NET_ROUTE_H 1
| #define HAVE_NETINET_IF_ETHER_H 1
| #define HAVE_NETINET_IP_ICMP_H 1
| #define HAVE_NETINET_UDP_H 1
| #define HAVE_NETIPX_IPX_H 1
| #define HAVE_SYS_UN_H 1
| #define HAVE_NETINET_ICMP6_H 1
| #define HAVE_LINUX_RTNETLINK_H 1
| #define HAVE_RESOLV_H 1
| #define HAVE_IFADDRS_H 1
| #define HAVE_SYS_UCONTEXT_H 1
| #define HAVE_LINUX_VIDEODEV2_H 1
| #define _GNU_SOURCE 1
| #define SONAME_LIBX11 "libX11.so.6"
| #define SONAME_LIBXEXT "libXext.so.6"
| #define HAVE_X11_EXTENSIONS_SHAPE_H 1
| #define HAVE_X11_EXTENSIONS_XINPUT2_H 1
| #define HAVE_X11_EXTENSIONS_XSHM_H 1
| #define HAVE_X11_EXTENSIONS_XFIXES_H 1
| #define HAVE_X11_EXTENSIONS_XRANDR_H 1
| #define HAVE_X11_EXTENSIONS_XRENDER_H 1
| #define HAVE_X11_EXTENSIONS_XF86VMPROTO_H 1
| #define SONAME_LIBXCURSOR "libXcursor.so.1"
| #define SONAME_LIBXI "libXi.so.6"
| #define HAVE_LIBXXSHM 1
| #define HAVE_LIBXSHAPE 1
| #define SONAME_LIBXRENDER "libXrender.so.1"
| #define HAVE_XRENDERSETPICTURETRANSFORM 1
| #define HAVE_XRENDERCREATELINEARGRADIENT 1
| #define SONAME_LIBXRANDR "libXrandr.so.2"
| #define HAVE_XRRGETPROVIDERRESOURCES 1
| #define SONAME_LIBXFIXES "libXfixes.so.3"
| #define HAVE_XICCALLBACK_CALLBACK 1
| #define HAVE_XEVENT_XCOOKIE 1
| #define HAVE_SYS_INOTIFY_H 1
| #define HAVE_RESOLV 1
| #define HAVE_FT2BUILD_H 1
| #define SONAME_LIBFREETYPE "libfreetype.so.6"
| #define SONAME_LIBFONTCONFIG "libfontconfig.so.1"
| #define SONAME_LIBODBC "libodbc.so"
| #define HAVE_WINE_PRELOADER 1
| #define HAVE_DLADDR1 1
| #define HAVE_DLINFO 1
| #define HAVE_EPOLL_CREATE 1
| #define HAVE_EPOLL_PWAIT2 1
| #define HAVE_FSTATFS 1
| #define HAVE_FUTIMENS 1
| #define HAVE_FUTIMES 1
| #define HAVE_FUTIMESAT 1
| #define HAVE_GETADDRINFO 1
| #define HAVE_GETAUXVAL 1
| #define HAVE_GETIFADDRS 1
| #define HAVE_GETRANDOM 1
| #define HAVE_MEMFD_CREATE 1
| #define HAVE_PIPE2 1
| /* end confdefs.h.  */
| /* Define port_create to an innocuous variant, in case <limits.h> declares port_create.
|    For example, HP-UX 11i <limits.h> declares gettimeofday.  */
| #define port_create innocuous_port_create
| 
| /* System header to define __stub macros and hopefully few prototypes,
|    which can conflict with char port_create (void); below.  */
| 
| #include <limits.h>
| #undef port_create
| 
| /* Override any GCC internal prototype to avoid an error.
|    Use char because int might match the return type of a GCC
|    builtin and then its argument prototype would still apply.  */
| #ifdef __cplusplus
| extern "C"
| #endif
| char port_create (void);
| /* The GNU C library defines this for functions which it implements
|     to always fail with ENOSYS.  Some functions are actually named
|     something starting with __ and the normal name is an alias.  */
| #if defined __stub_port_create || defined __stub___port_create
| choke me
| #endif
| 
| int
| main (void)
| {
| return port_create ();
|   ;
|   return 0;
| }
configure:21403: result: no
configure:21409: checking for posix_fadvise
configure:21409: gcc -m64 -o conftest -g -O2 -U_FORTIFY_SOURCE -D_FORTIFY_SOURCE=0    conftest.c  >&5
configure:21409: $? = 0
configure:21409: result: yes
configure:21415: checking for posix_fallocate
configure:21415: gcc -m64 -o conftest -g -O2 -U_FORTIFY_SOURCE -D_FORTIFY_SOURCE=0    conftest.c  >&5
configure:21415: $? = 0
configure:21415: result: yes
configure:21421: checking for prctl
configure:21421: gcc -m64 -o conftest -g -O2 -U_FORTIFY_SOURCE -D_FORTIFY_SOURCE=0    conftest.c  >&5
configure:21421: $? = 0
configure:21421: result: yes
configure:21427: checking for process_vm_readv
configure:21427: gcc -m64 -o conftest -g -O2 -U_FORTIFY_SOURCE -D_FORTIFY_SOURCE=0    conftest.c  >&5
configure:21427: $? = 0
configure:21427: result: yes
configure:21433: checking for process_vm_writev
configure:21433: gcc -m64 -o conftest -g -O2 -U_FORTIFY_SOURCE -D_FORTIFY_SOURCE=0    conftest.c  >&5
configure:21433: $? = 0
configure:21433: result: yes
configure:21439: checking for sched_getcpu
configure:21439: gcc -m64 -o conftest -g -O2 -U_FORTIFY_SOURCE -D_FORTIFY_SOURCE=0    conftest.c  >&5
configure:21439: $? = 0
configure:21439: result: yes
configure:21445: checking for sched_yield
configure:21445: gcc -m64 -o conftest -g -O2 -U_FORTIFY_SOURCE -D_FORTIFY_SOURCE=0    conftest.c  >&5
configure:21445: $? = 0
configure:21445: result: yes
configure:21451: checking for setproctitle
configure:21451: gcc -m64 -o conftest -g -O2 -U_FORTIFY_SOURCE -D_FORTIFY_SOURCE=0    conftest.c  >&5
/usr/bin/ld: /tmp/cclNLRko.o: in function `main':
/home/user/WineEX/conftest.c:174:(.text.startup+0x9): undefined reference to `setproctitle'
collect2: error: ld returned 1 exit status
configure:21451: $? = 1
configure: failed program was:
| /* confdefs.h */
| #define PACKAGE_NAME "Wine"
| #define PACKAGE_TARNAME "wine"
| #define PACKAGE_VERSION "11.15"
| #define PACKAGE_STRING "Wine 11.15"
| #define PACKAGE_BUGREPORT "wine-devel@winehq.org"
| #define PACKAGE_URL "https://www.winehq.org"
| #define EXEEXT ""
| #define HAVE_STDIO_H 1
| #define HAVE_STDLIB_H 1
| #define HAVE_STRING_H 1
| #define HAVE_INTTYPES_H 1
| #define HAVE_STDINT_H 1
| #define HAVE_STRINGS_H 1
| #define HAVE_SYS_STAT_H 1
| #define HAVE_SYS_TYPES_H 1
| #define HAVE_UNISTD_H 1
| #define STDC_HEADERS 1
| #define HAVE_ARPA_INET_H 1
| #define HAVE_ARPA_NAMESER_H 1
| #define HAVE_ASM_TERMBITS_H 1
| #define HAVE_ASM_TYPES_H 1
| #define HAVE_ELF_H 1
| #define HAVE_LINK_H 1
| #define HAVE_LINUX_CDROM_H 1
| #define HAVE_LINUX_ERRQUEUE_H 1
| #define HAVE_LINUX_FILTER_H 1
| #define HAVE_LINUX_FS_H 1
| #define HAVE_LINUX_HDREG_H 1
| #define HAVE_LINUX_HIDRAW_H 1
| #define HAVE_LINUX_INPUT_H 1
| #define HAVE_LINUX_IOCTL_H 1
| #define HAVE_LINUX_MAJOR_H 1
| #define HAVE_LINUX_MEMFD_H 1
| #define HAVE_LINUX_PARAM_H 1
| #define HAVE_LINUX_SERIAL_H 1
| #define HAVE_LINUX_TYPES_H 1
| #define HAVE_LINUX_USERFAULTFD_H 1
| #define HAVE_LINUX_WIRELESS_H 1
| #define HAVE_MNTENT_H 1
| #define HAVE_NETDB_H 1
| #define HAVE_NETINET_IN_H 1
| #define HAVE_NETINET_IN_SYSTM_H 1
| #define HAVE_NETINET_TCP_H 1
| #define HAVE_PWD_H 1
| #define HAVE_SCHED_H 1
| #define HAVE_SCSI_SCSI_H 1
| #define HAVE_SCSI_SCSI_IOCTL_H 1
| #define HAVE_SCSI_SG_H 1
| #define HAVE_SYS_AUXV_H 1
| #define HAVE_SYS_EPOLL_H 1
| #define HAVE_SYS_IPC_H 1
| #define HAVE_SYS_MTIO_H 1
| #define HAVE_SYS_PARAM_H 1
| #define HAVE_SYS_PERSONALITY_H 1
| #define HAVE_SYS_PRCTL_H 1
| #define HAVE_SYS_PTRACE_H 1
| #define HAVE_SYS_QUEUE_H 1
| #define HAVE_SYS_RANDOM_H 1
| #define HAVE_SYS_RESOURCE_H 1
| #define HAVE_SYS_SHM_H 1
| #define HAVE_SYS_SIGNAL_H 1
| #define HAVE_SYS_SOCKETVAR_H 1
| #define HAVE_SYS_STATVFS_H 1
| #define HAVE_SYS_SYSCALL_H 1
| #define HAVE_SYS_SYSINFO_H 1
| #define HAVE_SYS_TIMES_H 1
| #define HAVE_SYS_UIO_H 1
| #define HAVE_SYS_USER_H 1
| #define HAVE_SYS_UTSNAME_H 1
| #define HAVE_SYS_XATTR_H 1
| #define HAVE_SYSCALL_H 1
| #define HAVE_UTIME_H 1
| #define HAVE_VALGRIND_MEMCHECK_H 1
| #define HAVE_VALGRIND_VALGRIND_H 1
| #define MAJOR_IN_SYSMACROS 1
| #define HAVE_SYS_MOUNT_H 1
| #define HAVE_SYS_STATFS_H 1
| #define HAVE_SYS_USER_H 1
| #define HAVE_SYS_VFS_H 1
| #define HAVE_NETINET_IP_H 1
| #define HAVE_NET_IF_H 1
| #define HAVE_NET_IF_ARP_H 1
| #define HAVE_NET_ROUTE_H 1
| #define HAVE_NETINET_IF_ETHER_H 1
| #define HAVE_NETINET_IP_ICMP_H 1
| #define HAVE_NETINET_UDP_H 1
| #define HAVE_NETIPX_IPX_H 1
| #define HAVE_SYS_UN_H 1
| #define HAVE_NETINET_ICMP6_H 1
| #define HAVE_LINUX_RTNETLINK_H 1
| #define HAVE_RESOLV_H 1
| #define HAVE_IFADDRS_H 1
| #define HAVE_SYS_UCONTEXT_H 1
| #define HAVE_LINUX_VIDEODEV2_H 1
| #define _GNU_SOURCE 1
| #define SONAME_LIBX11 "libX11.so.6"
| #define SONAME_LIBXEXT "libXext.so.6"
| #define HAVE_X11_EXTENSIONS_SHAPE_H 1
| #define HAVE_X11_EXTENSIONS_XINPUT2_H 1
| #define HAVE_X11_EXTENSIONS_XSHM_H 1
| #define HAVE_X11_EXTENSIONS_XFIXES_H 1
| #define HAVE_X11_EXTENSIONS_XRANDR_H 1
| #define HAVE_X11_EXTENSIONS_XRENDER_H 1
| #define HAVE_X11_EXTENSIONS_XF86VMPROTO_H 1
| #define SONAME_LIBXCURSOR "libXcursor.so.1"
| #define SONAME_LIBXI "libXi.so.6"
| #define HAVE_LIBXXSHM 1
| #define HAVE_LIBXSHAPE 1
| #define SONAME_LIBXRENDER "libXrender.so.1"
| #define HAVE_XRENDERSETPICTURETRANSFORM 1
| #define HAVE_XRENDERCREATELINEARGRADIENT 1
| #define SONAME_LIBXRANDR "libXrandr.so.2"
| #define HAVE_XRRGETPROVIDERRESOURCES 1
| #define SONAME_LIBXFIXES "libXfixes.so.3"
| #define HAVE_XICCALLBACK_CALLBACK 1
| #define HAVE_XEVENT_XCOOKIE 1
| #define HAVE_SYS_INOTIFY_H 1
| #define HAVE_RESOLV 1
| #define HAVE_FT2BUILD_H 1
| #define SONAME_LIBFREETYPE "libfreetype.so.6"
| #define SONAME_LIBFONTCONFIG "libfontconfig.so.1"
| #define SONAME_LIBODBC "libodbc.so"
| #define HAVE_WINE_PRELOADER 1
| #define HAVE_DLADDR1 1
| #define HAVE_DLINFO 1
| #define HAVE_EPOLL_CREATE 1
| #define HAVE_EPOLL_PWAIT2 1
| #define HAVE_FSTATFS 1
| #define HAVE_FUTIMENS 1
| #define HAVE_FUTIMES 1
| #define HAVE_FUTIMESAT 1
| #define HAVE_GETADDRINFO 1
| #define HAVE_GETAUXVAL 1
| #define HAVE_GETIFADDRS 1
| #define HAVE_GETRANDOM 1
| #define HAVE_MEMFD_CREATE 1
| #define HAVE_PIPE2 1
| #define HAVE_POSIX_FADVISE 1
| #define HAVE_POSIX_FALLOCATE 1
| #define HAVE_PRCTL 1
| #define HAVE_PROCESS_VM_READV 1
| #define HAVE_PROCESS_VM_WRITEV 1
| #define HAVE_SCHED_GETCPU 1
| #define HAVE_SCHED_YIELD 1
| /* end confdefs.h.  */
| /* Define setproctitle to an innocuous variant, in case <limits.h> declares setproctitle.
|    For example, HP-UX 11i <limits.h> declares gettimeofday.  */
| #define setproctitle innocuous_setproctitle
| 
| /* System header to define __stub macros and hopefully few prototypes,
|    which can conflict with char setproctitle (void); below.  */
| 
| #include <limits.h>
| #undef setproctitle
| 
| /* Override any GCC internal prototype to avoid an error.
|    Use char because int might match the return type of a GCC
|    builtin and then its argument prototype would still apply.  */
| #ifdef __cplusplus
| extern "C"
| #endif
| char setproctitle (void);
| /* The GNU C library defines this for functions which it implements
|     to always fail with ENOSYS.  Some functions are actually named
|     something starting with __ and the normal name is an alias.  */
| #if defined __stub_setproctitle || defined __stub___setproctitle
| choke me
| #endif
| 
| int
| main (void)
| {
| return setproctitle ();
|   ;
|   return 0;
| }
configure:21451: result: no
configure:21457: checking for setprogname
configure:21457: gcc -m64 -o conftest -g -O2 -U_FORTIFY_SOURCE -D_FORTIFY_SOURCE=0    conftest.c  >&5
/usr/bin/ld: /tmp/ccm7yN2S.o: in function `main':
/home/user/WineEX/conftest.c:174:(.text.startup+0x9): undefined reference to `setprogname'
collect2: error: ld returned 1 exit status
configure:21457: $? = 1
configure: failed program was:
| /* confdefs.h */
| #define PACKAGE_NAME "Wine"
| #define PACKAGE_TARNAME "wine"
| #define PACKAGE_VERSION "11.15"
| #define PACKAGE_STRING "Wine 11.15"
| #define PACKAGE_BUGREPORT "wine-devel@winehq.org"
| #define PACKAGE_URL "https://www.winehq.org"
| #define EXEEXT ""
| #define HAVE_STDIO_H 1
| #define HAVE_STDLIB_H 1
| #define HAVE_STRING_H 1
| #define HAVE_INTTYPES_H 1
| #define HAVE_STDINT_H 1
| #define HAVE_STRINGS_H 1
| #define HAVE_SYS_STAT_H 1
| #define HAVE_SYS_TYPES_H 1
| #define HAVE_UNISTD_H 1
| #define STDC_HEADERS 1
| #define HAVE_ARPA_INET_H 1
| #define HAVE_ARPA_NAMESER_H 1
| #define HAVE_ASM_TERMBITS_H 1
| #define HAVE_ASM_TYPES_H 1
| #define HAVE_ELF_H 1
| #define HAVE_LINK_H 1
| #define HAVE_LINUX_CDROM_H 1
| #define HAVE_LINUX_ERRQUEUE_H 1
| #define HAVE_LINUX_FILTER_H 1
| #define HAVE_LINUX_FS_H 1
| #define HAVE_LINUX_HDREG_H 1
| #define HAVE_LINUX_HIDRAW_H 1
| #define HAVE_LINUX_INPUT_H 1
| #define HAVE_LINUX_IOCTL_H 1
| #define HAVE_LINUX_MAJOR_H 1
| #define HAVE_LINUX_MEMFD_H 1
| #define HAVE_LINUX_PARAM_H 1
| #define HAVE_LINUX_SERIAL_H 1
| #define HAVE_LINUX_TYPES_H 1
| #define HAVE_LINUX_USERFAULTFD_H 1
| #define HAVE_LINUX_WIRELESS_H 1
| #define HAVE_MNTENT_H 1
| #define HAVE_NETDB_H 1
| #define HAVE_NETINET_IN_H 1
| #define HAVE_NETINET_IN_SYSTM_H 1
| #define HAVE_NETINET_TCP_H 1
| #define HAVE_PWD_H 1
| #define HAVE_SCHED_H 1
| #define HAVE_SCSI_SCSI_H 1
| #define HAVE_SCSI_SCSI_IOCTL_H 1
| #define HAVE_SCSI_SG_H 1
| #define HAVE_SYS_AUXV_H 1
| #define HAVE_SYS_EPOLL_H 1
| #define HAVE_SYS_IPC_H 1
| #define HAVE_SYS_MTIO_H 1
| #define HAVE_SYS_PARAM_H 1
| #define HAVE_SYS_PERSONALITY_H 1
| #define HAVE_SYS_PRCTL_H 1
| #define HAVE_SYS_PTRACE_H 1
| #define HAVE_SYS_QUEUE_H 1
| #define HAVE_SYS_RANDOM_H 1
| #define HAVE_SYS_RESOURCE_H 1
| #define HAVE_SYS_SHM_H 1
| #define HAVE_SYS_SIGNAL_H 1
| #define HAVE_SYS_SOCKETVAR_H 1
| #define HAVE_SYS_STATVFS_H 1
| #define HAVE_SYS_SYSCALL_H 1
| #define HAVE_SYS_SYSINFO_H 1
| #define HAVE_SYS_TIMES_H 1
| #define HAVE_SYS_UIO_H 1
| #define HAVE_SYS_USER_H 1
| #define HAVE_SYS_UTSNAME_H 1
| #define HAVE_SYS_XATTR_H 1
| #define HAVE_SYSCALL_H 1
| #define HAVE_UTIME_H 1
| #define HAVE_VALGRIND_MEMCHECK_H 1
| #define HAVE_VALGRIND_VALGRIND_H 1
| #define MAJOR_IN_SYSMACROS 1
| #define HAVE_SYS_MOUNT_H 1
| #define HAVE_SYS_STATFS_H 1
| #define HAVE_SYS_USER_H 1
| #define HAVE_SYS_VFS_H 1
| #define HAVE_NETINET_IP_H 1
| #define HAVE_NET_IF_H 1
| #define HAVE_NET_IF_ARP_H 1
| #define HAVE_NET_ROUTE_H 1
| #define HAVE_NETINET_IF_ETHER_H 1
| #define HAVE_NETINET_IP_ICMP_H 1
| #define HAVE_NETINET_UDP_H 1
| #define HAVE_NETIPX_IPX_H 1
| #define HAVE_SYS_UN_H 1
| #define HAVE_NETINET_ICMP6_H 1
| #define HAVE_LINUX_RTNETLINK_H 1
| #define HAVE_RESOLV_H 1
| #define HAVE_IFADDRS_H 1
| #define HAVE_SYS_UCONTEXT_H 1
| #define HAVE_LINUX_VIDEODEV2_H 1
| #define _GNU_SOURCE 1
| #define SONAME_LIBX11 "libX11.so.6"
| #define SONAME_LIBXEXT "libXext.so.6"
| #define HAVE_X11_EXTENSIONS_SHAPE_H 1
| #define HAVE_X11_EXTENSIONS_XINPUT2_H 1
| #define HAVE_X11_EXTENSIONS_XSHM_H 1
| #define HAVE_X11_EXTENSIONS_XFIXES_H 1
| #define HAVE_X11_EXTENSIONS_XRANDR_H 1
| #define HAVE_X11_EXTENSIONS_XRENDER_H 1
| #define HAVE_X11_EXTENSIONS_XF86VMPROTO_H 1
| #define SONAME_LIBXCURSOR "libXcursor.so.1"
| #define SONAME_LIBXI "libXi.so.6"
| #define HAVE_LIBXXSHM 1
| #define HAVE_LIBXSHAPE 1
| #define SONAME_LIBXRENDER "libXrender.so.1"
| #define HAVE_XRENDERSETPICTURETRANSFORM 1
| #define HAVE_XRENDERCREATELINEARGRADIENT 1
| #define SONAME_LIBXRANDR "libXrandr.so.2"
| #define HAVE_XRRGETPROVIDERRESOURCES 1
| #define SONAME_LIBXFIXES "libXfixes.so.3"
| #define HAVE_XICCALLBACK_CALLBACK 1
| #define HAVE_XEVENT_XCOOKIE 1
| #define HAVE_SYS_INOTIFY_H 1
| #define HAVE_RESOLV 1
| #define HAVE_FT2BUILD_H 1
| #define SONAME_LIBFREETYPE "libfreetype.so.6"
| #define SONAME_LIBFONTCONFIG "libfontconfig.so.1"
| #define SONAME_LIBODBC "libodbc.so"
| #define HAVE_WINE_PRELOADER 1
| #define HAVE_DLADDR1 1
| #define HAVE_DLINFO 1
| #define HAVE_EPOLL_CREATE 1
| #define HAVE_EPOLL_PWAIT2 1
| #define HAVE_FSTATFS 1
| #define HAVE_FUTIMENS 1
| #define HAVE_FUTIMES 1
| #define HAVE_FUTIMESAT 1
| #define HAVE_GETADDRINFO 1
| #define HAVE_GETAUXVAL 1
| #define HAVE_GETIFADDRS 1
| #define HAVE_GETRANDOM 1
| #define HAVE_MEMFD_CREATE 1
| #define HAVE_PIPE2 1
| #define HAVE_POSIX_FADVISE 1
| #define HAVE_POSIX_FALLOCATE 1
| #define HAVE_PRCTL 1
| #define HAVE_PROCESS_VM_READV 1
| #define HAVE_PROCESS_VM_WRITEV 1
| #define HAVE_SCHED_GETCPU 1
| #define HAVE_SCHED_YIELD 1
| /* end confdefs.h.  */
| /* Define setprogname to an innocuous variant, in case <limits.h> declares setprogname.
|    For example, HP-UX 11i <limits.h> declares gettimeofday.  */
| #define setprogname innocuous_setprogname
| 
| /* System header to define __stub macros and hopefully few prototypes,
|    which can conflict with char setprogname (void); below.  */
| 
| #include <limits.h>
| #undef setprogname
| 
| /* Override any GCC internal prototype to avoid an error.
|    Use char because int might match the return type of a GCC
|    builtin and then its argument prototype would still apply.  */
| #ifdef __cplusplus
| extern "C"
| #endif
| char setprogname (void);
| /* The GNU C library defines this for functions which it implements
|     to always fail with ENOSYS.  Some functions are actually named
|     something starting with __ and the normal name is an alias.  */
| #if defined __stub_setprogname || defined __stub___setprogname
| choke me
| #endif
| 
| int
| main (void)
| {
| return setprogname ();
|   ;
|   return 0;
| }
configure:21457: result: no
configure:21463: checking for sigprocmask
configure:21463: gcc -m64 -o conftest -g -O2 -U_FORTIFY_SOURCE -D_FORTIFY_SOURCE=0    conftest.c  >&5
configure:21463: $? = 0
configure:21463: result: yes
configure:21469: checking for sysinfo
configure:21469: gcc -m64 -o conftest -g -O2 -U_FORTIFY_SOURCE -D_FORTIFY_SOURCE=0    conftest.c  >&5
configure:21469: $? = 0
configure:21469: result: yes
configure:21475: checking for tcdrain
configure:21475: gcc -m64 -o conftest -g -O2 -U_FORTIFY_SOURCE -D_FORTIFY_SOURCE=0    conftest.c  >&5
configure:21475: $? = 0
configure:21475: result: yes
configure:21481: checking for thr_kill2
configure:21481: gcc -m64 -o conftest -g -O2 -U_FORTIFY_SOURCE -D_FORTIFY_SOURCE=0    conftest.c  >&5
/usr/bin/ld: /tmp/cc3GLjZ1.o: in function `main':
/home/user/WineEX/conftest.c:177:(.text.startup+0x9): undefined reference to `thr_kill2'
collect2: error: ld returned 1 exit status
configure:21481: $? = 1
configure: failed program was:
| /* confdefs.h */
| #define PACKAGE_NAME "Wine"
| #define PACKAGE_TARNAME "wine"
| #define PACKAGE_VERSION "11.15"
| #define PACKAGE_STRING "Wine 11.15"
| #define PACKAGE_BUGREPORT "wine-devel@winehq.org"
| #define PACKAGE_URL "https://www.winehq.org"
| #define EXEEXT ""
| #define HAVE_STDIO_H 1
| #define HAVE_STDLIB_H 1
| #define HAVE_STRING_H 1
| #define HAVE_INTTYPES_H 1
| #define HAVE_STDINT_H 1
| #define HAVE_STRINGS_H 1
| #define HAVE_SYS_STAT_H 1
| #define HAVE_SYS_TYPES_H 1
| #define HAVE_UNISTD_H 1
| #define STDC_HEADERS 1
| #define HAVE_ARPA_INET_H 1
| #define HAVE_ARPA_NAMESER_H 1
| #define HAVE_ASM_TERMBITS_H 1
| #define HAVE_ASM_TYPES_H 1
| #define HAVE_ELF_H 1
| #define HAVE_LINK_H 1
| #define HAVE_LINUX_CDROM_H 1
| #define HAVE_LINUX_ERRQUEUE_H 1
| #define HAVE_LINUX_FILTER_H 1
| #define HAVE_LINUX_FS_H 1
| #define HAVE_LINUX_HDREG_H 1
| #define HAVE_LINUX_HIDRAW_H 1
| #define HAVE_LINUX_INPUT_H 1
| #define HAVE_LINUX_IOCTL_H 1
| #define HAVE_LINUX_MAJOR_H 1
| #define HAVE_LINUX_MEMFD_H 1
| #define HAVE_LINUX_PARAM_H 1
| #define HAVE_LINUX_SERIAL_H 1
| #define HAVE_LINUX_TYPES_H 1
| #define HAVE_LINUX_USERFAULTFD_H 1
| #define HAVE_LINUX_WIRELESS_H 1
| #define HAVE_MNTENT_H 1
| #define HAVE_NETDB_H 1
| #define HAVE_NETINET_IN_H 1
| #define HAVE_NETINET_IN_SYSTM_H 1
| #define HAVE_NETINET_TCP_H 1
| #define HAVE_PWD_H 1
| #define HAVE_SCHED_H 1
| #define HAVE_SCSI_SCSI_H 1
| #define HAVE_SCSI_SCSI_IOCTL_H 1
| #define HAVE_SCSI_SG_H 1
| #define HAVE_SYS_AUXV_H 1
| #define HAVE_SYS_EPOLL_H 1
| #define HAVE_SYS_IPC_H 1
| #define HAVE_SYS_MTIO_H 1
| #define HAVE_SYS_PARAM_H 1
| #define HAVE_SYS_PERSONALITY_H 1
| #define HAVE_SYS_PRCTL_H 1
| #define HAVE_SYS_PTRACE_H 1
| #define HAVE_SYS_QUEUE_H 1
| #define HAVE_SYS_RANDOM_H 1
| #define HAVE_SYS_RESOURCE_H 1
| #define HAVE_SYS_SHM_H 1
| #define HAVE_SYS_SIGNAL_H 1
| #define HAVE_SYS_SOCKETVAR_H 1
| #define HAVE_SYS_STATVFS_H 1
| #define HAVE_SYS_SYSCALL_H 1
| #define HAVE_SYS_SYSINFO_H 1
| #define HAVE_SYS_TIMES_H 1
| #define HAVE_SYS_UIO_H 1
| #define HAVE_SYS_USER_H 1
| #define HAVE_SYS_UTSNAME_H 1
| #define HAVE_SYS_XATTR_H 1
| #define HAVE_SYSCALL_H 1
| #define HAVE_UTIME_H 1
| #define HAVE_VALGRIND_MEMCHECK_H 1
| #define HAVE_VALGRIND_VALGRIND_H 1
| #define MAJOR_IN_SYSMACROS 1
| #define HAVE_SYS_MOUNT_H 1
| #define HAVE_SYS_STATFS_H 1
| #define HAVE_SYS_USER_H 1
| #define HAVE_SYS_VFS_H 1
| #define HAVE_NETINET_IP_H 1
| #define HAVE_NET_IF_H 1
| #define HAVE_NET_IF_ARP_H 1
| #define HAVE_NET_ROUTE_H 1
| #define HAVE_NETINET_IF_ETHER_H 1
| #define HAVE_NETINET_IP_ICMP_H 1
| #define HAVE_NETINET_UDP_H 1
| #define HAVE_NETIPX_IPX_H 1
| #define HAVE_SYS_UN_H 1
| #define HAVE_NETINET_ICMP6_H 1
| #define HAVE_LINUX_RTNETLINK_H 1
| #define HAVE_RESOLV_H 1
| #define HAVE_IFADDRS_H 1
| #define HAVE_SYS_UCONTEXT_H 1
| #define HAVE_LINUX_VIDEODEV2_H 1
| #define _GNU_SOURCE 1
| #define SONAME_LIBX11 "libX11.so.6"
| #define SONAME_LIBXEXT "libXext.so.6"
| #define HAVE_X11_EXTENSIONS_SHAPE_H 1
| #define HAVE_X11_EXTENSIONS_XINPUT2_H 1
| #define HAVE_X11_EXTENSIONS_XSHM_H 1
| #define HAVE_X11_EXTENSIONS_XFIXES_H 1
| #define HAVE_X11_EXTENSIONS_XRANDR_H 1
| #define HAVE_X11_EXTENSIONS_XRENDER_H 1
| #define HAVE_X11_EXTENSIONS_XF86VMPROTO_H 1
| #define SONAME_LIBXCURSOR "libXcursor.so.1"
| #define SONAME_LIBXI "libXi.so.6"
| #define HAVE_LIBXXSHM 1
| #define HAVE_LIBXSHAPE 1
| #define SONAME_LIBXRENDER "libXrender.so.1"
| #define HAVE_XRENDERSETPICTURETRANSFORM 1
| #define HAVE_XRENDERCREATELINEARGRADIENT 1
| #define SONAME_LIBXRANDR "libXrandr.so.2"
| #define HAVE_XRRGETPROVIDERRESOURCES 1
| #define SONAME_LIBXFIXES "libXfixes.so.3"
| #define HAVE_XICCALLBACK_CALLBACK 1
| #define HAVE_XEVENT_XCOOKIE 1
| #define HAVE_SYS_INOTIFY_H 1
| #define HAVE_RESOLV 1
| #define HAVE_FT2BUILD_H 1
| #define SONAME_LIBFREETYPE "libfreetype.so.6"
| #define SONAME_LIBFONTCONFIG "libfontconfig.so.1"
| #define SONAME_LIBODBC "libodbc.so"
| #define HAVE_WINE_PRELOADER 1
| #define HAVE_DLADDR1 1
| #define HAVE_DLINFO 1
| #define HAVE_EPOLL_CREATE 1
| #define HAVE_EPOLL_PWAIT2 1
| #define HAVE_FSTATFS 1
| #define HAVE_FUTIMENS 1
| #define HAVE_FUTIMES 1
| #define HAVE_FUTIMESAT 1
| #define HAVE_GETADDRINFO 1
| #define HAVE_GETAUXVAL 1
| #define HAVE_GETIFADDRS 1
| #define HAVE_GETRANDOM 1
| #define HAVE_MEMFD_CREATE 1
| #define HAVE_PIPE2 1
| #define HAVE_POSIX_FADVISE 1
| #define HAVE_POSIX_FALLOCATE 1
| #define HAVE_PRCTL 1
| #define HAVE_PROCESS_VM_READV 1
| #define HAVE_PROCESS_VM_WRITEV 1
| #define HAVE_SCHED_GETCPU 1
| #define HAVE_SCHED_YIELD 1
| #define HAVE_SIGPROCMASK 1
| #define HAVE_SYSINFO 1
| #define HAVE_TCDRAIN 1
| /* end confdefs.h.  */
| /* Define thr_kill2 to an innocuous variant, in case <limits.h> declares thr_kill2.
|    For example, HP-UX 11i <limits.h> declares gettimeofday.  */
| #define thr_kill2 innocuous_thr_kill2
| 
| /* System header to define __stub macros and hopefully few prototypes,
|    which can conflict with char thr_kill2 (void); below.  */
| 
| #include <limits.h>
| #undef thr_kill2
| 
| /* Override any GCC internal prototype to avoid an error.
|    Use char because int might match the return type of a GCC
|    builtin and then its argument prototype would still apply.  */
| #ifdef __cplusplus
| extern "C"
| #endif
| char thr_kill2 (void);
| /* The GNU C library defines this for functions which it implements
|     to always fail with ENOSYS.  Some functions are actually named
|     something starting with __ and the normal name is an alias.  */
| #if defined __stub_thr_kill2 || defined __stub___thr_kill2
| choke me
| #endif
| 
| int
| main (void)
| {
| return thr_kill2 ();
|   ;
|   return 0;
| }
configure:21481: result: no
configure:21491: checking for library containing clock_gettime
configure:21527: gcc -m64 -o conftest -g -O2 -U_FORTIFY_SOURCE -D_FORTIFY_SOURCE=0   conftest.c  >&5
configure:21527: $? = 0
configure:21549: result: none required
configure:21564: checking for sched_setaffinity
configure:21581: gcc -m64 -o conftest -g -O2 -U_FORTIFY_SOURCE -D_FORTIFY_SOURCE=0   conftest.c  >&5
configure:21581: $? = 0
configure:21592: result: yes
configure:21602: checking whether we can use re-entrant gethostbyname_r Linux style
configure:21631: gcc -m64 -o conftest -g -O2 -U_FORTIFY_SOURCE -D_FORTIFY_SOURCE=0   conftest.c  >&5
configure:21631: $? = 0
configure:21644: result: yes
configure:21653: checking for struct sockaddr_un.sun_len
configure:21653: gcc -m64 -c -g -O2 -U_FORTIFY_SOURCE -D_FORTIFY_SOURCE=0  conftest.c >&5
conftest.c: In function 'main':
conftest.c:163:12: error: 'struct sockaddr_un' has no member named 'sun_len'
  163 | if (ac_aggr.sun_len)
      |            ^
configure:21653: $? = 1
configure: failed program was:
| /* confdefs.h */
| #define PACKAGE_NAME "Wine"
| #define PACKAGE_TARNAME "wine"
| #define PACKAGE_VERSION "11.15"
| #define PACKAGE_STRING "Wine 11.15"
| #define PACKAGE_BUGREPORT "wine-devel@winehq.org"
| #define PACKAGE_URL "https://www.winehq.org"
| #define EXEEXT ""
| #define HAVE_STDIO_H 1
| #define HAVE_STDLIB_H 1
| #define HAVE_STRING_H 1
| #define HAVE_INTTYPES_H 1
| #define HAVE_STDINT_H 1
| #define HAVE_STRINGS_H 1
| #define HAVE_SYS_STAT_H 1
| #define HAVE_SYS_TYPES_H 1
| #define HAVE_UNISTD_H 1
| #define STDC_HEADERS 1
| #define HAVE_ARPA_INET_H 1
| #define HAVE_ARPA_NAMESER_H 1
| #define HAVE_ASM_TERMBITS_H 1
| #define HAVE_ASM_TYPES_H 1
| #define HAVE_ELF_H 1
| #define HAVE_LINK_H 1
| #define HAVE_LINUX_CDROM_H 1
| #define HAVE_LINUX_ERRQUEUE_H 1
| #define HAVE_LINUX_FILTER_H 1
| #define HAVE_LINUX_FS_H 1
| #define HAVE_LINUX_HDREG_H 1
| #define HAVE_LINUX_HIDRAW_H 1
| #define HAVE_LINUX_INPUT_H 1
| #define HAVE_LINUX_IOCTL_H 1
| #define HAVE_LINUX_MAJOR_H 1
| #define HAVE_LINUX_MEMFD_H 1
| #define HAVE_LINUX_PARAM_H 1
| #define HAVE_LINUX_SERIAL_H 1
| #define HAVE_LINUX_TYPES_H 1
| #define HAVE_LINUX_USERFAULTFD_H 1
| #define HAVE_LINUX_WIRELESS_H 1
| #define HAVE_MNTENT_H 1
| #define HAVE_NETDB_H 1
| #define HAVE_NETINET_IN_H 1
| #define HAVE_NETINET_IN_SYSTM_H 1
| #define HAVE_NETINET_TCP_H 1
| #define HAVE_PWD_H 1
| #define HAVE_SCHED_H 1
| #define HAVE_SCSI_SCSI_H 1
| #define HAVE_SCSI_SCSI_IOCTL_H 1
| #define HAVE_SCSI_SG_H 1
| #define HAVE_SYS_AUXV_H 1
| #define HAVE_SYS_EPOLL_H 1
| #define HAVE_SYS_IPC_H 1
| #define HAVE_SYS_MTIO_H 1
| #define HAVE_SYS_PARAM_H 1
| #define HAVE_SYS_PERSONALITY_H 1
| #define HAVE_SYS_PRCTL_H 1
| #define HAVE_SYS_PTRACE_H 1
| #define HAVE_SYS_QUEUE_H 1
| #define HAVE_SYS_RANDOM_H 1
| #define HAVE_SYS_RESOURCE_H 1
| #define HAVE_SYS_SHM_H 1
| #define HAVE_SYS_SIGNAL_H 1
| #define HAVE_SYS_SOCKETVAR_H 1
| #define HAVE_SYS_STATVFS_H 1
| #define HAVE_SYS_SYSCALL_H 1
| #define HAVE_SYS_SYSINFO_H 1
| #define HAVE_SYS_TIMES_H 1
| #define HAVE_SYS_UIO_H 1
| #define HAVE_SYS_USER_H 1
| #define HAVE_SYS_UTSNAME_H 1
| #define HAVE_SYS_XATTR_H 1
| #define HAVE_SYSCALL_H 1
| #define HAVE_UTIME_H 1
| #define HAVE_VALGRIND_MEMCHECK_H 1
| #define HAVE_VALGRIND_VALGRIND_H 1
| #define MAJOR_IN_SYSMACROS 1
| #define HAVE_SYS_MOUNT_H 1
| #define HAVE_SYS_STATFS_H 1
| #define HAVE_SYS_USER_H 1
| #define HAVE_SYS_VFS_H 1
| #define HAVE_NETINET_IP_H 1
| #define HAVE_NET_IF_H 1
| #define HAVE_NET_IF_ARP_H 1
| #define HAVE_NET_ROUTE_H 1
| #define HAVE_NETINET_IF_ETHER_H 1
| #define HAVE_NETINET_IP_ICMP_H 1
| #define HAVE_NETINET_UDP_H 1
| #define HAVE_NETIPX_IPX_H 1
| #define HAVE_SYS_UN_H 1
| #define HAVE_NETINET_ICMP6_H 1
| #define HAVE_LINUX_RTNETLINK_H 1
| #define HAVE_RESOLV_H 1
| #define HAVE_IFADDRS_H 1
| #define HAVE_SYS_UCONTEXT_H 1
| #define HAVE_LINUX_VIDEODEV2_H 1
| #define _GNU_SOURCE 1
| #define SONAME_LIBX11 "libX11.so.6"
| #define SONAME_LIBXEXT "libXext.so.6"
| #define HAVE_X11_EXTENSIONS_SHAPE_H 1
| #define HAVE_X11_EXTENSIONS_XINPUT2_H 1
| #define HAVE_X11_EXTENSIONS_XSHM_H 1
| #define HAVE_X11_EXTENSIONS_XFIXES_H 1
| #define HAVE_X11_EXTENSIONS_XRANDR_H 1
| #define HAVE_X11_EXTENSIONS_XRENDER_H 1
| #define HAVE_X11_EXTENSIONS_XF86VMPROTO_H 1
| #define SONAME_LIBXCURSOR "libXcursor.so.1"
| #define SONAME_LIBXI "libXi.so.6"
| #define HAVE_LIBXXSHM 1
| #define HAVE_LIBXSHAPE 1
| #define SONAME_LIBXRENDER "libXrender.so.1"
| #define HAVE_XRENDERSETPICTURETRANSFORM 1
| #define HAVE_XRENDERCREATELINEARGRADIENT 1
| #define SONAME_LIBXRANDR "libXrandr.so.2"
| #define HAVE_XRRGETPROVIDERRESOURCES 1
| #define SONAME_LIBXFIXES "libXfixes.so.3"
| #define HAVE_XICCALLBACK_CALLBACK 1
| #define HAVE_XEVENT_XCOOKIE 1
| #define HAVE_SYS_INOTIFY_H 1
| #define HAVE_RESOLV 1
| #define HAVE_FT2BUILD_H 1
| #define SONAME_LIBFREETYPE "libfreetype.so.6"
| #define SONAME_LIBFONTCONFIG "libfontconfig.so.1"
| #define SONAME_LIBODBC "libodbc.so"
| #define HAVE_WINE_PRELOADER 1
| #define HAVE_DLADDR1 1
| #define HAVE_DLINFO 1
| #define HAVE_EPOLL_CREATE 1
| #define HAVE_EPOLL_PWAIT2 1
| #define HAVE_FSTATFS 1
| #define HAVE_FUTIMENS 1
| #define HAVE_FUTIMES 1
| #define HAVE_FUTIMESAT 1
| #define HAVE_GETADDRINFO 1
| #define HAVE_GETAUXVAL 1
| #define HAVE_GETIFADDRS 1
| #define HAVE_GETRANDOM 1
| #define HAVE_MEMFD_CREATE 1
| #define HAVE_PIPE2 1
| #define HAVE_POSIX_FADVISE 1
| #define HAVE_POSIX_FALLOCATE 1
| #define HAVE_PRCTL 1
| #define HAVE_PROCESS_VM_READV 1
| #define HAVE_PROCESS_VM_WRITEV 1
| #define HAVE_SCHED_GETCPU 1
| #define HAVE_SCHED_YIELD 1
| #define HAVE_SIGPROCMASK 1
| #define HAVE_SYSINFO 1
| #define HAVE_TCDRAIN 1
| #define HAVE_CLOCK_GETTIME 1
| #define HAVE_SCHED_SETAFFINITY 1
| #define HAVE_LINUX_GETHOSTBYNAME_R_6 1
| /* end confdefs.h.  */
| #include <sys/types.h>
| #include <sys/socket.h>
| #ifdef HAVE_SYS_UN_H
| # include <sys/un.h>
| #endif
| 
| int
| main (void)
| {
| static struct sockaddr_un ac_aggr;
| if (ac_aggr.sun_len)
| return 0;
|   ;
|   return 0;
| }
configure:21653: gcc -m64 -c -g -O2 -U_FORTIFY_SOURCE -D_FORTIFY_SOURCE=0  conftest.c >&5
conftest.c: In function 'main':
conftest.c:163:19: error: 'struct sockaddr_un' has no member named 'sun_len'
  163 | if (sizeof ac_aggr.sun_len)
      |                   ^
configure:21653: $? = 1
configure: failed program was:
| /* confdefs.h */
| #define PACKAGE_NAME "Wine"
| #define PACKAGE_TARNAME "wine"
| #define PACKAGE_VERSION "11.15"
| #define PACKAGE_STRING "Wine 11.15"
| #define PACKAGE_BUGREPORT "wine-devel@winehq.org"
| #define PACKAGE_URL "https://www.winehq.org"
| #define EXEEXT ""
| #define HAVE_STDIO_H 1
| #define HAVE_STDLIB_H 1
| #define HAVE_STRING_H 1
| #define HAVE_INTTYPES_H 1
| #define HAVE_STDINT_H 1
| #define HAVE_STRINGS_H 1
| #define HAVE_SYS_STAT_H 1
| #define HAVE_SYS_TYPES_H 1
| #define HAVE_UNISTD_H 1
| #define STDC_HEADERS 1
| #define HAVE_ARPA_INET_H 1
| #define HAVE_ARPA_NAMESER_H 1
| #define HAVE_ASM_TERMBITS_H 1
| #define HAVE_ASM_TYPES_H 1
| #define HAVE_ELF_H 1
| #define HAVE_LINK_H 1
| #define HAVE_LINUX_CDROM_H 1
| #define HAVE_LINUX_ERRQUEUE_H 1
| #define HAVE_LINUX_FILTER_H 1
| #define HAVE_LINUX_FS_H 1
| #define HAVE_LINUX_HDREG_H 1
| #define HAVE_LINUX_HIDRAW_H 1
| #define HAVE_LINUX_INPUT_H 1
| #define HAVE_LINUX_IOCTL_H 1
| #define HAVE_LINUX_MAJOR_H 1
| #define HAVE_LINUX_MEMFD_H 1
| #define HAVE_LINUX_PARAM_H 1
| #define HAVE_LINUX_SERIAL_H 1
| #define HAVE_LINUX_TYPES_H 1
| #define HAVE_LINUX_USERFAULTFD_H 1
| #define HAVE_LINUX_WIRELESS_H 1
| #define HAVE_MNTENT_H 1
| #define HAVE_NETDB_H 1
| #define HAVE_NETINET_IN_H 1
| #define HAVE_NETINET_IN_SYSTM_H 1
| #define HAVE_NETINET_TCP_H 1
| #define HAVE_PWD_H 1
| #define HAVE_SCHED_H 1
| #define HAVE_SCSI_SCSI_H 1
| #define HAVE_SCSI_SCSI_IOCTL_H 1
| #define HAVE_SCSI_SG_H 1
| #define HAVE_SYS_AUXV_H 1
| #define HAVE_SYS_EPOLL_H 1
| #define HAVE_SYS_IPC_H 1
| #define HAVE_SYS_MTIO_H 1
| #define HAVE_SYS_PARAM_H 1
| #define HAVE_SYS_PERSONALITY_H 1
| #define HAVE_SYS_PRCTL_H 1
| #define HAVE_SYS_PTRACE_H 1
| #define HAVE_SYS_QUEUE_H 1
| #define HAVE_SYS_RANDOM_H 1
| #define HAVE_SYS_RESOURCE_H 1
| #define HAVE_SYS_SHM_H 1
| #define HAVE_SYS_SIGNAL_H 1
| #define HAVE_SYS_SOCKETVAR_H 1
| #define HAVE_SYS_STATVFS_H 1
| #define HAVE_SYS_SYSCALL_H 1
| #define HAVE_SYS_SYSINFO_H 1
| #define HAVE_SYS_TIMES_H 1
| #define HAVE_SYS_UIO_H 1
| #define HAVE_SYS_USER_H 1
| #define HAVE_SYS_UTSNAME_H 1
| #define HAVE_SYS_XATTR_H 1
| #define HAVE_SYSCALL_H 1
| #define HAVE_UTIME_H 1
| #define HAVE_VALGRIND_MEMCHECK_H 1
| #define HAVE_VALGRIND_VALGRIND_H 1
| #define MAJOR_IN_SYSMACROS 1
| #define HAVE_SYS_MOUNT_H 1
| #define HAVE_SYS_STATFS_H 1
| #define HAVE_SYS_USER_H 1
| #define HAVE_SYS_VFS_H 1
| #define HAVE_NETINET_IP_H 1
| #define HAVE_NET_IF_H 1
| #define HAVE_NET_IF_ARP_H 1
| #define HAVE_NET_ROUTE_H 1
| #define HAVE_NETINET_IF_ETHER_H 1
| #define HAVE_NETINET_IP_ICMP_H 1
| #define HAVE_NETINET_UDP_H 1
| #define HAVE_NETIPX_IPX_H 1
| #define HAVE_SYS_UN_H 1
| #define HAVE_NETINET_ICMP6_H 1
| #define HAVE_LINUX_RTNETLINK_H 1
| #define HAVE_RESOLV_H 1
| #define HAVE_IFADDRS_H 1
| #define HAVE_SYS_UCONTEXT_H 1
| #define HAVE_LINUX_VIDEODEV2_H 1
| #define _GNU_SOURCE 1
| #define SONAME_LIBX11 "libX11.so.6"
| #define SONAME_LIBXEXT "libXext.so.6"
| #define HAVE_X11_EXTENSIONS_SHAPE_H 1
| #define HAVE_X11_EXTENSIONS_XINPUT2_H 1
| #define HAVE_X11_EXTENSIONS_XSHM_H 1
| #define HAVE_X11_EXTENSIONS_XFIXES_H 1
| #define HAVE_X11_EXTENSIONS_XRANDR_H 1
| #define HAVE_X11_EXTENSIONS_XRENDER_H 1
| #define HAVE_X11_EXTENSIONS_XF86VMPROTO_H 1
| #define SONAME_LIBXCURSOR "libXcursor.so.1"
| #define SONAME_LIBXI "libXi.so.6"
| #define HAVE_LIBXXSHM 1
| #define HAVE_LIBXSHAPE 1
| #define SONAME_LIBXRENDER "libXrender.so.1"
| #define HAVE_XRENDERSETPICTURETRANSFORM 1
| #define HAVE_XRENDERCREATELINEARGRADIENT 1
| #define SONAME_LIBXRANDR "libXrandr.so.2"
| #define HAVE_XRRGETPROVIDERRESOURCES 1
| #define SONAME_LIBXFIXES "libXfixes.so.3"
| #define HAVE_XICCALLBACK_CALLBACK 1
| #define HAVE_XEVENT_XCOOKIE 1
| #define HAVE_SYS_INOTIFY_H 1
| #define HAVE_RESOLV 1
| #define HAVE_FT2BUILD_H 1
| #define SONAME_LIBFREETYPE "libfreetype.so.6"
| #define SONAME_LIBFONTCONFIG "libfontconfig.so.1"
| #define SONAME_LIBODBC "libodbc.so"
| #define HAVE_WINE_PRELOADER 1
| #define HAVE_DLADDR1 1
| #define HAVE_DLINFO 1
| #define HAVE_EPOLL_CREATE 1
| #define HAVE_EPOLL_PWAIT2 1
| #define HAVE_FSTATFS 1
| #define HAVE_FUTIMENS 1
| #define HAVE_FUTIMES 1
| #define HAVE_FUTIMESAT 1
| #define HAVE_GETADDRINFO 1
| #define HAVE_GETAUXVAL 1
| #define HAVE_GETIFADDRS 1
| #define HAVE_GETRANDOM 1
| #define HAVE_MEMFD_CREATE 1
| #define HAVE_PIPE2 1
| #define HAVE_POSIX_FADVISE 1
| #define HAVE_POSIX_FALLOCATE 1
| #define HAVE_PRCTL 1
| #define HAVE_PROCESS_VM_READV 1
| #define HAVE_PROCESS_VM_WRITEV 1
| #define HAVE_SCHED_GETCPU 1
| #define HAVE_SCHED_YIELD 1
| #define HAVE_SIGPROCMASK 1
| #define HAVE_SYSINFO 1
| #define HAVE_TCDRAIN 1
| #define HAVE_CLOCK_GETTIME 1
| #define HAVE_SCHED_SETAFFINITY 1
| #define HAVE_LINUX_GETHOSTBYNAME_R_6 1
| /* end confdefs.h.  */
| #include <sys/types.h>
| #include <sys/socket.h>
| #ifdef HAVE_SYS_UN_H
| # include <sys/un.h>
| #endif
| 
| int
| main (void)
| {
| static struct sockaddr_un ac_aggr;
| if (sizeof ac_aggr.sun_len)
| return 0;
|   ;
|   return 0;
| }
configure:21653: result: no
configure:21668: checking for sg_io_hdr_t.interface_id
configure:21668: gcc -m64 -c -g -O2 -U_FORTIFY_SOURCE -D_FORTIFY_SOURCE=0  conftest.c >&5
configure:21668: $? = 0
configure:21668: result: yes
configure:21682: checking for siginfo_t.si_fd
configure:21682: gcc -m64 -c -g -O2 -U_FORTIFY_SOURCE -D_FORTIFY_SOURCE=0  conftest.c >&5
configure:21682: $? = 0
configure:21682: result: yes
configure:21693: checking for struct mtget.mt_blksiz
configure:21693: gcc -m64 -c -g -O2 -U_FORTIFY_SOURCE -D_FORTIFY_SOURCE=0  conftest.c >&5
conftest.c: In function 'main':
conftest.c:164:13: error: 'struct mtget' has no member named 'mt_blksiz'; did you mean 'mt_blkno'?
  164 | if (ac_aggr.mt_blksiz)
      |             ^~~~~~~~~
      |             mt_blkno
configure:21693: $? = 1
configure: failed program was:
| /* confdefs.h */
| #define PACKAGE_NAME "Wine"
| #define PACKAGE_TARNAME "wine"
| #define PACKAGE_VERSION "11.15"
| #define PACKAGE_STRING "Wine 11.15"
| #define PACKAGE_BUGREPORT "wine-devel@winehq.org"
| #define PACKAGE_URL "https://www.winehq.org"
| #define EXEEXT ""
| #define HAVE_STDIO_H 1
| #define HAVE_STDLIB_H 1
| #define HAVE_STRING_H 1
| #define HAVE_INTTYPES_H 1
| #define HAVE_STDINT_H 1
| #define HAVE_STRINGS_H 1
| #define HAVE_SYS_STAT_H 1
| #define HAVE_SYS_TYPES_H 1
| #define HAVE_UNISTD_H 1
| #define STDC_HEADERS 1
| #define HAVE_ARPA_INET_H 1
| #define HAVE_ARPA_NAMESER_H 1
| #define HAVE_ASM_TERMBITS_H 1
| #define HAVE_ASM_TYPES_H 1
| #define HAVE_ELF_H 1
| #define HAVE_LINK_H 1
| #define HAVE_LINUX_CDROM_H 1
| #define HAVE_LINUX_ERRQUEUE_H 1
| #define HAVE_LINUX_FILTER_H 1
| #define HAVE_LINUX_FS_H 1
| #define HAVE_LINUX_HDREG_H 1
| #define HAVE_LINUX_HIDRAW_H 1
| #define HAVE_LINUX_INPUT_H 1
| #define HAVE_LINUX_IOCTL_H 1
| #define HAVE_LINUX_MAJOR_H 1
| #define HAVE_LINUX_MEMFD_H 1
| #define HAVE_LINUX_PARAM_H 1
| #define HAVE_LINUX_SERIAL_H 1
| #define HAVE_LINUX_TYPES_H 1
| #define HAVE_LINUX_USERFAULTFD_H 1
| #define HAVE_LINUX_WIRELESS_H 1
| #define HAVE_MNTENT_H 1
| #define HAVE_NETDB_H 1
| #define HAVE_NETINET_IN_H 1
| #define HAVE_NETINET_IN_SYSTM_H 1
| #define HAVE_NETINET_TCP_H 1
| #define HAVE_PWD_H 1
| #define HAVE_SCHED_H 1
| #define HAVE_SCSI_SCSI_H 1
| #define HAVE_SCSI_SCSI_IOCTL_H 1
| #define HAVE_SCSI_SG_H 1
| #define HAVE_SYS_AUXV_H 1
| #define HAVE_SYS_EPOLL_H 1
| #define HAVE_SYS_IPC_H 1
| #define HAVE_SYS_MTIO_H 1
| #define HAVE_SYS_PARAM_H 1
| #define HAVE_SYS_PERSONALITY_H 1
| #define HAVE_SYS_PRCTL_H 1
| #define HAVE_SYS_PTRACE_H 1
| #define HAVE_SYS_QUEUE_H 1
| #define HAVE_SYS_RANDOM_H 1
| #define HAVE_SYS_RESOURCE_H 1
| #define HAVE_SYS_SHM_H 1
| #define HAVE_SYS_SIGNAL_H 1
| #define HAVE_SYS_SOCKETVAR_H 1
| #define HAVE_SYS_STATVFS_H 1
| #define HAVE_SYS_SYSCALL_H 1
| #define HAVE_SYS_SYSINFO_H 1
| #define HAVE_SYS_TIMES_H 1
| #define HAVE_SYS_UIO_H 1
| #define HAVE_SYS_USER_H 1
| #define HAVE_SYS_UTSNAME_H 1
| #define HAVE_SYS_XATTR_H 1
| #define HAVE_SYSCALL_H 1
| #define HAVE_UTIME_H 1
| #define HAVE_VALGRIND_MEMCHECK_H 1
| #define HAVE_VALGRIND_VALGRIND_H 1
| #define MAJOR_IN_SYSMACROS 1
| #define HAVE_SYS_MOUNT_H 1
| #define HAVE_SYS_STATFS_H 1
| #define HAVE_SYS_USER_H 1
| #define HAVE_SYS_VFS_H 1
| #define HAVE_NETINET_IP_H 1
| #define HAVE_NET_IF_H 1
| #define HAVE_NET_IF_ARP_H 1
| #define HAVE_NET_ROUTE_H 1
| #define HAVE_NETINET_IF_ETHER_H 1
| #define HAVE_NETINET_IP_ICMP_H 1
| #define HAVE_NETINET_UDP_H 1
| #define HAVE_NETIPX_IPX_H 1
| #define HAVE_SYS_UN_H 1
| #define HAVE_NETINET_ICMP6_H 1
| #define HAVE_LINUX_RTNETLINK_H 1
| #define HAVE_RESOLV_H 1
| #define HAVE_IFADDRS_H 1
| #define HAVE_SYS_UCONTEXT_H 1
| #define HAVE_LINUX_VIDEODEV2_H 1
| #define _GNU_SOURCE 1
| #define SONAME_LIBX11 "libX11.so.6"
| #define SONAME_LIBXEXT "libXext.so.6"
| #define HAVE_X11_EXTENSIONS_SHAPE_H 1
| #define HAVE_X11_EXTENSIONS_XINPUT2_H 1
| #define HAVE_X11_EXTENSIONS_XSHM_H 1
| #define HAVE_X11_EXTENSIONS_XFIXES_H 1
| #define HAVE_X11_EXTENSIONS_XRANDR_H 1
| #define HAVE_X11_EXTENSIONS_XRENDER_H 1
| #define HAVE_X11_EXTENSIONS_XF86VMPROTO_H 1
| #define SONAME_LIBXCURSOR "libXcursor.so.1"
| #define SONAME_LIBXI "libXi.so.6"
| #define HAVE_LIBXXSHM 1
| #define HAVE_LIBXSHAPE 1
| #define SONAME_LIBXRENDER "libXrender.so.1"
| #define HAVE_XRENDERSETPICTURETRANSFORM 1
| #define HAVE_XRENDERCREATELINEARGRADIENT 1
| #define SONAME_LIBXRANDR "libXrandr.so.2"
| #define HAVE_XRRGETPROVIDERRESOURCES 1
| #define SONAME_LIBXFIXES "libXfixes.so.3"
| #define HAVE_XICCALLBACK_CALLBACK 1
| #define HAVE_XEVENT_XCOOKIE 1
| #define HAVE_SYS_INOTIFY_H 1
| #define HAVE_RESOLV 1
| #define HAVE_FT2BUILD_H 1
| #define SONAME_LIBFREETYPE "libfreetype.so.6"
| #define SONAME_LIBFONTCONFIG "libfontconfig.so.1"
| #define SONAME_LIBODBC "libodbc.so"
| #define HAVE_WINE_PRELOADER 1
| #define HAVE_DLADDR1 1
| #define HAVE_DLINFO 1
| #define HAVE_EPOLL_CREATE 1
| #define HAVE_EPOLL_PWAIT2 1
| #define HAVE_FSTATFS 1
| #define HAVE_FUTIMENS 1
| #define HAVE_FUTIMES 1
| #define HAVE_FUTIMESAT 1
| #define HAVE_GETADDRINFO 1
| #define HAVE_GETAUXVAL 1
| #define HAVE_GETIFADDRS 1
| #define HAVE_GETRANDOM 1
| #define HAVE_MEMFD_CREATE 1
| #define HAVE_PIPE2 1
| #define HAVE_POSIX_FADVISE 1
| #define HAVE_POSIX_FALLOCATE 1
| #define HAVE_PRCTL 1
| #define HAVE_PROCESS_VM_READV 1
| #define HAVE_PROCESS_VM_WRITEV 1
| #define HAVE_SCHED_GETCPU 1
| #define HAVE_SCHED_YIELD 1
| #define HAVE_SIGPROCMASK 1
| #define HAVE_SYSINFO 1
| #define HAVE_TCDRAIN 1
| #define HAVE_CLOCK_GETTIME 1
| #define HAVE_SCHED_SETAFFINITY 1
| #define HAVE_LINUX_GETHOSTBYNAME_R_6 1
| #define HAVE_SG_IO_HDR_T_INTERFACE_ID 1
| #define HAVE_SIGINFO_T_SI_FD 1
| /* end confdefs.h.  */
| #include <sys/types.h>
| #ifdef HAVE_SYS_MTIO_H
| #include <sys/mtio.h>
| #endif
| 
| int
| main (void)
| {
| static struct mtget ac_aggr;
| if (ac_aggr.mt_blksiz)
| return 0;
|   ;
|   return 0;
| }
configure:21693: gcc -m64 -c -g -O2 -U_FORTIFY_SOURCE -D_FORTIFY_SOURCE=0  conftest.c >&5
conftest.c: In function 'main':
conftest.c:164:20: error: 'struct mtget' has no member named 'mt_blksiz'; did you mean 'mt_blkno'?
  164 | if (sizeof ac_aggr.mt_blksiz)
      |                    ^~~~~~~~~
      |                    mt_blkno
configure:21693: $? = 1
configure: failed program was:
| /* confdefs.h */
| #define PACKAGE_NAME "Wine"
| #define PACKAGE_TARNAME "wine"
| #define PACKAGE_VERSION "11.15"
| #define PACKAGE_STRING "Wine 11.15"
| #define PACKAGE_BUGREPORT "wine-devel@winehq.org"
| #define PACKAGE_URL "https://www.winehq.org"
| #define EXEEXT ""
| #define HAVE_STDIO_H 1
| #define HAVE_STDLIB_H 1
| #define HAVE_STRING_H 1
| #define HAVE_INTTYPES_H 1
| #define HAVE_STDINT_H 1
| #define HAVE_STRINGS_H 1
| #define HAVE_SYS_STAT_H 1
| #define HAVE_SYS_TYPES_H 1
| #define HAVE_UNISTD_H 1
| #define STDC_HEADERS 1
| #define HAVE_ARPA_INET_H 1
| #define HAVE_ARPA_NAMESER_H 1
| #define HAVE_ASM_TERMBITS_H 1
| #define HAVE_ASM_TYPES_H 1
| #define HAVE_ELF_H 1
| #define HAVE_LINK_H 1
| #define HAVE_LINUX_CDROM_H 1
| #define HAVE_LINUX_ERRQUEUE_H 1
| #define HAVE_LINUX_FILTER_H 1
| #define HAVE_LINUX_FS_H 1
| #define HAVE_LINUX_HDREG_H 1
| #define HAVE_LINUX_HIDRAW_H 1
| #define HAVE_LINUX_INPUT_H 1
| #define HAVE_LINUX_IOCTL_H 1
| #define HAVE_LINUX_MAJOR_H 1
| #define HAVE_LINUX_MEMFD_H 1
| #define HAVE_LINUX_PARAM_H 1
| #define HAVE_LINUX_SERIAL_H 1
| #define HAVE_LINUX_TYPES_H 1
| #define HAVE_LINUX_USERFAULTFD_H 1
| #define HAVE_LINUX_WIRELESS_H 1
| #define HAVE_MNTENT_H 1
| #define HAVE_NETDB_H 1
| #define HAVE_NETINET_IN_H 1
| #define HAVE_NETINET_IN_SYSTM_H 1
| #define HAVE_NETINET_TCP_H 1
| #define HAVE_PWD_H 1
| #define HAVE_SCHED_H 1
| #define HAVE_SCSI_SCSI_H 1
| #define HAVE_SCSI_SCSI_IOCTL_H 1
| #define HAVE_SCSI_SG_H 1
| #define HAVE_SYS_AUXV_H 1
| #define HAVE_SYS_EPOLL_H 1
| #define HAVE_SYS_IPC_H 1
| #define HAVE_SYS_MTIO_H 1
| #define HAVE_SYS_PARAM_H 1
| #define HAVE_SYS_PERSONALITY_H 1
| #define HAVE_SYS_PRCTL_H 1
| #define HAVE_SYS_PTRACE_H 1
| #define HAVE_SYS_QUEUE_H 1
| #define HAVE_SYS_RANDOM_H 1
| #define HAVE_SYS_RESOURCE_H 1
| #define HAVE_SYS_SHM_H 1
| #define HAVE_SYS_SIGNAL_H 1
| #define HAVE_SYS_SOCKETVAR_H 1
| #define HAVE_SYS_STATVFS_H 1
| #define HAVE_SYS_SYSCALL_H 1
| #define HAVE_SYS_SYSINFO_H 1
| #define HAVE_SYS_TIMES_H 1
| #define HAVE_SYS_UIO_H 1
| #define HAVE_SYS_USER_H 1
| #define HAVE_SYS_UTSNAME_H 1
| #define HAVE_SYS_XATTR_H 1
| #define HAVE_SYSCALL_H 1
| #define HAVE_UTIME_H 1
| #define HAVE_VALGRIND_MEMCHECK_H 1
| #define HAVE_VALGRIND_VALGRIND_H 1
| #define MAJOR_IN_SYSMACROS 1
| #define HAVE_SYS_MOUNT_H 1
| #define HAVE_SYS_STATFS_H 1
| #define HAVE_SYS_USER_H 1
| #define HAVE_SYS_VFS_H 1
| #define HAVE_NETINET_IP_H 1
| #define HAVE_NET_IF_H 1
| #define HAVE_NET_IF_ARP_H 1
| #define HAVE_NET_ROUTE_H 1
| #define HAVE_NETINET_IF_ETHER_H 1
| #define HAVE_NETINET_IP_ICMP_H 1
| #define HAVE_NETINET_UDP_H 1
| #define HAVE_NETIPX_IPX_H 1
| #define HAVE_SYS_UN_H 1
| #define HAVE_NETINET_ICMP6_H 1
| #define HAVE_LINUX_RTNETLINK_H 1
| #define HAVE_RESOLV_H 1
| #define HAVE_IFADDRS_H 1
| #define HAVE_SYS_UCONTEXT_H 1
| #define HAVE_LINUX_VIDEODEV2_H 1
| #define _GNU_SOURCE 1
| #define SONAME_LIBX11 "libX11.so.6"
| #define SONAME_LIBXEXT "libXext.so.6"
| #define HAVE_X11_EXTENSIONS_SHAPE_H 1
| #define HAVE_X11_EXTENSIONS_XINPUT2_H 1
| #define HAVE_X11_EXTENSIONS_XSHM_H 1
| #define HAVE_X11_EXTENSIONS_XFIXES_H 1
| #define HAVE_X11_EXTENSIONS_XRANDR_H 1
| #define HAVE_X11_EXTENSIONS_XRENDER_H 1
| #define HAVE_X11_EXTENSIONS_XF86VMPROTO_H 1
| #define SONAME_LIBXCURSOR "libXcursor.so.1"
| #define SONAME_LIBXI "libXi.so.6"
| #define HAVE_LIBXXSHM 1
| #define HAVE_LIBXSHAPE 1
| #define SONAME_LIBXRENDER "libXrender.so.1"
| #define HAVE_XRENDERSETPICTURETRANSFORM 1
| #define HAVE_XRENDERCREATELINEARGRADIENT 1
| #define SONAME_LIBXRANDR "libXrandr.so.2"
| #define HAVE_XRRGETPROVIDERRESOURCES 1
| #define SONAME_LIBXFIXES "libXfixes.so.3"
| #define HAVE_XICCALLBACK_CALLBACK 1
| #define HAVE_XEVENT_XCOOKIE 1
| #define HAVE_SYS_INOTIFY_H 1
| #define HAVE_RESOLV 1
| #define HAVE_FT2BUILD_H 1
| #define SONAME_LIBFREETYPE "libfreetype.so.6"
| #define SONAME_LIBFONTCONFIG "libfontconfig.so.1"
| #define SONAME_LIBODBC "libodbc.so"
| #define HAVE_WINE_PRELOADER 1
| #define HAVE_DLADDR1 1
| #define HAVE_DLINFO 1
| #define HAVE_EPOLL_CREATE 1
| #define HAVE_EPOLL_PWAIT2 1
| #define HAVE_FSTATFS 1
| #define HAVE_FUTIMENS 1
| #define HAVE_FUTIMES 1
| #define HAVE_FUTIMESAT 1
| #define HAVE_GETADDRINFO 1
| #define HAVE_GETAUXVAL 1
| #define HAVE_GETIFADDRS 1
| #define HAVE_GETRANDOM 1
| #define HAVE_MEMFD_CREATE 1
| #define HAVE_PIPE2 1
| #define HAVE_POSIX_FADVISE 1
| #define HAVE_POSIX_FALLOCATE 1
| #define HAVE_PRCTL 1
| #define HAVE_PROCESS_VM_READV 1
| #define HAVE_PROCESS_VM_WRITEV 1
| #define HAVE_SCHED_GETCPU 1
| #define HAVE_SCHED_YIELD 1
| #define HAVE_SIGPROCMASK 1
| #define HAVE_SYSINFO 1
| #define HAVE_TCDRAIN 1
| #define HAVE_CLOCK_GETTIME 1
| #define HAVE_SCHED_SETAFFINITY 1
| #define HAVE_LINUX_GETHOSTBYNAME_R_6 1
| #define HAVE_SG_IO_HDR_T_INTERFACE_ID 1
| #define HAVE_SIGINFO_T_SI_FD 1
| /* end confdefs.h.  */
| #include <sys/types.h>
| #ifdef HAVE_SYS_MTIO_H
| #include <sys/mtio.h>
| #endif
| 
| int
| main (void)
| {
| static struct mtget ac_aggr;
| if (sizeof ac_aggr.mt_blksiz)
| return 0;
|   ;
|   return 0;
| }
configure:21693: result: no
configure:21705: checking for struct mtget.mt_gstat
configure:21705: gcc -m64 -c -g -O2 -U_FORTIFY_SOURCE -D_FORTIFY_SOURCE=0  conftest.c >&5
configure:21705: $? = 0
configure:21705: result: yes
configure:21717: checking for struct mtget.mt_blkno
configure:21717: gcc -m64 -c -g -O2 -U_FORTIFY_SOURCE -D_FORTIFY_SOURCE=0  conftest.c >&5
configure:21717: $? = 0
configure:21717: result: yes
configure:21731: checking for struct stat.st_mtim
configure:21731: gcc -m64 -c -g -O2 -U_FORTIFY_SOURCE -D_FORTIFY_SOURCE=0  conftest.c >&5
conftest.c: In function 'main':
conftest.c:189:5: error: used struct type value where scalar is required
  189 | if (ac_aggr.st_mtim)
      |     ^~~~~~~
configure:21731: $? = 1
configure: failed program was:
| /* confdefs.h */
| #define PACKAGE_NAME "Wine"
| #define PACKAGE_TARNAME "wine"
| #define PACKAGE_VERSION "11.15"
| #define PACKAGE_STRING "Wine 11.15"
| #define PACKAGE_BUGREPORT "wine-devel@winehq.org"
| #define PACKAGE_URL "https://www.winehq.org"
| #define EXEEXT ""
| #define HAVE_STDIO_H 1
| #define HAVE_STDLIB_H 1
| #define HAVE_STRING_H 1
| #define HAVE_INTTYPES_H 1
| #define HAVE_STDINT_H 1
| #define HAVE_STRINGS_H 1
| #define HAVE_SYS_STAT_H 1
| #define HAVE_SYS_TYPES_H 1
| #define HAVE_UNISTD_H 1
| #define STDC_HEADERS 1
| #define HAVE_ARPA_INET_H 1
| #define HAVE_ARPA_NAMESER_H 1
| #define HAVE_ASM_TERMBITS_H 1
| #define HAVE_ASM_TYPES_H 1
| #define HAVE_ELF_H 1
| #define HAVE_LINK_H 1
| #define HAVE_LINUX_CDROM_H 1
| #define HAVE_LINUX_ERRQUEUE_H 1
| #define HAVE_LINUX_FILTER_H 1
| #define HAVE_LINUX_FS_H 1
| #define HAVE_LINUX_HDREG_H 1
| #define HAVE_LINUX_HIDRAW_H 1
| #define HAVE_LINUX_INPUT_H 1
| #define HAVE_LINUX_IOCTL_H 1
| #define HAVE_LINUX_MAJOR_H 1
| #define HAVE_LINUX_MEMFD_H 1
| #define HAVE_LINUX_PARAM_H 1
| #define HAVE_LINUX_SERIAL_H 1
| #define HAVE_LINUX_TYPES_H 1
| #define HAVE_LINUX_USERFAULTFD_H 1
| #define HAVE_LINUX_WIRELESS_H 1
| #define HAVE_MNTENT_H 1
| #define HAVE_NETDB_H 1
| #define HAVE_NETINET_IN_H 1
| #define HAVE_NETINET_IN_SYSTM_H 1
| #define HAVE_NETINET_TCP_H 1
| #define HAVE_PWD_H 1
| #define HAVE_SCHED_H 1
| #define HAVE_SCSI_SCSI_H 1
| #define HAVE_SCSI_SCSI_IOCTL_H 1
| #define HAVE_SCSI_SG_H 1
| #define HAVE_SYS_AUXV_H 1
| #define HAVE_SYS_EPOLL_H 1
| #define HAVE_SYS_IPC_H 1
| #define HAVE_SYS_MTIO_H 1
| #define HAVE_SYS_PARAM_H 1
| #define HAVE_SYS_PERSONALITY_H 1
| #define HAVE_SYS_PRCTL_H 1
| #define HAVE_SYS_PTRACE_H 1
| #define HAVE_SYS_QUEUE_H 1
| #define HAVE_SYS_RANDOM_H 1
| #define HAVE_SYS_RESOURCE_H 1
| #define HAVE_SYS_SHM_H 1
| #define HAVE_SYS_SIGNAL_H 1
| #define HAVE_SYS_SOCKETVAR_H 1
| #define HAVE_SYS_STATVFS_H 1
| #define HAVE_SYS_SYSCALL_H 1
| #define HAVE_SYS_SYSINFO_H 1
| #define HAVE_SYS_TIMES_H 1
| #define HAVE_SYS_UIO_H 1
| #define HAVE_SYS_USER_H 1
| #define HAVE_SYS_UTSNAME_H 1
| #define HAVE_SYS_XATTR_H 1
| #define HAVE_SYSCALL_H 1
| #define HAVE_UTIME_H 1
| #define HAVE_VALGRIND_MEMCHECK_H 1
| #define HAVE_VALGRIND_VALGRIND_H 1
| #define MAJOR_IN_SYSMACROS 1
| #define HAVE_SYS_MOUNT_H 1
| #define HAVE_SYS_STATFS_H 1
| #define HAVE_SYS_USER_H 1
| #define HAVE_SYS_VFS_H 1
| #define HAVE_NETINET_IP_H 1
| #define HAVE_NET_IF_H 1
| #define HAVE_NET_IF_ARP_H 1
| #define HAVE_NET_ROUTE_H 1
| #define HAVE_NETINET_IF_ETHER_H 1
| #define HAVE_NETINET_IP_ICMP_H 1
| #define HAVE_NETINET_UDP_H 1
| #define HAVE_NETIPX_IPX_H 1
| #define HAVE_SYS_UN_H 1
| #define HAVE_NETINET_ICMP6_H 1
| #define HAVE_LINUX_RTNETLINK_H 1
| #define HAVE_RESOLV_H 1
| #define HAVE_IFADDRS_H 1
| #define HAVE_SYS_UCONTEXT_H 1
| #define HAVE_LINUX_VIDEODEV2_H 1
| #define _GNU_SOURCE 1
| #define SONAME_LIBX11 "libX11.so.6"
| #define SONAME_LIBXEXT "libXext.so.6"
| #define HAVE_X11_EXTENSIONS_SHAPE_H 1
| #define HAVE_X11_EXTENSIONS_XINPUT2_H 1
| #define HAVE_X11_EXTENSIONS_XSHM_H 1
| #define HAVE_X11_EXTENSIONS_XFIXES_H 1
| #define HAVE_X11_EXTENSIONS_XRANDR_H 1
| #define HAVE_X11_EXTENSIONS_XRENDER_H 1
| #define HAVE_X11_EXTENSIONS_XF86VMPROTO_H 1
| #define SONAME_LIBXCURSOR "libXcursor.so.1"
| #define SONAME_LIBXI "libXi.so.6"
| #define HAVE_LIBXXSHM 1
| #define HAVE_LIBXSHAPE 1
| #define SONAME_LIBXRENDER "libXrender.so.1"
| #define HAVE_XRENDERSETPICTURETRANSFORM 1
| #define HAVE_XRENDERCREATELINEARGRADIENT 1
| #define SONAME_LIBXRANDR "libXrandr.so.2"
| #define HAVE_XRRGETPROVIDERRESOURCES 1
| #define SONAME_LIBXFIXES "libXfixes.so.3"
| #define HAVE_XICCALLBACK_CALLBACK 1
| #define HAVE_XEVENT_XCOOKIE 1
| #define HAVE_SYS_INOTIFY_H 1
| #define HAVE_RESOLV 1
| #define HAVE_FT2BUILD_H 1
| #define SONAME_LIBFREETYPE "libfreetype.so.6"
| #define SONAME_LIBFONTCONFIG "libfontconfig.so.1"
| #define SONAME_LIBODBC "libodbc.so"
| #define HAVE_WINE_PRELOADER 1
| #define HAVE_DLADDR1 1
| #define HAVE_DLINFO 1
| #define HAVE_EPOLL_CREATE 1
| #define HAVE_EPOLL_PWAIT2 1
| #define HAVE_FSTATFS 1
| #define HAVE_FUTIMENS 1
| #define HAVE_FUTIMES 1
| #define HAVE_FUTIMESAT 1
| #define HAVE_GETADDRINFO 1
| #define HAVE_GETAUXVAL 1
| #define HAVE_GETIFADDRS 1
| #define HAVE_GETRANDOM 1
| #define HAVE_MEMFD_CREATE 1
| #define HAVE_PIPE2 1
| #define HAVE_POSIX_FADVISE 1
| #define HAVE_POSIX_FALLOCATE 1
| #define HAVE_PRCTL 1
| #define HAVE_PROCESS_VM_READV 1
| #define HAVE_PROCESS_VM_WRITEV 1
| #define HAVE_SCHED_GETCPU 1
| #define HAVE_SCHED_YIELD 1
| #define HAVE_SIGPROCMASK 1
| #define HAVE_SYSINFO 1
| #define HAVE_TCDRAIN 1
| #define HAVE_CLOCK_GETTIME 1
| #define HAVE_SCHED_SETAFFINITY 1
| #define HAVE_LINUX_GETHOSTBYNAME_R_6 1
| #define HAVE_SG_IO_HDR_T_INTERFACE_ID 1
| #define HAVE_SIGINFO_T_SI_FD 1
| #define HAVE_STRUCT_MTGET_MT_GSTAT 1
| #define HAVE_STRUCT_MTGET_MT_BLKNO 1
| /* end confdefs.h.  */
| #include <stddef.h>
| #ifdef HAVE_STDIO_H
| # include <stdio.h>
| #endif
| #ifdef HAVE_STDLIB_H
| # include <stdlib.h>
| #endif
| #ifdef HAVE_STRING_H
| # include <string.h>
| #endif
| #ifdef HAVE_INTTYPES_H
| # include <inttypes.h>
| #endif
| #ifdef HAVE_STDINT_H
| # include <stdint.h>
| #endif
| #ifdef HAVE_STRINGS_H
| # include <strings.h>
| #endif
| #ifdef HAVE_SYS_TYPES_H
| # include <sys/types.h>
| #endif
| #ifdef HAVE_SYS_STAT_H
| # include <sys/stat.h>
| #endif
| #ifdef HAVE_UNISTD_H
| # include <unistd.h>
| #endif
| int
| main (void)
| {
| static struct stat ac_aggr;
| if (ac_aggr.st_mtim)
| return 0;
|   ;
|   return 0;
| }
configure:21731: gcc -m64 -c -g -O2 -U_FORTIFY_SOURCE -D_FORTIFY_SOURCE=0  conftest.c >&5
configure:21731: $? = 0
configure:21731: result: yes
configure:21739: checking for struct stat.st_mtimespec
configure:21739: gcc -m64 -c -g -O2 -U_FORTIFY_SOURCE -D_FORTIFY_SOURCE=0  conftest.c >&5
conftest.c: In function 'main':
conftest.c:190:12: error: 'struct stat' has no member named 'st_mtimespec'
  190 | if (ac_aggr.st_mtimespec)
      |            ^
configure:21739: $? = 1
configure: failed program was:
| /* confdefs.h */
| #define PACKAGE_NAME "Wine"
| #define PACKAGE_TARNAME "wine"
| #define PACKAGE_VERSION "11.15"
| #define PACKAGE_STRING "Wine 11.15"
| #define PACKAGE_BUGREPORT "wine-devel@winehq.org"
| #define PACKAGE_URL "https://www.winehq.org"
| #define EXEEXT ""
| #define HAVE_STDIO_H 1
| #define HAVE_STDLIB_H 1
| #define HAVE_STRING_H 1
| #define HAVE_INTTYPES_H 1
| #define HAVE_STDINT_H 1
| #define HAVE_STRINGS_H 1
| #define HAVE_SYS_STAT_H 1
| #define HAVE_SYS_TYPES_H 1
| #define HAVE_UNISTD_H 1
| #define STDC_HEADERS 1
| #define HAVE_ARPA_INET_H 1
| #define HAVE_ARPA_NAMESER_H 1
| #define HAVE_ASM_TERMBITS_H 1
| #define HAVE_ASM_TYPES_H 1
| #define HAVE_ELF_H 1
| #define HAVE_LINK_H 1
| #define HAVE_LINUX_CDROM_H 1
| #define HAVE_LINUX_ERRQUEUE_H 1
| #define HAVE_LINUX_FILTER_H 1
| #define HAVE_LINUX_FS_H 1
| #define HAVE_LINUX_HDREG_H 1
| #define HAVE_LINUX_HIDRAW_H 1
| #define HAVE_LINUX_INPUT_H 1
| #define HAVE_LINUX_IOCTL_H 1
| #define HAVE_LINUX_MAJOR_H 1
| #define HAVE_LINUX_MEMFD_H 1
| #define HAVE_LINUX_PARAM_H 1
| #define HAVE_LINUX_SERIAL_H 1
| #define HAVE_LINUX_TYPES_H 1
| #define HAVE_LINUX_USERFAULTFD_H 1
| #define HAVE_LINUX_WIRELESS_H 1
| #define HAVE_MNTENT_H 1
| #define HAVE_NETDB_H 1
| #define HAVE_NETINET_IN_H 1
| #define HAVE_NETINET_IN_SYSTM_H 1
| #define HAVE_NETINET_TCP_H 1
| #define HAVE_PWD_H 1
| #define HAVE_SCHED_H 1
| #define HAVE_SCSI_SCSI_H 1
| #define HAVE_SCSI_SCSI_IOCTL_H 1
| #define HAVE_SCSI_SG_H 1
| #define HAVE_SYS_AUXV_H 1
| #define HAVE_SYS_EPOLL_H 1
| #define HAVE_SYS_IPC_H 1
| #define HAVE_SYS_MTIO_H 1
| #define HAVE_SYS_PARAM_H 1
| #define HAVE_SYS_PERSONALITY_H 1
| #define HAVE_SYS_PRCTL_H 1
| #define HAVE_SYS_PTRACE_H 1
| #define HAVE_SYS_QUEUE_H 1
| #define HAVE_SYS_RANDOM_H 1
| #define HAVE_SYS_RESOURCE_H 1
| #define HAVE_SYS_SHM_H 1
| #define HAVE_SYS_SIGNAL_H 1
| #define HAVE_SYS_SOCKETVAR_H 1
| #define HAVE_SYS_STATVFS_H 1
| #define HAVE_SYS_SYSCALL_H 1
| #define HAVE_SYS_SYSINFO_H 1
| #define HAVE_SYS_TIMES_H 1
| #define HAVE_SYS_UIO_H 1
| #define HAVE_SYS_USER_H 1
| #define HAVE_SYS_UTSNAME_H 1
| #define HAVE_SYS_XATTR_H 1
| #define HAVE_SYSCALL_H 1
| #define HAVE_UTIME_H 1
| #define HAVE_VALGRIND_MEMCHECK_H 1
| #define HAVE_VALGRIND_VALGRIND_H 1
| #define MAJOR_IN_SYSMACROS 1
| #define HAVE_SYS_MOUNT_H 1
| #define HAVE_SYS_STATFS_H 1
| #define HAVE_SYS_USER_H 1
| #define HAVE_SYS_VFS_H 1
| #define HAVE_NETINET_IP_H 1
| #define HAVE_NET_IF_H 1
| #define HAVE_NET_IF_ARP_H 1
| #define HAVE_NET_ROUTE_H 1
| #define HAVE_NETINET_IF_ETHER_H 1
| #define HAVE_NETINET_IP_ICMP_H 1
| #define HAVE_NETINET_UDP_H 1
| #define HAVE_NETIPX_IPX_H 1
| #define HAVE_SYS_UN_H 1
| #define HAVE_NETINET_ICMP6_H 1
| #define HAVE_LINUX_RTNETLINK_H 1
| #define HAVE_RESOLV_H 1
| #define HAVE_IFADDRS_H 1
| #define HAVE_SYS_UCONTEXT_H 1
| #define HAVE_LINUX_VIDEODEV2_H 1
| #define _GNU_SOURCE 1
| #define SONAME_LIBX11 "libX11.so.6"
| #define SONAME_LIBXEXT "libXext.so.6"
| #define HAVE_X11_EXTENSIONS_SHAPE_H 1
| #define HAVE_X11_EXTENSIONS_XINPUT2_H 1
| #define HAVE_X11_EXTENSIONS_XSHM_H 1
| #define HAVE_X11_EXTENSIONS_XFIXES_H 1
| #define HAVE_X11_EXTENSIONS_XRANDR_H 1
| #define HAVE_X11_EXTENSIONS_XRENDER_H 1
| #define HAVE_X11_EXTENSIONS_XF86VMPROTO_H 1
| #define SONAME_LIBXCURSOR "libXcursor.so.1"
| #define SONAME_LIBXI "libXi.so.6"
| #define HAVE_LIBXXSHM 1
| #define HAVE_LIBXSHAPE 1
| #define SONAME_LIBXRENDER "libXrender.so.1"
| #define HAVE_XRENDERSETPICTURETRANSFORM 1
| #define HAVE_XRENDERCREATELINEARGRADIENT 1
| #define SONAME_LIBXRANDR "libXrandr.so.2"
| #define HAVE_XRRGETPROVIDERRESOURCES 1
| #define SONAME_LIBXFIXES "libXfixes.so.3"
| #define HAVE_XICCALLBACK_CALLBACK 1
| #define HAVE_XEVENT_XCOOKIE 1
| #define HAVE_SYS_INOTIFY_H 1
| #define HAVE_RESOLV 1
| #define HAVE_FT2BUILD_H 1
| #define SONAME_LIBFREETYPE "libfreetype.so.6"
| #define SONAME_LIBFONTCONFIG "libfontconfig.so.1"
| #define SONAME_LIBODBC "libodbc.so"
| #define HAVE_WINE_PRELOADER 1
| #define HAVE_DLADDR1 1
| #define HAVE_DLINFO 1
| #define HAVE_EPOLL_CREATE 1
| #define HAVE_EPOLL_PWAIT2 1
| #define HAVE_FSTATFS 1
| #define HAVE_FUTIMENS 1
| #define HAVE_FUTIMES 1
| #define HAVE_FUTIMESAT 1
| #define HAVE_GETADDRINFO 1
| #define HAVE_GETAUXVAL 1
| #define HAVE_GETIFADDRS 1
| #define HAVE_GETRANDOM 1
| #define HAVE_MEMFD_CREATE 1
| #define HAVE_PIPE2 1
| #define HAVE_POSIX_FADVISE 1
| #define HAVE_POSIX_FALLOCATE 1
| #define HAVE_PRCTL 1
| #define HAVE_PROCESS_VM_READV 1
| #define HAVE_PROCESS_VM_WRITEV 1
| #define HAVE_SCHED_GETCPU 1
| #define HAVE_SCHED_YIELD 1
| #define HAVE_SIGPROCMASK 1
| #define HAVE_SYSINFO 1
| #define HAVE_TCDRAIN 1
| #define HAVE_CLOCK_GETTIME 1
| #define HAVE_SCHED_SETAFFINITY 1
| #define HAVE_LINUX_GETHOSTBYNAME_R_6 1
| #define HAVE_SG_IO_HDR_T_INTERFACE_ID 1
| #define HAVE_SIGINFO_T_SI_FD 1
| #define HAVE_STRUCT_MTGET_MT_GSTAT 1
| #define HAVE_STRUCT_MTGET_MT_BLKNO 1
| #define HAVE_STRUCT_STAT_ST_MTIM 1
| /* end confdefs.h.  */
| #include <stddef.h>
| #ifdef HAVE_STDIO_H
| # include <stdio.h>
| #endif
| #ifdef HAVE_STDLIB_H
| # include <stdlib.h>
| #endif
| #ifdef HAVE_STRING_H
| # include <string.h>
| #endif
| #ifdef HAVE_INTTYPES_H
| # include <inttypes.h>
| #endif
| #ifdef HAVE_STDINT_H
| # include <stdint.h>
| #endif
| #ifdef HAVE_STRINGS_H
| # include <strings.h>
| #endif
| #ifdef HAVE_SYS_TYPES_H
| # include <sys/types.h>
| #endif
| #ifdef HAVE_SYS_STAT_H
| # include <sys/stat.h>
| #endif
| #ifdef HAVE_UNISTD_H
| # include <unistd.h>
| #endif
| int
| main (void)
| {
| static struct stat ac_aggr;
| if (ac_aggr.st_mtimespec)
| return 0;
|   ;
|   return 0;
| }
configure:21739: gcc -m64 -c -g -O2 -U_FORTIFY_SOURCE -D_FORTIFY_SOURCE=0  conftest.c >&5
conftest.c: In function 'main':
conftest.c:190:19: error: 'struct stat' has no member named 'st_mtimespec'
  190 | if (sizeof ac_aggr.st_mtimespec)
      |                   ^
configure:21739: $? = 1
configure: failed program was:
| /* confdefs.h */
| #define PACKAGE_NAME "Wine"
| #define PACKAGE_TARNAME "wine"
| #define PACKAGE_VERSION "11.15"
| #define PACKAGE_STRING "Wine 11.15"
| #define PACKAGE_BUGREPORT "wine-devel@winehq.org"
| #define PACKAGE_URL "https://www.winehq.org"
| #define EXEEXT ""
| #define HAVE_STDIO_H 1
| #define HAVE_STDLIB_H 1
| #define HAVE_STRING_H 1
| #define HAVE_INTTYPES_H 1
| #define HAVE_STDINT_H 1
| #define HAVE_STRINGS_H 1
| #define HAVE_SYS_STAT_H 1
| #define HAVE_SYS_TYPES_H 1
| #define HAVE_UNISTD_H 1
| #define STDC_HEADERS 1
| #define HAVE_ARPA_INET_H 1
| #define HAVE_ARPA_NAMESER_H 1
| #define HAVE_ASM_TERMBITS_H 1
| #define HAVE_ASM_TYPES_H 1
| #define HAVE_ELF_H 1
| #define HAVE_LINK_H 1
| #define HAVE_LINUX_CDROM_H 1
| #define HAVE_LINUX_ERRQUEUE_H 1
| #define HAVE_LINUX_FILTER_H 1
| #define HAVE_LINUX_FS_H 1
| #define HAVE_LINUX_HDREG_H 1
| #define HAVE_LINUX_HIDRAW_H 1
| #define HAVE_LINUX_INPUT_H 1
| #define HAVE_LINUX_IOCTL_H 1
| #define HAVE_LINUX_MAJOR_H 1
| #define HAVE_LINUX_MEMFD_H 1
| #define HAVE_LINUX_PARAM_H 1
| #define HAVE_LINUX_SERIAL_H 1
| #define HAVE_LINUX_TYPES_H 1
| #define HAVE_LINUX_USERFAULTFD_H 1
| #define HAVE_LINUX_WIRELESS_H 1
| #define HAVE_MNTENT_H 1
| #define HAVE_NETDB_H 1
| #define HAVE_NETINET_IN_H 1
| #define HAVE_NETINET_IN_SYSTM_H 1
| #define HAVE_NETINET_TCP_H 1
| #define HAVE_PWD_H 1
| #define HAVE_SCHED_H 1
| #define HAVE_SCSI_SCSI_H 1
| #define HAVE_SCSI_SCSI_IOCTL_H 1
| #define HAVE_SCSI_SG_H 1
| #define HAVE_SYS_AUXV_H 1
| #define HAVE_SYS_EPOLL_H 1
| #define HAVE_SYS_IPC_H 1
| #define HAVE_SYS_MTIO_H 1
| #define HAVE_SYS_PARAM_H 1
| #define HAVE_SYS_PERSONALITY_H 1
| #define HAVE_SYS_PRCTL_H 1
| #define HAVE_SYS_PTRACE_H 1
| #define HAVE_SYS_QUEUE_H 1
| #define HAVE_SYS_RANDOM_H 1
| #define HAVE_SYS_RESOURCE_H 1
| #define HAVE_SYS_SHM_H 1
| #define HAVE_SYS_SIGNAL_H 1
| #define HAVE_SYS_SOCKETVAR_H 1
| #define HAVE_SYS_STATVFS_H 1
| #define HAVE_SYS_SYSCALL_H 1
| #define HAVE_SYS_SYSINFO_H 1
| #define HAVE_SYS_TIMES_H 1
| #define HAVE_SYS_UIO_H 1
| #define HAVE_SYS_USER_H 1
| #define HAVE_SYS_UTSNAME_H 1
| #define HAVE_SYS_XATTR_H 1
| #define HAVE_SYSCALL_H 1
| #define HAVE_UTIME_H 1
| #define HAVE_VALGRIND_MEMCHECK_H 1
| #define HAVE_VALGRIND_VALGRIND_H 1
| #define MAJOR_IN_SYSMACROS 1
| #define HAVE_SYS_MOUNT_H 1
| #define HAVE_SYS_STATFS_H 1
| #define HAVE_SYS_USER_H 1
| #define HAVE_SYS_VFS_H 1
| #define HAVE_NETINET_IP_H 1
| #define HAVE_NET_IF_H 1
| #define HAVE_NET_IF_ARP_H 1
| #define HAVE_NET_ROUTE_H 1
| #define HAVE_NETINET_IF_ETHER_H 1
| #define HAVE_NETINET_IP_ICMP_H 1
| #define HAVE_NETINET_UDP_H 1
| #define HAVE_NETIPX_IPX_H 1
| #define HAVE_SYS_UN_H 1
| #define HAVE_NETINET_ICMP6_H 1
| #define HAVE_LINUX_RTNETLINK_H 1
| #define HAVE_RESOLV_H 1
| #define HAVE_IFADDRS_H 1
| #define HAVE_SYS_UCONTEXT_H 1
| #define HAVE_LINUX_VIDEODEV2_H 1
| #define _GNU_SOURCE 1
| #define SONAME_LIBX11 "libX11.so.6"
| #define SONAME_LIBXEXT "libXext.so.6"
| #define HAVE_X11_EXTENSIONS_SHAPE_H 1
| #define HAVE_X11_EXTENSIONS_XINPUT2_H 1
| #define HAVE_X11_EXTENSIONS_XSHM_H 1
| #define HAVE_X11_EXTENSIONS_XFIXES_H 1
| #define HAVE_X11_EXTENSIONS_XRANDR_H 1
| #define HAVE_X11_EXTENSIONS_XRENDER_H 1
| #define HAVE_X11_EXTENSIONS_XF86VMPROTO_H 1
| #define SONAME_LIBXCURSOR "libXcursor.so.1"
| #define SONAME_LIBXI "libXi.so.6"
| #define HAVE_LIBXXSHM 1
| #define HAVE_LIBXSHAPE 1
| #define SONAME_LIBXRENDER "libXrender.so.1"
| #define HAVE_XRENDERSETPICTURETRANSFORM 1
| #define HAVE_XRENDERCREATELINEARGRADIENT 1
| #define SONAME_LIBXRANDR "libXrandr.so.2"
| #define HAVE_XRRGETPROVIDERRESOURCES 1
| #define SONAME_LIBXFIXES "libXfixes.so.3"
| #define HAVE_XICCALLBACK_CALLBACK 1
| #define HAVE_XEVENT_XCOOKIE 1
| #define HAVE_SYS_INOTIFY_H 1
| #define HAVE_RESOLV 1
| #define HAVE_FT2BUILD_H 1
| #define SONAME_LIBFREETYPE "libfreetype.so.6"
| #define SONAME_LIBFONTCONFIG "libfontconfig.so.1"
| #define SONAME_LIBODBC "libodbc.so"
| #define HAVE_WINE_PRELOADER 1
| #define HAVE_DLADDR1 1
| #define HAVE_DLINFO 1
| #define HAVE_EPOLL_CREATE 1
| #define HAVE_EPOLL_PWAIT2 1
| #define HAVE_FSTATFS 1
| #define HAVE_FUTIMENS 1
| #define HAVE_FUTIMES 1
| #define HAVE_FUTIMESAT 1
| #define HAVE_GETADDRINFO 1
| #define HAVE_GETAUXVAL 1
| #define HAVE_GETIFADDRS 1
| #define HAVE_GETRANDOM 1
| #define HAVE_MEMFD_CREATE 1
| #define HAVE_PIPE2 1
| #define HAVE_POSIX_FADVISE 1
| #define HAVE_POSIX_FALLOCATE 1
| #define HAVE_PRCTL 1
| #define HAVE_PROCESS_VM_READV 1
| #define HAVE_PROCESS_VM_WRITEV 1
| #define HAVE_SCHED_GETCPU 1
| #define HAVE_SCHED_YIELD 1
| #define HAVE_SIGPROCMASK 1
| #define HAVE_SYSINFO 1
| #define HAVE_TCDRAIN 1
| #define HAVE_CLOCK_GETTIME 1
| #define HAVE_SCHED_SETAFFINITY 1
| #define HAVE_LINUX_GETHOSTBYNAME_R_6 1
| #define HAVE_SG_IO_HDR_T_INTERFACE_ID 1
| #define HAVE_SIGINFO_T_SI_FD 1
| #define HAVE_STRUCT_MTGET_MT_GSTAT 1
| #define HAVE_STRUCT_MTGET_MT_BLKNO 1
| #define HAVE_STRUCT_STAT_ST_MTIM 1
| /* end confdefs.h.  */
| #include <stddef.h>
| #ifdef HAVE_STDIO_H
| # include <stdio.h>
| #endif
| #ifdef HAVE_STDLIB_H
| # include <stdlib.h>
| #endif
| #ifdef HAVE_STRING_H
| # include <string.h>
| #endif
| #ifdef HAVE_INTTYPES_H
| # include <inttypes.h>
| #endif
| #ifdef HAVE_STDINT_H
| # include <stdint.h>
| #endif
| #ifdef HAVE_STRINGS_H
| # include <strings.h>
| #endif
| #ifdef HAVE_SYS_TYPES_H
| # include <sys/types.h>
| #endif
| #ifdef HAVE_SYS_STAT_H
| # include <sys/stat.h>
| #endif
| #ifdef HAVE_UNISTD_H
| # include <unistd.h>
| #endif
| int
| main (void)
| {
| static struct stat ac_aggr;
| if (sizeof ac_aggr.st_mtimespec)
| return 0;
|   ;
|   return 0;
| }
configure:21739: result: no
configure:21747: checking for struct stat.st_ctim
configure:21747: gcc -m64 -c -g -O2 -U_FORTIFY_SOURCE -D_FORTIFY_SOURCE=0  conftest.c >&5
conftest.c: In function 'main':
conftest.c:190:5: error: used struct type value where scalar is required
  190 | if (ac_aggr.st_ctim)
      |     ^~~~~~~
configure:21747: $? = 1
configure: failed program was:
| /* confdefs.h */
| #define PACKAGE_NAME "Wine"
| #define PACKAGE_TARNAME "wine"
| #define PACKAGE_VERSION "11.15"
| #define PACKAGE_STRING "Wine 11.15"
| #define PACKAGE_BUGREPORT "wine-devel@winehq.org"
| #define PACKAGE_URL "https://www.winehq.org"
| #define EXEEXT ""
| #define HAVE_STDIO_H 1
| #define HAVE_STDLIB_H 1
| #define HAVE_STRING_H 1
| #define HAVE_INTTYPES_H 1
| #define HAVE_STDINT_H 1
| #define HAVE_STRINGS_H 1
| #define HAVE_SYS_STAT_H 1
| #define HAVE_SYS_TYPES_H 1
| #define HAVE_UNISTD_H 1
| #define STDC_HEADERS 1
| #define HAVE_ARPA_INET_H 1
| #define HAVE_ARPA_NAMESER_H 1
| #define HAVE_ASM_TERMBITS_H 1
| #define HAVE_ASM_TYPES_H 1
| #define HAVE_ELF_H 1
| #define HAVE_LINK_H 1
| #define HAVE_LINUX_CDROM_H 1
| #define HAVE_LINUX_ERRQUEUE_H 1
| #define HAVE_LINUX_FILTER_H 1
| #define HAVE_LINUX_FS_H 1
| #define HAVE_LINUX_HDREG_H 1
| #define HAVE_LINUX_HIDRAW_H 1
| #define HAVE_LINUX_INPUT_H 1
| #define HAVE_LINUX_IOCTL_H 1
| #define HAVE_LINUX_MAJOR_H 1
| #define HAVE_LINUX_MEMFD_H 1
| #define HAVE_LINUX_PARAM_H 1
| #define HAVE_LINUX_SERIAL_H 1
| #define HAVE_LINUX_TYPES_H 1
| #define HAVE_LINUX_USERFAULTFD_H 1
| #define HAVE_LINUX_WIRELESS_H 1
| #define HAVE_MNTENT_H 1
| #define HAVE_NETDB_H 1
| #define HAVE_NETINET_IN_H 1
| #define HAVE_NETINET_IN_SYSTM_H 1
| #define HAVE_NETINET_TCP_H 1
| #define HAVE_PWD_H 1
| #define HAVE_SCHED_H 1
| #define HAVE_SCSI_SCSI_H 1
| #define HAVE_SCSI_SCSI_IOCTL_H 1
| #define HAVE_SCSI_SG_H 1
| #define HAVE_SYS_AUXV_H 1
| #define HAVE_SYS_EPOLL_H 1
| #define HAVE_SYS_IPC_H 1
| #define HAVE_SYS_MTIO_H 1
| #define HAVE_SYS_PARAM_H 1
| #define HAVE_SYS_PERSONALITY_H 1
| #define HAVE_SYS_PRCTL_H 1
| #define HAVE_SYS_PTRACE_H 1
| #define HAVE_SYS_QUEUE_H 1
| #define HAVE_SYS_RANDOM_H 1
| #define HAVE_SYS_RESOURCE_H 1
| #define HAVE_SYS_SHM_H 1
| #define HAVE_SYS_SIGNAL_H 1
| #define HAVE_SYS_SOCKETVAR_H 1
| #define HAVE_SYS_STATVFS_H 1
| #define HAVE_SYS_SYSCALL_H 1
| #define HAVE_SYS_SYSINFO_H 1
| #define HAVE_SYS_TIMES_H 1
| #define HAVE_SYS_UIO_H 1
| #define HAVE_SYS_USER_H 1
| #define HAVE_SYS_UTSNAME_H 1
| #define HAVE_SYS_XATTR_H 1
| #define HAVE_SYSCALL_H 1
| #define HAVE_UTIME_H 1
| #define HAVE_VALGRIND_MEMCHECK_H 1
| #define HAVE_VALGRIND_VALGRIND_H 1
| #define MAJOR_IN_SYSMACROS 1
| #define HAVE_SYS_MOUNT_H 1
| #define HAVE_SYS_STATFS_H 1
| #define HAVE_SYS_USER_H 1
| #define HAVE_SYS_VFS_H 1
| #define HAVE_NETINET_IP_H 1
| #define HAVE_NET_IF_H 1
| #define HAVE_NET_IF_ARP_H 1
| #define HAVE_NET_ROUTE_H 1
| #define HAVE_NETINET_IF_ETHER_H 1
| #define HAVE_NETINET_IP_ICMP_H 1
| #define HAVE_NETINET_UDP_H 1
| #define HAVE_NETIPX_IPX_H 1
| #define HAVE_SYS_UN_H 1
| #define HAVE_NETINET_ICMP6_H 1
| #define HAVE_LINUX_RTNETLINK_H 1
| #define HAVE_RESOLV_H 1
| #define HAVE_IFADDRS_H 1
| #define HAVE_SYS_UCONTEXT_H 1
| #define HAVE_LINUX_VIDEODEV2_H 1
| #define _GNU_SOURCE 1
| #define SONAME_LIBX11 "libX11.so.6"
| #define SONAME_LIBXEXT "libXext.so.6"
| #define HAVE_X11_EXTENSIONS_SHAPE_H 1
| #define HAVE_X11_EXTENSIONS_XINPUT2_H 1
| #define HAVE_X11_EXTENSIONS_XSHM_H 1
| #define HAVE_X11_EXTENSIONS_XFIXES_H 1
| #define HAVE_X11_EXTENSIONS_XRANDR_H 1
| #define HAVE_X11_EXTENSIONS_XRENDER_H 1
| #define HAVE_X11_EXTENSIONS_XF86VMPROTO_H 1
| #define SONAME_LIBXCURSOR "libXcursor.so.1"
| #define SONAME_LIBXI "libXi.so.6"
| #define HAVE_LIBXXSHM 1
| #define HAVE_LIBXSHAPE 1
| #define SONAME_LIBXRENDER "libXrender.so.1"
| #define HAVE_XRENDERSETPICTURETRANSFORM 1
| #define HAVE_XRENDERCREATELINEARGRADIENT 1
| #define SONAME_LIBXRANDR "libXrandr.so.2"
| #define HAVE_XRRGETPROVIDERRESOURCES 1
| #define SONAME_LIBXFIXES "libXfixes.so.3"
| #define HAVE_XICCALLBACK_CALLBACK 1
| #define HAVE_XEVENT_XCOOKIE 1
| #define HAVE_SYS_INOTIFY_H 1
| #define HAVE_RESOLV 1
| #define HAVE_FT2BUILD_H 1
| #define SONAME_LIBFREETYPE "libfreetype.so.6"
| #define SONAME_LIBFONTCONFIG "libfontconfig.so.1"
| #define SONAME_LIBODBC "libodbc.so"
| #define HAVE_WINE_PRELOADER 1
| #define HAVE_DLADDR1 1
| #define HAVE_DLINFO 1
| #define HAVE_EPOLL_CREATE 1
| #define HAVE_EPOLL_PWAIT2 1
| #define HAVE_FSTATFS 1
| #define HAVE_FUTIMENS 1
| #define HAVE_FUTIMES 1
| #define HAVE_FUTIMESAT 1
| #define HAVE_GETADDRINFO 1
| #define HAVE_GETAUXVAL 1
| #define HAVE_GETIFADDRS 1
| #define HAVE_GETRANDOM 1
| #define HAVE_MEMFD_CREATE 1
| #define HAVE_PIPE2 1
| #define HAVE_POSIX_FADVISE 1
| #define HAVE_POSIX_FALLOCATE 1
| #define HAVE_PRCTL 1
| #define HAVE_PROCESS_VM_READV 1
| #define HAVE_PROCESS_VM_WRITEV 1
| #define HAVE_SCHED_GETCPU 1
| #define HAVE_SCHED_YIELD 1
| #define HAVE_SIGPROCMASK 1
| #define HAVE_SYSINFO 1
| #define HAVE_TCDRAIN 1
| #define HAVE_CLOCK_GETTIME 1
| #define HAVE_SCHED_SETAFFINITY 1
| #define HAVE_LINUX_GETHOSTBYNAME_R_6 1
| #define HAVE_SG_IO_HDR_T_INTERFACE_ID 1
| #define HAVE_SIGINFO_T_SI_FD 1
| #define HAVE_STRUCT_MTGET_MT_GSTAT 1
| #define HAVE_STRUCT_MTGET_MT_BLKNO 1
| #define HAVE_STRUCT_STAT_ST_MTIM 1
| /* end confdefs.h.  */
| #include <stddef.h>
| #ifdef HAVE_STDIO_H
| # include <stdio.h>
| #endif
| #ifdef HAVE_STDLIB_H
| # include <stdlib.h>
| #endif
| #ifdef HAVE_STRING_H
| # include <string.h>
| #endif
| #ifdef HAVE_INTTYPES_H
| # include <inttypes.h>
| #endif
| #ifdef HAVE_STDINT_H
| # include <stdint.h>
| #endif
| #ifdef HAVE_STRINGS_H
| # include <strings.h>
| #endif
| #ifdef HAVE_SYS_TYPES_H
| # include <sys/types.h>
| #endif
| #ifdef HAVE_SYS_STAT_H
| # include <sys/stat.h>
| #endif
| #ifdef HAVE_UNISTD_H
| # include <unistd.h>
| #endif
| int
| main (void)
| {
| static struct stat ac_aggr;
| if (ac_aggr.st_ctim)
| return 0;
|   ;
|   return 0;
| }
configure:21747: gcc -m64 -c -g -O2 -U_FORTIFY_SOURCE -D_FORTIFY_SOURCE=0  conftest.c >&5
configure:21747: $? = 0
configure:21747: result: yes
configure:21755: checking for struct stat.st_ctimespec
configure:21755: gcc -m64 -c -g -O2 -U_FORTIFY_SOURCE -D_FORTIFY_SOURCE=0  conftest.c >&5
conftest.c: In function 'main':
conftest.c:191:12: error: 'struct stat' has no member named 'st_ctimespec'
  191 | if (ac_aggr.st_ctimespec)
      |            ^
configure:21755: $? = 1
configure: failed program was:
| /* confdefs.h */
| #define PACKAGE_NAME "Wine"
| #define PACKAGE_TARNAME "wine"
| #define PACKAGE_VERSION "11.15"
| #define PACKAGE_STRING "Wine 11.15"
| #define PACKAGE_BUGREPORT "wine-devel@winehq.org"
| #define PACKAGE_URL "https://www.winehq.org"
| #define EXEEXT ""
| #define HAVE_STDIO_H 1
| #define HAVE_STDLIB_H 1
| #define HAVE_STRING_H 1
| #define HAVE_INTTYPES_H 1
| #define HAVE_STDINT_H 1
| #define HAVE_STRINGS_H 1
| #define HAVE_SYS_STAT_H 1
| #define HAVE_SYS_TYPES_H 1
| #define HAVE_UNISTD_H 1
| #define STDC_HEADERS 1
| #define HAVE_ARPA_INET_H 1
| #define HAVE_ARPA_NAMESER_H 1
| #define HAVE_ASM_TERMBITS_H 1
| #define HAVE_ASM_TYPES_H 1
| #define HAVE_ELF_H 1
| #define HAVE_LINK_H 1
| #define HAVE_LINUX_CDROM_H 1
| #define HAVE_LINUX_ERRQUEUE_H 1
| #define HAVE_LINUX_FILTER_H 1
| #define HAVE_LINUX_FS_H 1
| #define HAVE_LINUX_HDREG_H 1
| #define HAVE_LINUX_HIDRAW_H 1
| #define HAVE_LINUX_INPUT_H 1
| #define HAVE_LINUX_IOCTL_H 1
| #define HAVE_LINUX_MAJOR_H 1
| #define HAVE_LINUX_MEMFD_H 1
| #define HAVE_LINUX_PARAM_H 1
| #define HAVE_LINUX_SERIAL_H 1
| #define HAVE_LINUX_TYPES_H 1
| #define HAVE_LINUX_USERFAULTFD_H 1
| #define HAVE_LINUX_WIRELESS_H 1
| #define HAVE_MNTENT_H 1
| #define HAVE_NETDB_H 1
| #define HAVE_NETINET_IN_H 1
| #define HAVE_NETINET_IN_SYSTM_H 1
| #define HAVE_NETINET_TCP_H 1
| #define HAVE_PWD_H 1
| #define HAVE_SCHED_H 1
| #define HAVE_SCSI_SCSI_H 1
| #define HAVE_SCSI_SCSI_IOCTL_H 1
| #define HAVE_SCSI_SG_H 1
| #define HAVE_SYS_AUXV_H 1
| #define HAVE_SYS_EPOLL_H 1
| #define HAVE_SYS_IPC_H 1
| #define HAVE_SYS_MTIO_H 1
| #define HAVE_SYS_PARAM_H 1
| #define HAVE_SYS_PERSONALITY_H 1
| #define HAVE_SYS_PRCTL_H 1
| #define HAVE_SYS_PTRACE_H 1
| #define HAVE_SYS_QUEUE_H 1
| #define HAVE_SYS_RANDOM_H 1
| #define HAVE_SYS_RESOURCE_H 1
| #define HAVE_SYS_SHM_H 1
| #define HAVE_SYS_SIGNAL_H 1
| #define HAVE_SYS_SOCKETVAR_H 1
| #define HAVE_SYS_STATVFS_H 1
| #define HAVE_SYS_SYSCALL_H 1
| #define HAVE_SYS_SYSINFO_H 1
| #define HAVE_SYS_TIMES_H 1
| #define HAVE_SYS_UIO_H 1
| #define HAVE_SYS_USER_H 1
| #define HAVE_SYS_UTSNAME_H 1
| #define HAVE_SYS_XATTR_H 1
| #define HAVE_SYSCALL_H 1
| #define HAVE_UTIME_H 1
| #define HAVE_VALGRIND_MEMCHECK_H 1
| #define HAVE_VALGRIND_VALGRIND_H 1
| #define MAJOR_IN_SYSMACROS 1
| #define HAVE_SYS_MOUNT_H 1
| #define HAVE_SYS_STATFS_H 1
| #define HAVE_SYS_USER_H 1
| #define HAVE_SYS_VFS_H 1
| #define HAVE_NETINET_IP_H 1
| #define HAVE_NET_IF_H 1
| #define HAVE_NET_IF_ARP_H 1
| #define HAVE_NET_ROUTE_H 1
| #define HAVE_NETINET_IF_ETHER_H 1
| #define HAVE_NETINET_IP_ICMP_H 1
| #define HAVE_NETINET_UDP_H 1
| #define HAVE_NETIPX_IPX_H 1
| #define HAVE_SYS_UN_H 1
| #define HAVE_NETINET_ICMP6_H 1
| #define HAVE_LINUX_RTNETLINK_H 1
| #define HAVE_RESOLV_H 1
| #define HAVE_IFADDRS_H 1
| #define HAVE_SYS_UCONTEXT_H 1
| #define HAVE_LINUX_VIDEODEV2_H 1
| #define _GNU_SOURCE 1
| #define SONAME_LIBX11 "libX11.so.6"
| #define SONAME_LIBXEXT "libXext.so.6"
| #define HAVE_X11_EXTENSIONS_SHAPE_H 1
| #define HAVE_X11_EXTENSIONS_XINPUT2_H 1
| #define HAVE_X11_EXTENSIONS_XSHM_H 1
| #define HAVE_X11_EXTENSIONS_XFIXES_H 1
| #define HAVE_X11_EXTENSIONS_XRANDR_H 1
| #define HAVE_X11_EXTENSIONS_XRENDER_H 1
| #define HAVE_X11_EXTENSIONS_XF86VMPROTO_H 1
| #define SONAME_LIBXCURSOR "libXcursor.so.1"
| #define SONAME_LIBXI "libXi.so.6"
| #define HAVE_LIBXXSHM 1
| #define HAVE_LIBXSHAPE 1
| #define SONAME_LIBXRENDER "libXrender.so.1"
| #define HAVE_XRENDERSETPICTURETRANSFORM 1
| #define HAVE_XRENDERCREATELINEARGRADIENT 1
| #define SONAME_LIBXRANDR "libXrandr.so.2"
| #define HAVE_XRRGETPROVIDERRESOURCES 1
| #define SONAME_LIBXFIXES "libXfixes.so.3"
| #define HAVE_XICCALLBACK_CALLBACK 1
| #define HAVE_XEVENT_XCOOKIE 1
| #define HAVE_SYS_INOTIFY_H 1
| #define HAVE_RESOLV 1
| #define HAVE_FT2BUILD_H 1
| #define SONAME_LIBFREETYPE "libfreetype.so.6"
| #define SONAME_LIBFONTCONFIG "libfontconfig.so.1"
| #define SONAME_LIBODBC "libodbc.so"
| #define HAVE_WINE_PRELOADER 1
| #define HAVE_DLADDR1 1
| #define HAVE_DLINFO 1
| #define HAVE_EPOLL_CREATE 1
| #define HAVE_EPOLL_PWAIT2 1
| #define HAVE_FSTATFS 1
| #define HAVE_FUTIMENS 1
| #define HAVE_FUTIMES 1
| #define HAVE_FUTIMESAT 1
| #define HAVE_GETADDRINFO 1
| #define HAVE_GETAUXVAL 1
| #define HAVE_GETIFADDRS 1
| #define HAVE_GETRANDOM 1
| #define HAVE_MEMFD_CREATE 1
| #define HAVE_PIPE2 1
| #define HAVE_POSIX_FADVISE 1
| #define HAVE_POSIX_FALLOCATE 1
| #define HAVE_PRCTL 1
| #define HAVE_PROCESS_VM_READV 1
| #define HAVE_PROCESS_VM_WRITEV 1
| #define HAVE_SCHED_GETCPU 1
| #define HAVE_SCHED_YIELD 1
| #define HAVE_SIGPROCMASK 1
| #define HAVE_SYSINFO 1
| #define HAVE_TCDRAIN 1
| #define HAVE_CLOCK_GETTIME 1
| #define HAVE_SCHED_SETAFFINITY 1
| #define HAVE_LINUX_GETHOSTBYNAME_R_6 1
| #define HAVE_SG_IO_HDR_T_INTERFACE_ID 1
| #define HAVE_SIGINFO_T_SI_FD 1
| #define HAVE_STRUCT_MTGET_MT_GSTAT 1
| #define HAVE_STRUCT_MTGET_MT_BLKNO 1
| #define HAVE_STRUCT_STAT_ST_MTIM 1
| #define HAVE_STRUCT_STAT_ST_CTIM 1
| /* end confdefs.h.  */
| #include <stddef.h>
| #ifdef HAVE_STDIO_H
| # include <stdio.h>
| #endif
| #ifdef HAVE_STDLIB_H
| # include <stdlib.h>
| #endif
| #ifdef HAVE_STRING_H
| # include <string.h>
| #endif
| #ifdef HAVE_INTTYPES_H
| # include <inttypes.h>
| #endif
| #ifdef HAVE_STDINT_H
| # include <stdint.h>
| #endif
| #ifdef HAVE_STRINGS_H
| # include <strings.h>
| #endif
| #ifdef HAVE_SYS_TYPES_H
| # include <sys/types.h>
| #endif
| #ifdef HAVE_SYS_STAT_H
| # include <sys/stat.h>
| #endif
| #ifdef HAVE_UNISTD_H
| # include <unistd.h>
| #endif
| int
| main (void)
| {
| static struct stat ac_aggr;
| if (ac_aggr.st_ctimespec)
| return 0;
|   ;
|   return 0;
| }
configure:21755: gcc -m64 -c -g -O2 -U_FORTIFY_SOURCE -D_FORTIFY_SOURCE=0  conftest.c >&5
conftest.c: In function 'main':
conftest.c:191:19: error: 'struct stat' has no member named 'st_ctimespec'
  191 | if (sizeof ac_aggr.st_ctimespec)
      |                   ^
configure:21755: $? = 1
configure: failed program was:
| /* confdefs.h */
| #define PACKAGE_NAME "Wine"
| #define PACKAGE_TARNAME "wine"
| #define PACKAGE_VERSION "11.15"
| #define PACKAGE_STRING "Wine 11.15"
| #define PACKAGE_BUGREPORT "wine-devel@winehq.org"
| #define PACKAGE_URL "https://www.winehq.org"
| #define EXEEXT ""
| #define HAVE_STDIO_H 1
| #define HAVE_STDLIB_H 1
| #define HAVE_STRING_H 1
| #define HAVE_INTTYPES_H 1
| #define HAVE_STDINT_H 1
| #define HAVE_STRINGS_H 1
| #define HAVE_SYS_STAT_H 1
| #define HAVE_SYS_TYPES_H 1
| #define HAVE_UNISTD_H 1
| #define STDC_HEADERS 1
| #define HAVE_ARPA_INET_H 1
| #define HAVE_ARPA_NAMESER_H 1
| #define HAVE_ASM_TERMBITS_H 1
| #define HAVE_ASM_TYPES_H 1
| #define HAVE_ELF_H 1
| #define HAVE_LINK_H 1
| #define HAVE_LINUX_CDROM_H 1
| #define HAVE_LINUX_ERRQUEUE_H 1
| #define HAVE_LINUX_FILTER_H 1
| #define HAVE_LINUX_FS_H 1
| #define HAVE_LINUX_HDREG_H 1
| #define HAVE_LINUX_HIDRAW_H 1
| #define HAVE_LINUX_INPUT_H 1
| #define HAVE_LINUX_IOCTL_H 1
| #define HAVE_LINUX_MAJOR_H 1
| #define HAVE_LINUX_MEMFD_H 1
| #define HAVE_LINUX_PARAM_H 1
| #define HAVE_LINUX_SERIAL_H 1
| #define HAVE_LINUX_TYPES_H 1
| #define HAVE_LINUX_USERFAULTFD_H 1
| #define HAVE_LINUX_WIRELESS_H 1
| #define HAVE_MNTENT_H 1
| #define HAVE_NETDB_H 1
| #define HAVE_NETINET_IN_H 1
| #define HAVE_NETINET_IN_SYSTM_H 1
| #define HAVE_NETINET_TCP_H 1
| #define HAVE_PWD_H 1
| #define HAVE_SCHED_H 1
| #define HAVE_SCSI_SCSI_H 1
| #define HAVE_SCSI_SCSI_IOCTL_H 1
| #define HAVE_SCSI_SG_H 1
| #define HAVE_SYS_AUXV_H 1
| #define HAVE_SYS_EPOLL_H 1
| #define HAVE_SYS_IPC_H 1
| #define HAVE_SYS_MTIO_H 1
| #define HAVE_SYS_PARAM_H 1
| #define HAVE_SYS_PERSONALITY_H 1
| #define HAVE_SYS_PRCTL_H 1
| #define HAVE_SYS_PTRACE_H 1
| #define HAVE_SYS_QUEUE_H 1
| #define HAVE_SYS_RANDOM_H 1
| #define HAVE_SYS_RESOURCE_H 1
| #define HAVE_SYS_SHM_H 1
| #define HAVE_SYS_SIGNAL_H 1
| #define HAVE_SYS_SOCKETVAR_H 1
| #define HAVE_SYS_STATVFS_H 1
| #define HAVE_SYS_SYSCALL_H 1
| #define HAVE_SYS_SYSINFO_H 1
| #define HAVE_SYS_TIMES_H 1
| #define HAVE_SYS_UIO_H 1
| #define HAVE_SYS_USER_H 1
| #define HAVE_SYS_UTSNAME_H 1
| #define HAVE_SYS_XATTR_H 1
| #define HAVE_SYSCALL_H 1
| #define HAVE_UTIME_H 1
| #define HAVE_VALGRIND_MEMCHECK_H 1
| #define HAVE_VALGRIND_VALGRIND_H 1
| #define MAJOR_IN_SYSMACROS 1
| #define HAVE_SYS_MOUNT_H 1
| #define HAVE_SYS_STATFS_H 1
| #define HAVE_SYS_USER_H 1
| #define HAVE_SYS_VFS_H 1
| #define HAVE_NETINET_IP_H 1
| #define HAVE_NET_IF_H 1
| #define HAVE_NET_IF_ARP_H 1
| #define HAVE_NET_ROUTE_H 1
| #define HAVE_NETINET_IF_ETHER_H 1
| #define HAVE_NETINET_IP_ICMP_H 1
| #define HAVE_NETINET_UDP_H 1
| #define HAVE_NETIPX_IPX_H 1
| #define HAVE_SYS_UN_H 1
| #define HAVE_NETINET_ICMP6_H 1
| #define HAVE_LINUX_RTNETLINK_H 1
| #define HAVE_RESOLV_H 1
| #define HAVE_IFADDRS_H 1
| #define HAVE_SYS_UCONTEXT_H 1
| #define HAVE_LINUX_VIDEODEV2_H 1
| #define _GNU_SOURCE 1
| #define SONAME_LIBX11 "libX11.so.6"
| #define SONAME_LIBXEXT "libXext.so.6"
| #define HAVE_X11_EXTENSIONS_SHAPE_H 1
| #define HAVE_X11_EXTENSIONS_XINPUT2_H 1
| #define HAVE_X11_EXTENSIONS_XSHM_H 1
| #define HAVE_X11_EXTENSIONS_XFIXES_H 1
| #define HAVE_X11_EXTENSIONS_XRANDR_H 1
| #define HAVE_X11_EXTENSIONS_XRENDER_H 1
| #define HAVE_X11_EXTENSIONS_XF86VMPROTO_H 1
| #define SONAME_LIBXCURSOR "libXcursor.so.1"
| #define SONAME_LIBXI "libXi.so.6"
| #define HAVE_LIBXXSHM 1
| #define HAVE_LIBXSHAPE 1
| #define SONAME_LIBXRENDER "libXrender.so.1"
| #define HAVE_XRENDERSETPICTURETRANSFORM 1
| #define HAVE_XRENDERCREATELINEARGRADIENT 1
| #define SONAME_LIBXRANDR "libXrandr.so.2"
| #define HAVE_XRRGETPROVIDERRESOURCES 1
| #define SONAME_LIBXFIXES "libXfixes.so.3"
| #define HAVE_XICCALLBACK_CALLBACK 1
| #define HAVE_XEVENT_XCOOKIE 1
| #define HAVE_SYS_INOTIFY_H 1
| #define HAVE_RESOLV 1
| #define HAVE_FT2BUILD_H 1
| #define SONAME_LIBFREETYPE "libfreetype.so.6"
| #define SONAME_LIBFONTCONFIG "libfontconfig.so.1"
| #define SONAME_LIBODBC "libodbc.so"
| #define HAVE_WINE_PRELOADER 1
| #define HAVE_DLADDR1 1
| #define HAVE_DLINFO 1
| #define HAVE_EPOLL_CREATE 1
| #define HAVE_EPOLL_PWAIT2 1
| #define HAVE_FSTATFS 1
| #define HAVE_FUTIMENS 1
| #define HAVE_FUTIMES 1
| #define HAVE_FUTIMESAT 1
| #define HAVE_GETADDRINFO 1
| #define HAVE_GETAUXVAL 1
| #define HAVE_GETIFADDRS 1
| #define HAVE_GETRANDOM 1
| #define HAVE_MEMFD_CREATE 1
| #define HAVE_PIPE2 1
| #define HAVE_POSIX_FADVISE 1
| #define HAVE_POSIX_FALLOCATE 1
| #define HAVE_PRCTL 1
| #define HAVE_PROCESS_VM_READV 1
| #define HAVE_PROCESS_VM_WRITEV 1
| #define HAVE_SCHED_GETCPU 1
| #define HAVE_SCHED_YIELD 1
| #define HAVE_SIGPROCMASK 1
| #define HAVE_SYSINFO 1
| #define HAVE_TCDRAIN 1
| #define HAVE_CLOCK_GETTIME 1
| #define HAVE_SCHED_SETAFFINITY 1
| #define HAVE_LINUX_GETHOSTBYNAME_R_6 1
| #define HAVE_SG_IO_HDR_T_INTERFACE_ID 1
| #define HAVE_SIGINFO_T_SI_FD 1
| #define HAVE_STRUCT_MTGET_MT_GSTAT 1
| #define HAVE_STRUCT_MTGET_MT_BLKNO 1
| #define HAVE_STRUCT_STAT_ST_MTIM 1
| #define HAVE_STRUCT_STAT_ST_CTIM 1
| /* end confdefs.h.  */
| #include <stddef.h>
| #ifdef HAVE_STDIO_H
| # include <stdio.h>
| #endif
| #ifdef HAVE_STDLIB_H
| # include <stdlib.h>
| #endif
| #ifdef HAVE_STRING_H
| # include <string.h>
| #endif
| #ifdef HAVE_INTTYPES_H
| # include <inttypes.h>
| #endif
| #ifdef HAVE_STDINT_H
| # include <stdint.h>
| #endif
| #ifdef HAVE_STRINGS_H
| # include <strings.h>
| #endif
| #ifdef HAVE_SYS_TYPES_H
| # include <sys/types.h>
| #endif
| #ifdef HAVE_SYS_STAT_H
| # include <sys/stat.h>
| #endif
| #ifdef HAVE_UNISTD_H
| # include <unistd.h>
| #endif
| int
| main (void)
| {
| static struct stat ac_aggr;
| if (sizeof ac_aggr.st_ctimespec)
| return 0;
|   ;
|   return 0;
| }
configure:21755: result: no
configure:21763: checking for struct stat.st_atim
configure:21763: gcc -m64 -c -g -O2 -U_FORTIFY_SOURCE -D_FORTIFY_SOURCE=0  conftest.c >&5
conftest.c: In function 'main':
conftest.c:191:5: error: used struct type value where scalar is required
  191 | if (ac_aggr.st_atim)
      |     ^~~~~~~
configure:21763: $? = 1
configure: failed program was:
| /* confdefs.h */
| #define PACKAGE_NAME "Wine"
| #define PACKAGE_TARNAME "wine"
| #define PACKAGE_VERSION "11.15"
| #define PACKAGE_STRING "Wine 11.15"
| #define PACKAGE_BUGREPORT "wine-devel@winehq.org"
| #define PACKAGE_URL "https://www.winehq.org"
| #define EXEEXT ""
| #define HAVE_STDIO_H 1
| #define HAVE_STDLIB_H 1
| #define HAVE_STRING_H 1
| #define HAVE_INTTYPES_H 1
| #define HAVE_STDINT_H 1
| #define HAVE_STRINGS_H 1
| #define HAVE_SYS_STAT_H 1
| #define HAVE_SYS_TYPES_H 1
| #define HAVE_UNISTD_H 1
| #define STDC_HEADERS 1
| #define HAVE_ARPA_INET_H 1
| #define HAVE_ARPA_NAMESER_H 1
| #define HAVE_ASM_TERMBITS_H 1
| #define HAVE_ASM_TYPES_H 1
| #define HAVE_ELF_H 1
| #define HAVE_LINK_H 1
| #define HAVE_LINUX_CDROM_H 1
| #define HAVE_LINUX_ERRQUEUE_H 1
| #define HAVE_LINUX_FILTER_H 1
| #define HAVE_LINUX_FS_H 1
| #define HAVE_LINUX_HDREG_H 1
| #define HAVE_LINUX_HIDRAW_H 1
| #define HAVE_LINUX_INPUT_H 1
| #define HAVE_LINUX_IOCTL_H 1
| #define HAVE_LINUX_MAJOR_H 1
| #define HAVE_LINUX_MEMFD_H 1
| #define HAVE_LINUX_PARAM_H 1
| #define HAVE_LINUX_SERIAL_H 1
| #define HAVE_LINUX_TYPES_H 1
| #define HAVE_LINUX_USERFAULTFD_H 1
| #define HAVE_LINUX_WIRELESS_H 1
| #define HAVE_MNTENT_H 1
| #define HAVE_NETDB_H 1
| #define HAVE_NETINET_IN_H 1
| #define HAVE_NETINET_IN_SYSTM_H 1
| #define HAVE_NETINET_TCP_H 1
| #define HAVE_PWD_H 1
| #define HAVE_SCHED_H 1
| #define HAVE_SCSI_SCSI_H 1
| #define HAVE_SCSI_SCSI_IOCTL_H 1
| #define HAVE_SCSI_SG_H 1
| #define HAVE_SYS_AUXV_H 1
| #define HAVE_SYS_EPOLL_H 1
| #define HAVE_SYS_IPC_H 1
| #define HAVE_SYS_MTIO_H 1
| #define HAVE_SYS_PARAM_H 1
| #define HAVE_SYS_PERSONALITY_H 1
| #define HAVE_SYS_PRCTL_H 1
| #define HAVE_SYS_PTRACE_H 1
| #define HAVE_SYS_QUEUE_H 1
| #define HAVE_SYS_RANDOM_H 1
| #define HAVE_SYS_RESOURCE_H 1
| #define HAVE_SYS_SHM_H 1
| #define HAVE_SYS_SIGNAL_H 1
| #define HAVE_SYS_SOCKETVAR_H 1
| #define HAVE_SYS_STATVFS_H 1
| #define HAVE_SYS_SYSCALL_H 1
| #define HAVE_SYS_SYSINFO_H 1
| #define HAVE_SYS_TIMES_H 1
| #define HAVE_SYS_UIO_H 1
| #define HAVE_SYS_USER_H 1
| #define HAVE_SYS_UTSNAME_H 1
| #define HAVE_SYS_XATTR_H 1
| #define HAVE_SYSCALL_H 1
| #define HAVE_UTIME_H 1
| #define HAVE_VALGRIND_MEMCHECK_H 1
| #define HAVE_VALGRIND_VALGRIND_H 1
| #define MAJOR_IN_SYSMACROS 1
| #define HAVE_SYS_MOUNT_H 1
| #define HAVE_SYS_STATFS_H 1
| #define HAVE_SYS_USER_H 1
| #define HAVE_SYS_VFS_H 1
| #define HAVE_NETINET_IP_H 1
| #define HAVE_NET_IF_H 1
| #define HAVE_NET_IF_ARP_H 1
| #define HAVE_NET_ROUTE_H 1
| #define HAVE_NETINET_IF_ETHER_H 1
| #define HAVE_NETINET_IP_ICMP_H 1
| #define HAVE_NETINET_UDP_H 1
| #define HAVE_NETIPX_IPX_H 1
| #define HAVE_SYS_UN_H 1
| #define HAVE_NETINET_ICMP6_H 1
| #define HAVE_LINUX_RTNETLINK_H 1
| #define HAVE_RESOLV_H 1
| #define HAVE_IFADDRS_H 1
| #define HAVE_SYS_UCONTEXT_H 1
| #define HAVE_LINUX_VIDEODEV2_H 1
| #define _GNU_SOURCE 1
| #define SONAME_LIBX11 "libX11.so.6"
| #define SONAME_LIBXEXT "libXext.so.6"
| #define HAVE_X11_EXTENSIONS_SHAPE_H 1
| #define HAVE_X11_EXTENSIONS_XINPUT2_H 1
| #define HAVE_X11_EXTENSIONS_XSHM_H 1
| #define HAVE_X11_EXTENSIONS_XFIXES_H 1
| #define HAVE_X11_EXTENSIONS_XRANDR_H 1
| #define HAVE_X11_EXTENSIONS_XRENDER_H 1
| #define HAVE_X11_EXTENSIONS_XF86VMPROTO_H 1
| #define SONAME_LIBXCURSOR "libXcursor.so.1"
| #define SONAME_LIBXI "libXi.so.6"
| #define HAVE_LIBXXSHM 1
| #define HAVE_LIBXSHAPE 1
| #define SONAME_LIBXRENDER "libXrender.so.1"
| #define HAVE_XRENDERSETPICTURETRANSFORM 1
| #define HAVE_XRENDERCREATELINEARGRADIENT 1
| #define SONAME_LIBXRANDR "libXrandr.so.2"
| #define HAVE_XRRGETPROVIDERRESOURCES 1
| #define SONAME_LIBXFIXES "libXfixes.so.3"
| #define HAVE_XICCALLBACK_CALLBACK 1
| #define HAVE_XEVENT_XCOOKIE 1
| #define HAVE_SYS_INOTIFY_H 1
| #define HAVE_RESOLV 1
| #define HAVE_FT2BUILD_H 1
| #define SONAME_LIBFREETYPE "libfreetype.so.6"
| #define SONAME_LIBFONTCONFIG "libfontconfig.so.1"
| #define SONAME_LIBODBC "libodbc.so"
| #define HAVE_WINE_PRELOADER 1
| #define HAVE_DLADDR1 1
| #define HAVE_DLINFO 1
| #define HAVE_EPOLL_CREATE 1
| #define HAVE_EPOLL_PWAIT2 1
| #define HAVE_FSTATFS 1
| #define HAVE_FUTIMENS 1
| #define HAVE_FUTIMES 1
| #define HAVE_FUTIMESAT 1
| #define HAVE_GETADDRINFO 1
| #define HAVE_GETAUXVAL 1
| #define HAVE_GETIFADDRS 1
| #define HAVE_GETRANDOM 1
| #define HAVE_MEMFD_CREATE 1
| #define HAVE_PIPE2 1
| #define HAVE_POSIX_FADVISE 1
| #define HAVE_POSIX_FALLOCATE 1
| #define HAVE_PRCTL 1
| #define HAVE_PROCESS_VM_READV 1
| #define HAVE_PROCESS_VM_WRITEV 1
| #define HAVE_SCHED_GETCPU 1
| #define HAVE_SCHED_YIELD 1
| #define HAVE_SIGPROCMASK 1
| #define HAVE_SYSINFO 1
| #define HAVE_TCDRAIN 1
| #define HAVE_CLOCK_GETTIME 1
| #define HAVE_SCHED_SETAFFINITY 1
| #define HAVE_LINUX_GETHOSTBYNAME_R_6 1
| #define HAVE_SG_IO_HDR_T_INTERFACE_ID 1
| #define HAVE_SIGINFO_T_SI_FD 1
| #define HAVE_STRUCT_MTGET_MT_GSTAT 1
| #define HAVE_STRUCT_MTGET_MT_BLKNO 1
| #define HAVE_STRUCT_STAT_ST_MTIM 1
| #define HAVE_STRUCT_STAT_ST_CTIM 1
| /* end confdefs.h.  */
| #include <stddef.h>
| #ifdef HAVE_STDIO_H
| # include <stdio.h>
| #endif
| #ifdef HAVE_STDLIB_H
| # include <stdlib.h>
| #endif
| #ifdef HAVE_STRING_H
| # include <string.h>
| #endif
| #ifdef HAVE_INTTYPES_H
| # include <inttypes.h>
| #endif
| #ifdef HAVE_STDINT_H
| # include <stdint.h>
| #endif
| #ifdef HAVE_STRINGS_H
| # include <strings.h>
| #endif
| #ifdef HAVE_SYS_TYPES_H
| # include <sys/types.h>
| #endif
| #ifdef HAVE_SYS_STAT_H
| # include <sys/stat.h>
| #endif
| #ifdef HAVE_UNISTD_H
| # include <unistd.h>
| #endif
| int
| main (void)
| {
| static struct stat ac_aggr;
| if (ac_aggr.st_atim)
| return 0;
|   ;
|   return 0;
| }
configure:21763: gcc -m64 -c -g -O2 -U_FORTIFY_SOURCE -D_FORTIFY_SOURCE=0  conftest.c >&5
configure:21763: $? = 0
configure:21763: result: yes
configure:21771: checking for struct stat.st_atimespec
configure:21771: gcc -m64 -c -g -O2 -U_FORTIFY_SOURCE -D_FORTIFY_SOURCE=0  conftest.c >&5
conftest.c: In function 'main':
conftest.c:192:12: error: 'struct stat' has no member named 'st_atimespec'
  192 | if (ac_aggr.st_atimespec)
      |            ^
configure:21771: $? = 1
configure: failed program was:
| /* confdefs.h */
| #define PACKAGE_NAME "Wine"
| #define PACKAGE_TARNAME "wine"
| #define PACKAGE_VERSION "11.15"
| #define PACKAGE_STRING "Wine 11.15"
| #define PACKAGE_BUGREPORT "wine-devel@winehq.org"
| #define PACKAGE_URL "https://www.winehq.org"
| #define EXEEXT ""
| #define HAVE_STDIO_H 1
| #define HAVE_STDLIB_H 1
| #define HAVE_STRING_H 1
| #define HAVE_INTTYPES_H 1
| #define HAVE_STDINT_H 1
| #define HAVE_STRINGS_H 1
| #define HAVE_SYS_STAT_H 1
| #define HAVE_SYS_TYPES_H 1
| #define HAVE_UNISTD_H 1
| #define STDC_HEADERS 1
| #define HAVE_ARPA_INET_H 1
| #define HAVE_ARPA_NAMESER_H 1
| #define HAVE_ASM_TERMBITS_H 1
| #define HAVE_ASM_TYPES_H 1
| #define HAVE_ELF_H 1
| #define HAVE_LINK_H 1
| #define HAVE_LINUX_CDROM_H 1
| #define HAVE_LINUX_ERRQUEUE_H 1
| #define HAVE_LINUX_FILTER_H 1
| #define HAVE_LINUX_FS_H 1
| #define HAVE_LINUX_HDREG_H 1
| #define HAVE_LINUX_HIDRAW_H 1
| #define HAVE_LINUX_INPUT_H 1
| #define HAVE_LINUX_IOCTL_H 1
| #define HAVE_LINUX_MAJOR_H 1
| #define HAVE_LINUX_MEMFD_H 1
| #define HAVE_LINUX_PARAM_H 1
| #define HAVE_LINUX_SERIAL_H 1
| #define HAVE_LINUX_TYPES_H 1
| #define HAVE_LINUX_USERFAULTFD_H 1
| #define HAVE_LINUX_WIRELESS_H 1
| #define HAVE_MNTENT_H 1
| #define HAVE_NETDB_H 1
| #define HAVE_NETINET_IN_H 1
| #define HAVE_NETINET_IN_SYSTM_H 1
| #define HAVE_NETINET_TCP_H 1
| #define HAVE_PWD_H 1
| #define HAVE_SCHED_H 1
| #define HAVE_SCSI_SCSI_H 1
| #define HAVE_SCSI_SCSI_IOCTL_H 1
| #define HAVE_SCSI_SG_H 1
| #define HAVE_SYS_AUXV_H 1
| #define HAVE_SYS_EPOLL_H 1
| #define HAVE_SYS_IPC_H 1
| #define HAVE_SYS_MTIO_H 1
| #define HAVE_SYS_PARAM_H 1
| #define HAVE_SYS_PERSONALITY_H 1
| #define HAVE_SYS_PRCTL_H 1
| #define HAVE_SYS_PTRACE_H 1
| #define HAVE_SYS_QUEUE_H 1
| #define HAVE_SYS_RANDOM_H 1
| #define HAVE_SYS_RESOURCE_H 1
| #define HAVE_SYS_SHM_H 1
| #define HAVE_SYS_SIGNAL_H 1
| #define HAVE_SYS_SOCKETVAR_H 1
| #define HAVE_SYS_STATVFS_H 1
| #define HAVE_SYS_SYSCALL_H 1
| #define HAVE_SYS_SYSINFO_H 1
| #define HAVE_SYS_TIMES_H 1
| #define HAVE_SYS_UIO_H 1
| #define HAVE_SYS_USER_H 1
| #define HAVE_SYS_UTSNAME_H 1
| #define HAVE_SYS_XATTR_H 1
| #define HAVE_SYSCALL_H 1
| #define HAVE_UTIME_H 1
| #define HAVE_VALGRIND_MEMCHECK_H 1
| #define HAVE_VALGRIND_VALGRIND_H 1
| #define MAJOR_IN_SYSMACROS 1
| #define HAVE_SYS_MOUNT_H 1
| #define HAVE_SYS_STATFS_H 1
| #define HAVE_SYS_USER_H 1
| #define HAVE_SYS_VFS_H 1
| #define HAVE_NETINET_IP_H 1
| #define HAVE_NET_IF_H 1
| #define HAVE_NET_IF_ARP_H 1
| #define HAVE_NET_ROUTE_H 1
| #define HAVE_NETINET_IF_ETHER_H 1
| #define HAVE_NETINET_IP_ICMP_H 1
| #define HAVE_NETINET_UDP_H 1
| #define HAVE_NETIPX_IPX_H 1
| #define HAVE_SYS_UN_H 1
| #define HAVE_NETINET_ICMP6_H 1
| #define HAVE_LINUX_RTNETLINK_H 1
| #define HAVE_RESOLV_H 1
| #define HAVE_IFADDRS_H 1
| #define HAVE_SYS_UCONTEXT_H 1
| #define HAVE_LINUX_VIDEODEV2_H 1
| #define _GNU_SOURCE 1
| #define SONAME_LIBX11 "libX11.so.6"
| #define SONAME_LIBXEXT "libXext.so.6"
| #define HAVE_X11_EXTENSIONS_SHAPE_H 1
| #define HAVE_X11_EXTENSIONS_XINPUT2_H 1
| #define HAVE_X11_EXTENSIONS_XSHM_H 1
| #define HAVE_X11_EXTENSIONS_XFIXES_H 1
| #define HAVE_X11_EXTENSIONS_XRANDR_H 1
| #define HAVE_X11_EXTENSIONS_XRENDER_H 1
| #define HAVE_X11_EXTENSIONS_XF86VMPROTO_H 1
| #define SONAME_LIBXCURSOR "libXcursor.so.1"
| #define SONAME_LIBXI "libXi.so.6"
| #define HAVE_LIBXXSHM 1
| #define HAVE_LIBXSHAPE 1
| #define SONAME_LIBXRENDER "libXrender.so.1"
| #define HAVE_XRENDERSETPICTURETRANSFORM 1
| #define HAVE_XRENDERCREATELINEARGRADIENT 1
| #define SONAME_LIBXRANDR "libXrandr.so.2"
| #define HAVE_XRRGETPROVIDERRESOURCES 1
| #define SONAME_LIBXFIXES "libXfixes.so.3"
| #define HAVE_XICCALLBACK_CALLBACK 1
| #define HAVE_XEVENT_XCOOKIE 1
| #define HAVE_SYS_INOTIFY_H 1
| #define HAVE_RESOLV 1
| #define HAVE_FT2BUILD_H 1
| #define SONAME_LIBFREETYPE "libfreetype.so.6"
| #define SONAME_LIBFONTCONFIG "libfontconfig.so.1"
| #define SONAME_LIBODBC "libodbc.so"
| #define HAVE_WINE_PRELOADER 1
| #define HAVE_DLADDR1 1
| #define HAVE_DLINFO 1
| #define HAVE_EPOLL_CREATE 1
| #define HAVE_EPOLL_PWAIT2 1
| #define HAVE_FSTATFS 1
| #define HAVE_FUTIMENS 1
| #define HAVE_FUTIMES 1
| #define HAVE_FUTIMESAT 1
| #define HAVE_GETADDRINFO 1
| #define HAVE_GETAUXVAL 1
| #define HAVE_GETIFADDRS 1
| #define HAVE_GETRANDOM 1
| #define HAVE_MEMFD_CREATE 1
| #define HAVE_PIPE2 1
| #define HAVE_POSIX_FADVISE 1
| #define HAVE_POSIX_FALLOCATE 1
| #define HAVE_PRCTL 1
| #define HAVE_PROCESS_VM_READV 1
| #define HAVE_PROCESS_VM_WRITEV 1
| #define HAVE_SCHED_GETCPU 1
| #define HAVE_SCHED_YIELD 1
| #define HAVE_SIGPROCMASK 1
| #define HAVE_SYSINFO 1
| #define HAVE_TCDRAIN 1
| #define HAVE_CLOCK_GETTIME 1
| #define HAVE_SCHED_SETAFFINITY 1
| #define HAVE_LINUX_GETHOSTBYNAME_R_6 1
| #define HAVE_SG_IO_HDR_T_INTERFACE_ID 1
| #define HAVE_SIGINFO_T_SI_FD 1
| #define HAVE_STRUCT_MTGET_MT_GSTAT 1
| #define HAVE_STRUCT_MTGET_MT_BLKNO 1
| #define HAVE_STRUCT_STAT_ST_MTIM 1
| #define HAVE_STRUCT_STAT_ST_CTIM 1
| #define HAVE_STRUCT_STAT_ST_ATIM 1
| /* end confdefs.h.  */
| #include <stddef.h>
| #ifdef HAVE_STDIO_H
| # include <stdio.h>
| #endif
| #ifdef HAVE_STDLIB_H
| # include <stdlib.h>
| #endif
| #ifdef HAVE_STRING_H
| # include <string.h>
| #endif
| #ifdef HAVE_INTTYPES_H
| # include <inttypes.h>
| #endif
| #ifdef HAVE_STDINT_H
| # include <stdint.h>
| #endif
| #ifdef HAVE_STRINGS_H
| # include <strings.h>
| #endif
| #ifdef HAVE_SYS_TYPES_H
| # include <sys/types.h>
| #endif
| #ifdef HAVE_SYS_STAT_H
| # include <sys/stat.h>
| #endif
| #ifdef HAVE_UNISTD_H
| # include <unistd.h>
| #endif
| int
| main (void)
| {
| static struct stat ac_aggr;
| if (ac_aggr.st_atimespec)
| return 0;
|   ;
|   return 0;
| }
configure:21771: gcc -m64 -c -g -O2 -U_FORTIFY_SOURCE -D_FORTIFY_SOURCE=0  conftest.c >&5
conftest.c: In function 'main':
conftest.c:192:19: error: 'struct stat' has no member named 'st_atimespec'
  192 | if (sizeof ac_aggr.st_atimespec)
      |                   ^
configure:21771: $? = 1
configure: failed program was:
| /* confdefs.h */
| #define PACKAGE_NAME "Wine"
| #define PACKAGE_TARNAME "wine"
| #define PACKAGE_VERSION "11.15"
| #define PACKAGE_STRING "Wine 11.15"
| #define PACKAGE_BUGREPORT "wine-devel@winehq.org"
| #define PACKAGE_URL "https://www.winehq.org"
| #define EXEEXT ""
| #define HAVE_STDIO_H 1
| #define HAVE_STDLIB_H 1
| #define HAVE_STRING_H 1
| #define HAVE_INTTYPES_H 1
| #define HAVE_STDINT_H 1
| #define HAVE_STRINGS_H 1
| #define HAVE_SYS_STAT_H 1
| #define HAVE_SYS_TYPES_H 1
| #define HAVE_UNISTD_H 1
| #define STDC_HEADERS 1
| #define HAVE_ARPA_INET_H 1
| #define HAVE_ARPA_NAMESER_H 1
| #define HAVE_ASM_TERMBITS_H 1
| #define HAVE_ASM_TYPES_H 1
| #define HAVE_ELF_H 1
| #define HAVE_LINK_H 1
| #define HAVE_LINUX_CDROM_H 1
| #define HAVE_LINUX_ERRQUEUE_H 1
| #define HAVE_LINUX_FILTER_H 1
| #define HAVE_LINUX_FS_H 1
| #define HAVE_LINUX_HDREG_H 1
| #define HAVE_LINUX_HIDRAW_H 1
| #define HAVE_LINUX_INPUT_H 1
| #define HAVE_LINUX_IOCTL_H 1
| #define HAVE_LINUX_MAJOR_H 1
| #define HAVE_LINUX_MEMFD_H 1
| #define HAVE_LINUX_PARAM_H 1
| #define HAVE_LINUX_SERIAL_H 1
| #define HAVE_LINUX_TYPES_H 1
| #define HAVE_LINUX_USERFAULTFD_H 1
| #define HAVE_LINUX_WIRELESS_H 1
| #define HAVE_MNTENT_H 1
| #define HAVE_NETDB_H 1
| #define HAVE_NETINET_IN_H 1
| #define HAVE_NETINET_IN_SYSTM_H 1
| #define HAVE_NETINET_TCP_H 1
| #define HAVE_PWD_H 1
| #define HAVE_SCHED_H 1
| #define HAVE_SCSI_SCSI_H 1
| #define HAVE_SCSI_SCSI_IOCTL_H 1
| #define HAVE_SCSI_SG_H 1
| #define HAVE_SYS_AUXV_H 1
| #define HAVE_SYS_EPOLL_H 1
| #define HAVE_SYS_IPC_H 1
| #define HAVE_SYS_MTIO_H 1
| #define HAVE_SYS_PARAM_H 1
| #define HAVE_SYS_PERSONALITY_H 1
| #define HAVE_SYS_PRCTL_H 1
| #define HAVE_SYS_PTRACE_H 1
| #define HAVE_SYS_QUEUE_H 1
| #define HAVE_SYS_RANDOM_H 1
| #define HAVE_SYS_RESOURCE_H 1
| #define HAVE_SYS_SHM_H 1
| #define HAVE_SYS_SIGNAL_H 1
| #define HAVE_SYS_SOCKETVAR_H 1
| #define HAVE_SYS_STATVFS_H 1
| #define HAVE_SYS_SYSCALL_H 1
| #define HAVE_SYS_SYSINFO_H 1
| #define HAVE_SYS_TIMES_H 1
| #define HAVE_SYS_UIO_H 1
| #define HAVE_SYS_USER_H 1
| #define HAVE_SYS_UTSNAME_H 1
| #define HAVE_SYS_XATTR_H 1
| #define HAVE_SYSCALL_H 1
| #define HAVE_UTIME_H 1
| #define HAVE_VALGRIND_MEMCHECK_H 1
| #define HAVE_VALGRIND_VALGRIND_H 1
| #define MAJOR_IN_SYSMACROS 1
| #define HAVE_SYS_MOUNT_H 1
| #define HAVE_SYS_STATFS_H 1
| #define HAVE_SYS_USER_H 1
| #define HAVE_SYS_VFS_H 1
| #define HAVE_NETINET_IP_H 1
| #define HAVE_NET_IF_H 1
| #define HAVE_NET_IF_ARP_H 1
| #define HAVE_NET_ROUTE_H 1
| #define HAVE_NETINET_IF_ETHER_H 1
| #define HAVE_NETINET_IP_ICMP_H 1
| #define HAVE_NETINET_UDP_H 1
| #define HAVE_NETIPX_IPX_H 1
| #define HAVE_SYS_UN_H 1
| #define HAVE_NETINET_ICMP6_H 1
| #define HAVE_LINUX_RTNETLINK_H 1
| #define HAVE_RESOLV_H 1
| #define HAVE_IFADDRS_H 1
| #define HAVE_SYS_UCONTEXT_H 1
| #define HAVE_LINUX_VIDEODEV2_H 1
| #define _GNU_SOURCE 1
| #define SONAME_LIBX11 "libX11.so.6"
| #define SONAME_LIBXEXT "libXext.so.6"
| #define HAVE_X11_EXTENSIONS_SHAPE_H 1
| #define HAVE_X11_EXTENSIONS_XINPUT2_H 1
| #define HAVE_X11_EXTENSIONS_XSHM_H 1
| #define HAVE_X11_EXTENSIONS_XFIXES_H 1
| #define HAVE_X11_EXTENSIONS_XRANDR_H 1
| #define HAVE_X11_EXTENSIONS_XRENDER_H 1
| #define HAVE_X11_EXTENSIONS_XF86VMPROTO_H 1
| #define SONAME_LIBXCURSOR "libXcursor.so.1"
| #define SONAME_LIBXI "libXi.so.6"
| #define HAVE_LIBXXSHM 1
| #define HAVE_LIBXSHAPE 1
| #define SONAME_LIBXRENDER "libXrender.so.1"
| #define HAVE_XRENDERSETPICTURETRANSFORM 1
| #define HAVE_XRENDERCREATELINEARGRADIENT 1
| #define SONAME_LIBXRANDR "libXrandr.so.2"
| #define HAVE_XRRGETPROVIDERRESOURCES 1
| #define SONAME_LIBXFIXES "libXfixes.so.3"
| #define HAVE_XICCALLBACK_CALLBACK 1
| #define HAVE_XEVENT_XCOOKIE 1
| #define HAVE_SYS_INOTIFY_H 1
| #define HAVE_RESOLV 1
| #define HAVE_FT2BUILD_H 1
| #define SONAME_LIBFREETYPE "libfreetype.so.6"
| #define SONAME_LIBFONTCONFIG "libfontconfig.so.1"
| #define SONAME_LIBODBC "libodbc.so"
| #define HAVE_WINE_PRELOADER 1
| #define HAVE_DLADDR1 1
| #define HAVE_DLINFO 1
| #define HAVE_EPOLL_CREATE 1
| #define HAVE_EPOLL_PWAIT2 1
| #define HAVE_FSTATFS 1
| #define HAVE_FUTIMENS 1
| #define HAVE_FUTIMES 1
| #define HAVE_FUTIMESAT 1
| #define HAVE_GETADDRINFO 1
| #define HAVE_GETAUXVAL 1
| #define HAVE_GETIFADDRS 1
| #define HAVE_GETRANDOM 1
| #define HAVE_MEMFD_CREATE 1
| #define HAVE_PIPE2 1
| #define HAVE_POSIX_FADVISE 1
| #define HAVE_POSIX_FALLOCATE 1
| #define HAVE_PRCTL 1
| #define HAVE_PROCESS_VM_READV 1
| #define HAVE_PROCESS_VM_WRITEV 1
| #define HAVE_SCHED_GETCPU 1
| #define HAVE_SCHED_YIELD 1
| #define HAVE_SIGPROCMASK 1
| #define HAVE_SYSINFO 1
| #define HAVE_TCDRAIN 1
| #define HAVE_CLOCK_GETTIME 1
| #define HAVE_SCHED_SETAFFINITY 1
| #define HAVE_LINUX_GETHOSTBYNAME_R_6 1
| #define HAVE_SG_IO_HDR_T_INTERFACE_ID 1
| #define HAVE_SIGINFO_T_SI_FD 1
| #define HAVE_STRUCT_MTGET_MT_GSTAT 1
| #define HAVE_STRUCT_MTGET_MT_BLKNO 1
| #define HAVE_STRUCT_STAT_ST_MTIM 1
| #define HAVE_STRUCT_STAT_ST_CTIM 1
| #define HAVE_STRUCT_STAT_ST_ATIM 1
| /* end confdefs.h.  */
| #include <stddef.h>
| #ifdef HAVE_STDIO_H
| # include <stdio.h>
| #endif
| #ifdef HAVE_STDLIB_H
| # include <stdlib.h>
| #endif
| #ifdef HAVE_STRING_H
| # include <string.h>
| #endif
| #ifdef HAVE_INTTYPES_H
| # include <inttypes.h>
| #endif
| #ifdef HAVE_STDINT_H
| # include <stdint.h>
| #endif
| #ifdef HAVE_STRINGS_H
| # include <strings.h>
| #endif
| #ifdef HAVE_SYS_TYPES_H
| # include <sys/types.h>
| #endif
| #ifdef HAVE_SYS_STAT_H
| # include <sys/stat.h>
| #endif
| #ifdef HAVE_UNISTD_H
| # include <unistd.h>
| #endif
| int
| main (void)
| {
| static struct stat ac_aggr;
| if (sizeof ac_aggr.st_atimespec)
| return 0;
|   ;
|   return 0;
| }
configure:21771: result: no
configure:21779: checking for struct stat.st_birthtime
configure:21779: gcc -m64 -c -g -O2 -U_FORTIFY_SOURCE -D_FORTIFY_SOURCE=0  conftest.c >&5
conftest.c: In function 'main':
conftest.c:192:12: error: 'struct stat' has no member named 'st_birthtime'
  192 | if (ac_aggr.st_birthtime)
      |            ^
configure:21779: $? = 1
configure: failed program was:
| /* confdefs.h */
| #define PACKAGE_NAME "Wine"
| #define PACKAGE_TARNAME "wine"
| #define PACKAGE_VERSION "11.15"
| #define PACKAGE_STRING "Wine 11.15"
| #define PACKAGE_BUGREPORT "wine-devel@winehq.org"
| #define PACKAGE_URL "https://www.winehq.org"
| #define EXEEXT ""
| #define HAVE_STDIO_H 1
| #define HAVE_STDLIB_H 1
| #define HAVE_STRING_H 1
| #define HAVE_INTTYPES_H 1
| #define HAVE_STDINT_H 1
| #define HAVE_STRINGS_H 1
| #define HAVE_SYS_STAT_H 1
| #define HAVE_SYS_TYPES_H 1
| #define HAVE_UNISTD_H 1
| #define STDC_HEADERS 1
| #define HAVE_ARPA_INET_H 1
| #define HAVE_ARPA_NAMESER_H 1
| #define HAVE_ASM_TERMBITS_H 1
| #define HAVE_ASM_TYPES_H 1
| #define HAVE_ELF_H 1
| #define HAVE_LINK_H 1
| #define HAVE_LINUX_CDROM_H 1
| #define HAVE_LINUX_ERRQUEUE_H 1
| #define HAVE_LINUX_FILTER_H 1
| #define HAVE_LINUX_FS_H 1
| #define HAVE_LINUX_HDREG_H 1
| #define HAVE_LINUX_HIDRAW_H 1
| #define HAVE_LINUX_INPUT_H 1
| #define HAVE_LINUX_IOCTL_H 1
| #define HAVE_LINUX_MAJOR_H 1
| #define HAVE_LINUX_MEMFD_H 1
| #define HAVE_LINUX_PARAM_H 1
| #define HAVE_LINUX_SERIAL_H 1
| #define HAVE_LINUX_TYPES_H 1
| #define HAVE_LINUX_USERFAULTFD_H 1
| #define HAVE_LINUX_WIRELESS_H 1
| #define HAVE_MNTENT_H 1
| #define HAVE_NETDB_H 1
| #define HAVE_NETINET_IN_H 1
| #define HAVE_NETINET_IN_SYSTM_H 1
| #define HAVE_NETINET_TCP_H 1
| #define HAVE_PWD_H 1
| #define HAVE_SCHED_H 1
| #define HAVE_SCSI_SCSI_H 1
| #define HAVE_SCSI_SCSI_IOCTL_H 1
| #define HAVE_SCSI_SG_H 1
| #define HAVE_SYS_AUXV_H 1
| #define HAVE_SYS_EPOLL_H 1
| #define HAVE_SYS_IPC_H 1
| #define HAVE_SYS_MTIO_H 1
| #define HAVE_SYS_PARAM_H 1
| #define HAVE_SYS_PERSONALITY_H 1
| #define HAVE_SYS_PRCTL_H 1
| #define HAVE_SYS_PTRACE_H 1
| #define HAVE_SYS_QUEUE_H 1
| #define HAVE_SYS_RANDOM_H 1
| #define HAVE_SYS_RESOURCE_H 1
| #define HAVE_SYS_SHM_H 1
| #define HAVE_SYS_SIGNAL_H 1
| #define HAVE_SYS_SOCKETVAR_H 1
| #define HAVE_SYS_STATVFS_H 1
| #define HAVE_SYS_SYSCALL_H 1
| #define HAVE_SYS_SYSINFO_H 1
| #define HAVE_SYS_TIMES_H 1
| #define HAVE_SYS_UIO_H 1
| #define HAVE_SYS_USER_H 1
| #define HAVE_SYS_UTSNAME_H 1
| #define HAVE_SYS_XATTR_H 1
| #define HAVE_SYSCALL_H 1
| #define HAVE_UTIME_H 1
| #define HAVE_VALGRIND_MEMCHECK_H 1
| #define HAVE_VALGRIND_VALGRIND_H 1
| #define MAJOR_IN_SYSMACROS 1
| #define HAVE_SYS_MOUNT_H 1
| #define HAVE_SYS_STATFS_H 1
| #define HAVE_SYS_USER_H 1
| #define HAVE_SYS_VFS_H 1
| #define HAVE_NETINET_IP_H 1
| #define HAVE_NET_IF_H 1
| #define HAVE_NET_IF_ARP_H 1
| #define HAVE_NET_ROUTE_H 1
| #define HAVE_NETINET_IF_ETHER_H 1
| #define HAVE_NETINET_IP_ICMP_H 1
| #define HAVE_NETINET_UDP_H 1
| #define HAVE_NETIPX_IPX_H 1
| #define HAVE_SYS_UN_H 1
| #define HAVE_NETINET_ICMP6_H 1
| #define HAVE_LINUX_RTNETLINK_H 1
| #define HAVE_RESOLV_H 1
| #define HAVE_IFADDRS_H 1
| #define HAVE_SYS_UCONTEXT_H 1
| #define HAVE_LINUX_VIDEODEV2_H 1
| #define _GNU_SOURCE 1
| #define SONAME_LIBX11 "libX11.so.6"
| #define SONAME_LIBXEXT "libXext.so.6"
| #define HAVE_X11_EXTENSIONS_SHAPE_H 1
| #define HAVE_X11_EXTENSIONS_XINPUT2_H 1
| #define HAVE_X11_EXTENSIONS_XSHM_H 1
| #define HAVE_X11_EXTENSIONS_XFIXES_H 1
| #define HAVE_X11_EXTENSIONS_XRANDR_H 1
| #define HAVE_X11_EXTENSIONS_XRENDER_H 1
| #define HAVE_X11_EXTENSIONS_XF86VMPROTO_H 1
| #define SONAME_LIBXCURSOR "libXcursor.so.1"
| #define SONAME_LIBXI "libXi.so.6"
| #define HAVE_LIBXXSHM 1
| #define HAVE_LIBXSHAPE 1
| #define SONAME_LIBXRENDER "libXrender.so.1"
| #define HAVE_XRENDERSETPICTURETRANSFORM 1
| #define HAVE_XRENDERCREATELINEARGRADIENT 1
| #define SONAME_LIBXRANDR "libXrandr.so.2"
| #define HAVE_XRRGETPROVIDERRESOURCES 1
| #define SONAME_LIBXFIXES "libXfixes.so.3"
| #define HAVE_XICCALLBACK_CALLBACK 1
| #define HAVE_XEVENT_XCOOKIE 1
| #define HAVE_SYS_INOTIFY_H 1
| #define HAVE_RESOLV 1
| #define HAVE_FT2BUILD_H 1
| #define SONAME_LIBFREETYPE "libfreetype.so.6"
| #define SONAME_LIBFONTCONFIG "libfontconfig.so.1"
| #define SONAME_LIBODBC "libodbc.so"
| #define HAVE_WINE_PRELOADER 1
| #define HAVE_DLADDR1 1
| #define HAVE_DLINFO 1
| #define HAVE_EPOLL_CREATE 1
| #define HAVE_EPOLL_PWAIT2 1
| #define HAVE_FSTATFS 1
| #define HAVE_FUTIMENS 1
| #define HAVE_FUTIMES 1
| #define HAVE_FUTIMESAT 1
| #define HAVE_GETADDRINFO 1
| #define HAVE_GETAUXVAL 1
| #define HAVE_GETIFADDRS 1
| #define HAVE_GETRANDOM 1
| #define HAVE_MEMFD_CREATE 1
| #define HAVE_PIPE2 1
| #define HAVE_POSIX_FADVISE 1
| #define HAVE_POSIX_FALLOCATE 1
| #define HAVE_PRCTL 1
| #define HAVE_PROCESS_VM_READV 1
| #define HAVE_PROCESS_VM_WRITEV 1
| #define HAVE_SCHED_GETCPU 1
| #define HAVE_SCHED_YIELD 1
| #define HAVE_SIGPROCMASK 1
| #define HAVE_SYSINFO 1
| #define HAVE_TCDRAIN 1
| #define HAVE_CLOCK_GETTIME 1
| #define HAVE_SCHED_SETAFFINITY 1
| #define HAVE_LINUX_GETHOSTBYNAME_R_6 1
| #define HAVE_SG_IO_HDR_T_INTERFACE_ID 1
| #define HAVE_SIGINFO_T_SI_FD 1
| #define HAVE_STRUCT_MTGET_MT_GSTAT 1
| #define HAVE_STRUCT_MTGET_MT_BLKNO 1
| #define HAVE_STRUCT_STAT_ST_MTIM 1
| #define HAVE_STRUCT_STAT_ST_CTIM 1
| #define HAVE_STRUCT_STAT_ST_ATIM 1
| /* end confdefs.h.  */
| #include <stddef.h>
| #ifdef HAVE_STDIO_H
| # include <stdio.h>
| #endif
| #ifdef HAVE_STDLIB_H
| # include <stdlib.h>
| #endif
| #ifdef HAVE_STRING_H
| # include <string.h>
| #endif
| #ifdef HAVE_INTTYPES_H
| # include <inttypes.h>
| #endif
| #ifdef HAVE_STDINT_H
| # include <stdint.h>
| #endif
| #ifdef HAVE_STRINGS_H
| # include <strings.h>
| #endif
| #ifdef HAVE_SYS_TYPES_H
| # include <sys/types.h>
| #endif
| #ifdef HAVE_SYS_STAT_H
| # include <sys/stat.h>
| #endif
| #ifdef HAVE_UNISTD_H
| # include <unistd.h>
| #endif
| int
| main (void)
| {
| static struct stat ac_aggr;
| if (ac_aggr.st_birthtime)
| return 0;
|   ;
|   return 0;
| }
configure:21779: gcc -m64 -c -g -O2 -U_FORTIFY_SOURCE -D_FORTIFY_SOURCE=0  conftest.c >&5
conftest.c: In function 'main':
conftest.c:192:19: error: 'struct stat' has no member named 'st_birthtime'
  192 | if (sizeof ac_aggr.st_birthtime)
      |                   ^
configure:21779: $? = 1
configure: failed program was:
| /* confdefs.h */
| #define PACKAGE_NAME "Wine"
| #define PACKAGE_TARNAME "wine"
| #define PACKAGE_VERSION "11.15"
| #define PACKAGE_STRING "Wine 11.15"
| #define PACKAGE_BUGREPORT "wine-devel@winehq.org"
| #define PACKAGE_URL "https://www.winehq.org"
| #define EXEEXT ""
| #define HAVE_STDIO_H 1
| #define HAVE_STDLIB_H 1
| #define HAVE_STRING_H 1
| #define HAVE_INTTYPES_H 1
| #define HAVE_STDINT_H 1
| #define HAVE_STRINGS_H 1
| #define HAVE_SYS_STAT_H 1
| #define HAVE_SYS_TYPES_H 1
| #define HAVE_UNISTD_H 1
| #define STDC_HEADERS 1
| #define HAVE_ARPA_INET_H 1
| #define HAVE_ARPA_NAMESER_H 1
| #define HAVE_ASM_TERMBITS_H 1
| #define HAVE_ASM_TYPES_H 1
| #define HAVE_ELF_H 1
| #define HAVE_LINK_H 1
| #define HAVE_LINUX_CDROM_H 1
| #define HAVE_LINUX_ERRQUEUE_H 1
| #define HAVE_LINUX_FILTER_H 1
| #define HAVE_LINUX_FS_H 1
| #define HAVE_LINUX_HDREG_H 1
| #define HAVE_LINUX_HIDRAW_H 1
| #define HAVE_LINUX_INPUT_H 1
| #define HAVE_LINUX_IOCTL_H 1
| #define HAVE_LINUX_MAJOR_H 1
| #define HAVE_LINUX_MEMFD_H 1
| #define HAVE_LINUX_PARAM_H 1
| #define HAVE_LINUX_SERIAL_H 1
| #define HAVE_LINUX_TYPES_H 1
| #define HAVE_LINUX_USERFAULTFD_H 1
| #define HAVE_LINUX_WIRELESS_H 1
| #define HAVE_MNTENT_H 1
| #define HAVE_NETDB_H 1
| #define HAVE_NETINET_IN_H 1
| #define HAVE_NETINET_IN_SYSTM_H 1
| #define HAVE_NETINET_TCP_H 1
| #define HAVE_PWD_H 1
| #define HAVE_SCHED_H 1
| #define HAVE_SCSI_SCSI_H 1
| #define HAVE_SCSI_SCSI_IOCTL_H 1
| #define HAVE_SCSI_SG_H 1
| #define HAVE_SYS_AUXV_H 1
| #define HAVE_SYS_EPOLL_H 1
| #define HAVE_SYS_IPC_H 1
| #define HAVE_SYS_MTIO_H 1
| #define HAVE_SYS_PARAM_H 1
| #define HAVE_SYS_PERSONALITY_H 1
| #define HAVE_SYS_PRCTL_H 1
| #define HAVE_SYS_PTRACE_H 1
| #define HAVE_SYS_QUEUE_H 1
| #define HAVE_SYS_RANDOM_H 1
| #define HAVE_SYS_RESOURCE_H 1
| #define HAVE_SYS_SHM_H 1
| #define HAVE_SYS_SIGNAL_H 1
| #define HAVE_SYS_SOCKETVAR_H 1
| #define HAVE_SYS_STATVFS_H 1
| #define HAVE_SYS_SYSCALL_H 1
| #define HAVE_SYS_SYSINFO_H 1
| #define HAVE_SYS_TIMES_H 1
| #define HAVE_SYS_UIO_H 1
| #define HAVE_SYS_USER_H 1
| #define HAVE_SYS_UTSNAME_H 1
| #define HAVE_SYS_XATTR_H 1
| #define HAVE_SYSCALL_H 1
| #define HAVE_UTIME_H 1
| #define HAVE_VALGRIND_MEMCHECK_H 1
| #define HAVE_VALGRIND_VALGRIND_H 1
| #define MAJOR_IN_SYSMACROS 1
| #define HAVE_SYS_MOUNT_H 1
| #define HAVE_SYS_STATFS_H 1
| #define HAVE_SYS_USER_H 1
| #define HAVE_SYS_VFS_H 1
| #define HAVE_NETINET_IP_H 1
| #define HAVE_NET_IF_H 1
| #define HAVE_NET_IF_ARP_H 1
| #define HAVE_NET_ROUTE_H 1
| #define HAVE_NETINET_IF_ETHER_H 1
| #define HAVE_NETINET_IP_ICMP_H 1
| #define HAVE_NETINET_UDP_H 1
| #define HAVE_NETIPX_IPX_H 1
| #define HAVE_SYS_UN_H 1
| #define HAVE_NETINET_ICMP6_H 1
| #define HAVE_LINUX_RTNETLINK_H 1
| #define HAVE_RESOLV_H 1
| #define HAVE_IFADDRS_H 1
| #define HAVE_SYS_UCONTEXT_H 1
| #define HAVE_LINUX_VIDEODEV2_H 1
| #define _GNU_SOURCE 1
| #define SONAME_LIBX11 "libX11.so.6"
| #define SONAME_LIBXEXT "libXext.so.6"
| #define HAVE_X11_EXTENSIONS_SHAPE_H 1
| #define HAVE_X11_EXTENSIONS_XINPUT2_H 1
| #define HAVE_X11_EXTENSIONS_XSHM_H 1
| #define HAVE_X11_EXTENSIONS_XFIXES_H 1
| #define HAVE_X11_EXTENSIONS_XRANDR_H 1
| #define HAVE_X11_EXTENSIONS_XRENDER_H 1
| #define HAVE_X11_EXTENSIONS_XF86VMPROTO_H 1
| #define SONAME_LIBXCURSOR "libXcursor.so.1"
| #define SONAME_LIBXI "libXi.so.6"
| #define HAVE_LIBXXSHM 1
| #define HAVE_LIBXSHAPE 1
| #define SONAME_LIBXRENDER "libXrender.so.1"
| #define HAVE_XRENDERSETPICTURETRANSFORM 1
| #define HAVE_XRENDERCREATELINEARGRADIENT 1
| #define SONAME_LIBXRANDR "libXrandr.so.2"
| #define HAVE_XRRGETPROVIDERRESOURCES 1
| #define SONAME_LIBXFIXES "libXfixes.so.3"
| #define HAVE_XICCALLBACK_CALLBACK 1
| #define HAVE_XEVENT_XCOOKIE 1
| #define HAVE_SYS_INOTIFY_H 1
| #define HAVE_RESOLV 1
| #define HAVE_FT2BUILD_H 1
| #define SONAME_LIBFREETYPE "libfreetype.so.6"
| #define SONAME_LIBFONTCONFIG "libfontconfig.so.1"
| #define SONAME_LIBODBC "libodbc.so"
| #define HAVE_WINE_PRELOADER 1
| #define HAVE_DLADDR1 1
| #define HAVE_DLINFO 1
| #define HAVE_EPOLL_CREATE 1
| #define HAVE_EPOLL_PWAIT2 1
| #define HAVE_FSTATFS 1
| #define HAVE_FUTIMENS 1
| #define HAVE_FUTIMES 1
| #define HAVE_FUTIMESAT 1
| #define HAVE_GETADDRINFO 1
| #define HAVE_GETAUXVAL 1
| #define HAVE_GETIFADDRS 1
| #define HAVE_GETRANDOM 1
| #define HAVE_MEMFD_CREATE 1
| #define HAVE_PIPE2 1
| #define HAVE_POSIX_FADVISE 1
| #define HAVE_POSIX_FALLOCATE 1
| #define HAVE_PRCTL 1
| #define HAVE_PROCESS_VM_READV 1
| #define HAVE_PROCESS_VM_WRITEV 1
| #define HAVE_SCHED_GETCPU 1
| #define HAVE_SCHED_YIELD 1
| #define HAVE_SIGPROCMASK 1
| #define HAVE_SYSINFO 1
| #define HAVE_TCDRAIN 1
| #define HAVE_CLOCK_GETTIME 1
| #define HAVE_SCHED_SETAFFINITY 1
| #define HAVE_LINUX_GETHOSTBYNAME_R_6 1
| #define HAVE_SG_IO_HDR_T_INTERFACE_ID 1
| #define HAVE_SIGINFO_T_SI_FD 1
| #define HAVE_STRUCT_MTGET_MT_GSTAT 1
| #define HAVE_STRUCT_MTGET_MT_BLKNO 1
| #define HAVE_STRUCT_STAT_ST_MTIM 1
| #define HAVE_STRUCT_STAT_ST_CTIM 1
| #define HAVE_STRUCT_STAT_ST_ATIM 1
| /* end confdefs.h.  */
| #include <stddef.h>
| #ifdef HAVE_STDIO_H
| # include <stdio.h>
| #endif
| #ifdef HAVE_STDLIB_H
| # include <stdlib.h>
| #endif
| #ifdef HAVE_STRING_H
| # include <string.h>
| #endif
| #ifdef HAVE_INTTYPES_H
| # include <inttypes.h>
| #endif
| #ifdef HAVE_STDINT_H
| # include <stdint.h>
| #endif
| #ifdef HAVE_STRINGS_H
| # include <strings.h>
| #endif
| #ifdef HAVE_SYS_TYPES_H
| # include <sys/types.h>
| #endif
| #ifdef HAVE_SYS_STAT_H
| # include <sys/stat.h>
| #endif
| #ifdef HAVE_UNISTD_H
| # include <unistd.h>
| #endif
| int
| main (void)
| {
| static struct stat ac_aggr;
| if (sizeof ac_aggr.st_birthtime)
| return 0;
|   ;
|   return 0;
| }
configure:21779: result: no
configure:21787: checking for struct stat.st_birthtim
configure:21787: gcc -m64 -c -g -O2 -U_FORTIFY_SOURCE -D_FORTIFY_SOURCE=0  conftest.c >&5
conftest.c: In function 'main':
conftest.c:192:12: error: 'struct stat' has no member named 'st_birthtim'
  192 | if (ac_aggr.st_birthtim)
      |            ^
configure:21787: $? = 1
configure: failed program was:
| /* confdefs.h */
| #define PACKAGE_NAME "Wine"
| #define PACKAGE_TARNAME "wine"
| #define PACKAGE_VERSION "11.15"
| #define PACKAGE_STRING "Wine 11.15"
| #define PACKAGE_BUGREPORT "wine-devel@winehq.org"
| #define PACKAGE_URL "https://www.winehq.org"
| #define EXEEXT ""
| #define HAVE_STDIO_H 1
| #define HAVE_STDLIB_H 1
| #define HAVE_STRING_H 1
| #define HAVE_INTTYPES_H 1
| #define HAVE_STDINT_H 1
| #define HAVE_STRINGS_H 1
| #define HAVE_SYS_STAT_H 1
| #define HAVE_SYS_TYPES_H 1
| #define HAVE_UNISTD_H 1
| #define STDC_HEADERS 1
| #define HAVE_ARPA_INET_H 1
| #define HAVE_ARPA_NAMESER_H 1
| #define HAVE_ASM_TERMBITS_H 1
| #define HAVE_ASM_TYPES_H 1
| #define HAVE_ELF_H 1
| #define HAVE_LINK_H 1
| #define HAVE_LINUX_CDROM_H 1
| #define HAVE_LINUX_ERRQUEUE_H 1
| #define HAVE_LINUX_FILTER_H 1
| #define HAVE_LINUX_FS_H 1
| #define HAVE_LINUX_HDREG_H 1
| #define HAVE_LINUX_HIDRAW_H 1
| #define HAVE_LINUX_INPUT_H 1
| #define HAVE_LINUX_IOCTL_H 1
| #define HAVE_LINUX_MAJOR_H 1
| #define HAVE_LINUX_MEMFD_H 1
| #define HAVE_LINUX_PARAM_H 1
| #define HAVE_LINUX_SERIAL_H 1
| #define HAVE_LINUX_TYPES_H 1
| #define HAVE_LINUX_USERFAULTFD_H 1
| #define HAVE_LINUX_WIRELESS_H 1
| #define HAVE_MNTENT_H 1
| #define HAVE_NETDB_H 1
| #define HAVE_NETINET_IN_H 1
| #define HAVE_NETINET_IN_SYSTM_H 1
| #define HAVE_NETINET_TCP_H 1
| #define HAVE_PWD_H 1
| #define HAVE_SCHED_H 1
| #define HAVE_SCSI_SCSI_H 1
| #define HAVE_SCSI_SCSI_IOCTL_H 1
| #define HAVE_SCSI_SG_H 1
| #define HAVE_SYS_AUXV_H 1
| #define HAVE_SYS_EPOLL_H 1
| #define HAVE_SYS_IPC_H 1
| #define HAVE_SYS_MTIO_H 1
| #define HAVE_SYS_PARAM_H 1
| #define HAVE_SYS_PERSONALITY_H 1
| #define HAVE_SYS_PRCTL_H 1
| #define HAVE_SYS_PTRACE_H 1
| #define HAVE_SYS_QUEUE_H 1
| #define HAVE_SYS_RANDOM_H 1
| #define HAVE_SYS_RESOURCE_H 1
| #define HAVE_SYS_SHM_H 1
| #define HAVE_SYS_SIGNAL_H 1
| #define HAVE_SYS_SOCKETVAR_H 1
| #define HAVE_SYS_STATVFS_H 1
| #define HAVE_SYS_SYSCALL_H 1
| #define HAVE_SYS_SYSINFO_H 1
| #define HAVE_SYS_TIMES_H 1
| #define HAVE_SYS_UIO_H 1
| #define HAVE_SYS_USER_H 1
| #define HAVE_SYS_UTSNAME_H 1
| #define HAVE_SYS_XATTR_H 1
| #define HAVE_SYSCALL_H 1
| #define HAVE_UTIME_H 1
| #define HAVE_VALGRIND_MEMCHECK_H 1
| #define HAVE_VALGRIND_VALGRIND_H 1
| #define MAJOR_IN_SYSMACROS 1
| #define HAVE_SYS_MOUNT_H 1
| #define HAVE_SYS_STATFS_H 1
| #define HAVE_SYS_USER_H 1
| #define HAVE_SYS_VFS_H 1
| #define HAVE_NETINET_IP_H 1
| #define HAVE_NET_IF_H 1
| #define HAVE_NET_IF_ARP_H 1
| #define HAVE_NET_ROUTE_H 1
| #define HAVE_NETINET_IF_ETHER_H 1
| #define HAVE_NETINET_IP_ICMP_H 1
| #define HAVE_NETINET_UDP_H 1
| #define HAVE_NETIPX_IPX_H 1
| #define HAVE_SYS_UN_H 1
| #define HAVE_NETINET_ICMP6_H 1
| #define HAVE_LINUX_RTNETLINK_H 1
| #define HAVE_RESOLV_H 1
| #define HAVE_IFADDRS_H 1
| #define HAVE_SYS_UCONTEXT_H 1
| #define HAVE_LINUX_VIDEODEV2_H 1
| #define _GNU_SOURCE 1
| #define SONAME_LIBX11 "libX11.so.6"
| #define SONAME_LIBXEXT "libXext.so.6"
| #define HAVE_X11_EXTENSIONS_SHAPE_H 1
| #define HAVE_X11_EXTENSIONS_XINPUT2_H 1
| #define HAVE_X11_EXTENSIONS_XSHM_H 1
| #define HAVE_X11_EXTENSIONS_XFIXES_H 1
| #define HAVE_X11_EXTENSIONS_XRANDR_H 1
| #define HAVE_X11_EXTENSIONS_XRENDER_H 1
| #define HAVE_X11_EXTENSIONS_XF86VMPROTO_H 1
| #define SONAME_LIBXCURSOR "libXcursor.so.1"
| #define SONAME_LIBXI "libXi.so.6"
| #define HAVE_LIBXXSHM 1
| #define HAVE_LIBXSHAPE 1
| #define SONAME_LIBXRENDER "libXrender.so.1"
| #define HAVE_XRENDERSETPICTURETRANSFORM 1
| #define HAVE_XRENDERCREATELINEARGRADIENT 1
| #define SONAME_LIBXRANDR "libXrandr.so.2"
| #define HAVE_XRRGETPROVIDERRESOURCES 1
| #define SONAME_LIBXFIXES "libXfixes.so.3"
| #define HAVE_XICCALLBACK_CALLBACK 1
| #define HAVE_XEVENT_XCOOKIE 1
| #define HAVE_SYS_INOTIFY_H 1
| #define HAVE_RESOLV 1
| #define HAVE_FT2BUILD_H 1
| #define SONAME_LIBFREETYPE "libfreetype.so.6"
| #define SONAME_LIBFONTCONFIG "libfontconfig.so.1"
| #define SONAME_LIBODBC "libodbc.so"
| #define HAVE_WINE_PRELOADER 1
| #define HAVE_DLADDR1 1
| #define HAVE_DLINFO 1
| #define HAVE_EPOLL_CREATE 1
| #define HAVE_EPOLL_PWAIT2 1
| #define HAVE_FSTATFS 1
| #define HAVE_FUTIMENS 1
| #define HAVE_FUTIMES 1
| #define HAVE_FUTIMESAT 1
| #define HAVE_GETADDRINFO 1
| #define HAVE_GETAUXVAL 1
| #define HAVE_GETIFADDRS 1
| #define HAVE_GETRANDOM 1
| #define HAVE_MEMFD_CREATE 1
| #define HAVE_PIPE2 1
| #define HAVE_POSIX_FADVISE 1
| #define HAVE_POSIX_FALLOCATE 1
| #define HAVE_PRCTL 1
| #define HAVE_PROCESS_VM_READV 1
| #define HAVE_PROCESS_VM_WRITEV 1
| #define HAVE_SCHED_GETCPU 1
| #define HAVE_SCHED_YIELD 1
| #define HAVE_SIGPROCMASK 1
| #define HAVE_SYSINFO 1
| #define HAVE_TCDRAIN 1
| #define HAVE_CLOCK_GETTIME 1
| #define HAVE_SCHED_SETAFFINITY 1
| #define HAVE_LINUX_GETHOSTBYNAME_R_6 1
| #define HAVE_SG_IO_HDR_T_INTERFACE_ID 1
| #define HAVE_SIGINFO_T_SI_FD 1
| #define HAVE_STRUCT_MTGET_MT_GSTAT 1
| #define HAVE_STRUCT_MTGET_MT_BLKNO 1
| #define HAVE_STRUCT_STAT_ST_MTIM 1
| #define HAVE_STRUCT_STAT_ST_CTIM 1
| #define HAVE_STRUCT_STAT_ST_ATIM 1
| /* end confdefs.h.  */
| #include <stddef.h>
| #ifdef HAVE_STDIO_H
| # include <stdio.h>
| #endif
| #ifdef HAVE_STDLIB_H
| # include <stdlib.h>
| #endif
| #ifdef HAVE_STRING_H
| # include <string.h>
| #endif
| #ifdef HAVE_INTTYPES_H
| # include <inttypes.h>
| #endif
| #ifdef HAVE_STDINT_H
| # include <stdint.h>
| #endif
| #ifdef HAVE_STRINGS_H
| # include <strings.h>
| #endif
| #ifdef HAVE_SYS_TYPES_H
| # include <sys/types.h>
| #endif
| #ifdef HAVE_SYS_STAT_H
| # include <sys/stat.h>
| #endif
| #ifdef HAVE_UNISTD_H
| # include <unistd.h>
| #endif
| int
| main (void)
| {
| static struct stat ac_aggr;
| if (ac_aggr.st_birthtim)
| return 0;
|   ;
|   return 0;
| }
configure:21787: gcc -m64 -c -g -O2 -U_FORTIFY_SOURCE -D_FORTIFY_SOURCE=0  conftest.c >&5
conftest.c: In function 'main':
conftest.c:192:19: error: 'struct stat' has no member named 'st_birthtim'
  192 | if (sizeof ac_aggr.st_birthtim)
      |                   ^
configure:21787: $? = 1
configure: failed program was:
| /* confdefs.h */
| #define PACKAGE_NAME "Wine"
| #define PACKAGE_TARNAME "wine"
| #define PACKAGE_VERSION "11.15"
| #define PACKAGE_STRING "Wine 11.15"
| #define PACKAGE_BUGREPORT "wine-devel@winehq.org"
| #define PACKAGE_URL "https://www.winehq.org"
| #define EXEEXT ""
| #define HAVE_STDIO_H 1
| #define HAVE_STDLIB_H 1
| #define HAVE_STRING_H 1
| #define HAVE_INTTYPES_H 1
| #define HAVE_STDINT_H 1
| #define HAVE_STRINGS_H 1
| #define HAVE_SYS_STAT_H 1
| #define HAVE_SYS_TYPES_H 1
| #define HAVE_UNISTD_H 1
| #define STDC_HEADERS 1
| #define HAVE_ARPA_INET_H 1
| #define HAVE_ARPA_NAMESER_H 1
| #define HAVE_ASM_TERMBITS_H 1
| #define HAVE_ASM_TYPES_H 1
| #define HAVE_ELF_H 1
| #define HAVE_LINK_H 1
| #define HAVE_LINUX_CDROM_H 1
| #define HAVE_LINUX_ERRQUEUE_H 1
| #define HAVE_LINUX_FILTER_H 1
| #define HAVE_LINUX_FS_H 1
| #define HAVE_LINUX_HDREG_H 1
| #define HAVE_LINUX_HIDRAW_H 1
| #define HAVE_LINUX_INPUT_H 1
| #define HAVE_LINUX_IOCTL_H 1
| #define HAVE_LINUX_MAJOR_H 1
| #define HAVE_LINUX_MEMFD_H 1
| #define HAVE_LINUX_PARAM_H 1
| #define HAVE_LINUX_SERIAL_H 1
| #define HAVE_LINUX_TYPES_H 1
| #define HAVE_LINUX_USERFAULTFD_H 1
| #define HAVE_LINUX_WIRELESS_H 1
| #define HAVE_MNTENT_H 1
| #define HAVE_NETDB_H 1
| #define HAVE_NETINET_IN_H 1
| #define HAVE_NETINET_IN_SYSTM_H 1
| #define HAVE_NETINET_TCP_H 1
| #define HAVE_PWD_H 1
| #define HAVE_SCHED_H 1
| #define HAVE_SCSI_SCSI_H 1
| #define HAVE_SCSI_SCSI_IOCTL_H 1
| #define HAVE_SCSI_SG_H 1
| #define HAVE_SYS_AUXV_H 1
| #define HAVE_SYS_EPOLL_H 1
| #define HAVE_SYS_IPC_H 1
| #define HAVE_SYS_MTIO_H 1
| #define HAVE_SYS_PARAM_H 1
| #define HAVE_SYS_PERSONALITY_H 1
| #define HAVE_SYS_PRCTL_H 1
| #define HAVE_SYS_PTRACE_H 1
| #define HAVE_SYS_QUEUE_H 1
| #define HAVE_SYS_RANDOM_H 1
| #define HAVE_SYS_RESOURCE_H 1
| #define HAVE_SYS_SHM_H 1
| #define HAVE_SYS_SIGNAL_H 1
| #define HAVE_SYS_SOCKETVAR_H 1
| #define HAVE_SYS_STATVFS_H 1
| #define HAVE_SYS_SYSCALL_H 1
| #define HAVE_SYS_SYSINFO_H 1
| #define HAVE_SYS_TIMES_H 1
| #define HAVE_SYS_UIO_H 1
| #define HAVE_SYS_USER_H 1
| #define HAVE_SYS_UTSNAME_H 1
| #define HAVE_SYS_XATTR_H 1
| #define HAVE_SYSCALL_H 1
| #define HAVE_UTIME_H 1
| #define HAVE_VALGRIND_MEMCHECK_H 1
| #define HAVE_VALGRIND_VALGRIND_H 1
| #define MAJOR_IN_SYSMACROS 1
| #define HAVE_SYS_MOUNT_H 1
| #define HAVE_SYS_STATFS_H 1
| #define HAVE_SYS_USER_H 1
| #define HAVE_SYS_VFS_H 1
| #define HAVE_NETINET_IP_H 1
| #define HAVE_NET_IF_H 1
| #define HAVE_NET_IF_ARP_H 1
| #define HAVE_NET_ROUTE_H 1
| #define HAVE_NETINET_IF_ETHER_H 1
| #define HAVE_NETINET_IP_ICMP_H 1
| #define HAVE_NETINET_UDP_H 1
| #define HAVE_NETIPX_IPX_H 1
| #define HAVE_SYS_UN_H 1
| #define HAVE_NETINET_ICMP6_H 1
| #define HAVE_LINUX_RTNETLINK_H 1
| #define HAVE_RESOLV_H 1
| #define HAVE_IFADDRS_H 1
| #define HAVE_SYS_UCONTEXT_H 1
| #define HAVE_LINUX_VIDEODEV2_H 1
| #define _GNU_SOURCE 1
| #define SONAME_LIBX11 "libX11.so.6"
| #define SONAME_LIBXEXT "libXext.so.6"
| #define HAVE_X11_EXTENSIONS_SHAPE_H 1
| #define HAVE_X11_EXTENSIONS_XINPUT2_H 1
| #define HAVE_X11_EXTENSIONS_XSHM_H 1
| #define HAVE_X11_EXTENSIONS_XFIXES_H 1
| #define HAVE_X11_EXTENSIONS_XRANDR_H 1
| #define HAVE_X11_EXTENSIONS_XRENDER_H 1
| #define HAVE_X11_EXTENSIONS_XF86VMPROTO_H 1
| #define SONAME_LIBXCURSOR "libXcursor.so.1"
| #define SONAME_LIBXI "libXi.so.6"
| #define HAVE_LIBXXSHM 1
| #define HAVE_LIBXSHAPE 1
| #define SONAME_LIBXRENDER "libXrender.so.1"
| #define HAVE_XRENDERSETPICTURETRANSFORM 1
| #define HAVE_XRENDERCREATELINEARGRADIENT 1
| #define SONAME_LIBXRANDR "libXrandr.so.2"
| #define HAVE_XRRGETPROVIDERRESOURCES 1
| #define SONAME_LIBXFIXES "libXfixes.so.3"
| #define HAVE_XICCALLBACK_CALLBACK 1
| #define HAVE_XEVENT_XCOOKIE 1
| #define HAVE_SYS_INOTIFY_H 1
| #define HAVE_RESOLV 1
| #define HAVE_FT2BUILD_H 1
| #define SONAME_LIBFREETYPE "libfreetype.so.6"
| #define SONAME_LIBFONTCONFIG "libfontconfig.so.1"
| #define SONAME_LIBODBC "libodbc.so"
| #define HAVE_WINE_PRELOADER 1
| #define HAVE_DLADDR1 1
| #define HAVE_DLINFO 1
| #define HAVE_EPOLL_CREATE 1
| #define HAVE_EPOLL_PWAIT2 1
| #define HAVE_FSTATFS 1
| #define HAVE_FUTIMENS 1
| #define HAVE_FUTIMES 1
| #define HAVE_FUTIMESAT 1
| #define HAVE_GETADDRINFO 1
| #define HAVE_GETAUXVAL 1
| #define HAVE_GETIFADDRS 1
| #define HAVE_GETRANDOM 1
| #define HAVE_MEMFD_CREATE 1
| #define HAVE_PIPE2 1
| #define HAVE_POSIX_FADVISE 1
| #define HAVE_POSIX_FALLOCATE 1
| #define HAVE_PRCTL 1
| #define HAVE_PROCESS_VM_READV 1
| #define HAVE_PROCESS_VM_WRITEV 1
| #define HAVE_SCHED_GETCPU 1
| #define HAVE_SCHED_YIELD 1
| #define HAVE_SIGPROCMASK 1
| #define HAVE_SYSINFO 1
| #define HAVE_TCDRAIN 1
| #define HAVE_CLOCK_GETTIME 1
| #define HAVE_SCHED_SETAFFINITY 1
| #define HAVE_LINUX_GETHOSTBYNAME_R_6 1
| #define HAVE_SG_IO_HDR_T_INTERFACE_ID 1
| #define HAVE_SIGINFO_T_SI_FD 1
| #define HAVE_STRUCT_MTGET_MT_GSTAT 1
| #define HAVE_STRUCT_MTGET_MT_BLKNO 1
| #define HAVE_STRUCT_STAT_ST_MTIM 1
| #define HAVE_STRUCT_STAT_ST_CTIM 1
| #define HAVE_STRUCT_STAT_ST_ATIM 1
| /* end confdefs.h.  */
| #include <stddef.h>
| #ifdef HAVE_STDIO_H
| # include <stdio.h>
| #endif
| #ifdef HAVE_STDLIB_H
| # include <stdlib.h>
| #endif
| #ifdef HAVE_STRING_H
| # include <string.h>
| #endif
| #ifdef HAVE_INTTYPES_H
| # include <inttypes.h>
| #endif
| #ifdef HAVE_STDINT_H
| # include <stdint.h>
| #endif
| #ifdef HAVE_STRINGS_H
| # include <strings.h>
| #endif
| #ifdef HAVE_SYS_TYPES_H
| # include <sys/types.h>
| #endif
| #ifdef HAVE_SYS_STAT_H
| # include <sys/stat.h>
| #endif
| #ifdef HAVE_UNISTD_H
| # include <unistd.h>
| #endif
| int
| main (void)
| {
| static struct stat ac_aggr;
| if (sizeof ac_aggr.st_birthtim)
| return 0;
|   ;
|   return 0;
| }
configure:21787: result: no
configure:21795: checking for struct stat.st_birthtimespec
configure:21795: gcc -m64 -c -g -O2 -U_FORTIFY_SOURCE -D_FORTIFY_SOURCE=0  conftest.c >&5
conftest.c: In function 'main':
conftest.c:192:12: error: 'struct stat' has no member named 'st_birthtimespec'
  192 | if (ac_aggr.st_birthtimespec)
      |            ^
configure:21795: $? = 1
configure: failed program was:
| /* confdefs.h */
| #define PACKAGE_NAME "Wine"
| #define PACKAGE_TARNAME "wine"
| #define PACKAGE_VERSION "11.15"
| #define PACKAGE_STRING "Wine 11.15"
| #define PACKAGE_BUGREPORT "wine-devel@winehq.org"
| #define PACKAGE_URL "https://www.winehq.org"
| #define EXEEXT ""
| #define HAVE_STDIO_H 1
| #define HAVE_STDLIB_H 1
| #define HAVE_STRING_H 1
| #define HAVE_INTTYPES_H 1
| #define HAVE_STDINT_H 1
| #define HAVE_STRINGS_H 1
| #define HAVE_SYS_STAT_H 1
| #define HAVE_SYS_TYPES_H 1
| #define HAVE_UNISTD_H 1
| #define STDC_HEADERS 1
| #define HAVE_ARPA_INET_H 1
| #define HAVE_ARPA_NAMESER_H 1
| #define HAVE_ASM_TERMBITS_H 1
| #define HAVE_ASM_TYPES_H 1
| #define HAVE_ELF_H 1
| #define HAVE_LINK_H 1
| #define HAVE_LINUX_CDROM_H 1
| #define HAVE_LINUX_ERRQUEUE_H 1
| #define HAVE_LINUX_FILTER_H 1
| #define HAVE_LINUX_FS_H 1
| #define HAVE_LINUX_HDREG_H 1
| #define HAVE_LINUX_HIDRAW_H 1
| #define HAVE_LINUX_INPUT_H 1
| #define HAVE_LINUX_IOCTL_H 1
| #define HAVE_LINUX_MAJOR_H 1
| #define HAVE_LINUX_MEMFD_H 1
| #define HAVE_LINUX_PARAM_H 1
| #define HAVE_LINUX_SERIAL_H 1
| #define HAVE_LINUX_TYPES_H 1
| #define HAVE_LINUX_USERFAULTFD_H 1
| #define HAVE_LINUX_WIRELESS_H 1
| #define HAVE_MNTENT_H 1
| #define HAVE_NETDB_H 1
| #define HAVE_NETINET_IN_H 1
| #define HAVE_NETINET_IN_SYSTM_H 1
| #define HAVE_NETINET_TCP_H 1
| #define HAVE_PWD_H 1
| #define HAVE_SCHED_H 1
| #define HAVE_SCSI_SCSI_H 1
| #define HAVE_SCSI_SCSI_IOCTL_H 1
| #define HAVE_SCSI_SG_H 1
| #define HAVE_SYS_AUXV_H 1
| #define HAVE_SYS_EPOLL_H 1
| #define HAVE_SYS_IPC_H 1
| #define HAVE_SYS_MTIO_H 1
| #define HAVE_SYS_PARAM_H 1
| #define HAVE_SYS_PERSONALITY_H 1
| #define HAVE_SYS_PRCTL_H 1
| #define HAVE_SYS_PTRACE_H 1
| #define HAVE_SYS_QUEUE_H 1
| #define HAVE_SYS_RANDOM_H 1
| #define HAVE_SYS_RESOURCE_H 1
| #define HAVE_SYS_SHM_H 1
| #define HAVE_SYS_SIGNAL_H 1
| #define HAVE_SYS_SOCKETVAR_H 1
| #define HAVE_SYS_STATVFS_H 1
| #define HAVE_SYS_SYSCALL_H 1
| #define HAVE_SYS_SYSINFO_H 1
| #define HAVE_SYS_TIMES_H 1
| #define HAVE_SYS_UIO_H 1
| #define HAVE_SYS_USER_H 1
| #define HAVE_SYS_UTSNAME_H 1
| #define HAVE_SYS_XATTR_H 1
| #define HAVE_SYSCALL_H 1
| #define HAVE_UTIME_H 1
| #define HAVE_VALGRIND_MEMCHECK_H 1
| #define HAVE_VALGRIND_VALGRIND_H 1
| #define MAJOR_IN_SYSMACROS 1
| #define HAVE_SYS_MOUNT_H 1
| #define HAVE_SYS_STATFS_H 1
| #define HAVE_SYS_USER_H 1
| #define HAVE_SYS_VFS_H 1
| #define HAVE_NETINET_IP_H 1
| #define HAVE_NET_IF_H 1
| #define HAVE_NET_IF_ARP_H 1
| #define HAVE_NET_ROUTE_H 1
| #define HAVE_NETINET_IF_ETHER_H 1
| #define HAVE_NETINET_IP_ICMP_H 1
| #define HAVE_NETINET_UDP_H 1
| #define HAVE_NETIPX_IPX_H 1
| #define HAVE_SYS_UN_H 1
| #define HAVE_NETINET_ICMP6_H 1
| #define HAVE_LINUX_RTNETLINK_H 1
| #define HAVE_RESOLV_H 1
| #define HAVE_IFADDRS_H 1
| #define HAVE_SYS_UCONTEXT_H 1
| #define HAVE_LINUX_VIDEODEV2_H 1
| #define _GNU_SOURCE 1
| #define SONAME_LIBX11 "libX11.so.6"
| #define SONAME_LIBXEXT "libXext.so.6"
| #define HAVE_X11_EXTENSIONS_SHAPE_H 1
| #define HAVE_X11_EXTENSIONS_XINPUT2_H 1
| #define HAVE_X11_EXTENSIONS_XSHM_H 1
| #define HAVE_X11_EXTENSIONS_XFIXES_H 1
| #define HAVE_X11_EXTENSIONS_XRANDR_H 1
| #define HAVE_X11_EXTENSIONS_XRENDER_H 1
| #define HAVE_X11_EXTENSIONS_XF86VMPROTO_H 1
| #define SONAME_LIBXCURSOR "libXcursor.so.1"
| #define SONAME_LIBXI "libXi.so.6"
| #define HAVE_LIBXXSHM 1
| #define HAVE_LIBXSHAPE 1
| #define SONAME_LIBXRENDER "libXrender.so.1"
| #define HAVE_XRENDERSETPICTURETRANSFORM 1
| #define HAVE_XRENDERCREATELINEARGRADIENT 1
| #define SONAME_LIBXRANDR "libXrandr.so.2"
| #define HAVE_XRRGETPROVIDERRESOURCES 1
| #define SONAME_LIBXFIXES "libXfixes.so.3"
| #define HAVE_XICCALLBACK_CALLBACK 1
| #define HAVE_XEVENT_XCOOKIE 1
| #define HAVE_SYS_INOTIFY_H 1
| #define HAVE_RESOLV 1
| #define HAVE_FT2BUILD_H 1
| #define SONAME_LIBFREETYPE "libfreetype.so.6"
| #define SONAME_LIBFONTCONFIG "libfontconfig.so.1"
| #define SONAME_LIBODBC "libodbc.so"
| #define HAVE_WINE_PRELOADER 1
| #define HAVE_DLADDR1 1
| #define HAVE_DLINFO 1
| #define HAVE_EPOLL_CREATE 1
| #define HAVE_EPOLL_PWAIT2 1
| #define HAVE_FSTATFS 1
| #define HAVE_FUTIMENS 1
| #define HAVE_FUTIMES 1
| #define HAVE_FUTIMESAT 1
| #define HAVE_GETADDRINFO 1
| #define HAVE_GETAUXVAL 1
| #define HAVE_GETIFADDRS 1
| #define HAVE_GETRANDOM 1
| #define HAVE_MEMFD_CREATE 1
| #define HAVE_PIPE2 1
| #define HAVE_POSIX_FADVISE 1
| #define HAVE_POSIX_FALLOCATE 1
| #define HAVE_PRCTL 1
| #define HAVE_PROCESS_VM_READV 1
| #define HAVE_PROCESS_VM_WRITEV 1
| #define HAVE_SCHED_GETCPU 1
| #define HAVE_SCHED_YIELD 1
| #define HAVE_SIGPROCMASK 1
| #define HAVE_SYSINFO 1
| #define HAVE_TCDRAIN 1
| #define HAVE_CLOCK_GETTIME 1
| #define HAVE_SCHED_SETAFFINITY 1
| #define HAVE_LINUX_GETHOSTBYNAME_R_6 1
| #define HAVE_SG_IO_HDR_T_INTERFACE_ID 1
| #define HAVE_SIGINFO_T_SI_FD 1
| #define HAVE_STRUCT_MTGET_MT_GSTAT 1
| #define HAVE_STRUCT_MTGET_MT_BLKNO 1
| #define HAVE_STRUCT_STAT_ST_MTIM 1
| #define HAVE_STRUCT_STAT_ST_CTIM 1
| #define HAVE_STRUCT_STAT_ST_ATIM 1
| /* end confdefs.h.  */
| #include <stddef.h>
| #ifdef HAVE_STDIO_H
| # include <stdio.h>
| #endif
| #ifdef HAVE_STDLIB_H
| # include <stdlib.h>
| #endif
| #ifdef HAVE_STRING_H
| # include <string.h>
| #endif
| #ifdef HAVE_INTTYPES_H
| # include <inttypes.h>
| #endif
| #ifdef HAVE_STDINT_H
| # include <stdint.h>
| #endif
| #ifdef HAVE_STRINGS_H
| # include <strings.h>
| #endif
| #ifdef HAVE_SYS_TYPES_H
| # include <sys/types.h>
| #endif
| #ifdef HAVE_SYS_STAT_H
| # include <sys/stat.h>
| #endif
| #ifdef HAVE_UNISTD_H
| # include <unistd.h>
| #endif
| int
| main (void)
| {
| static struct stat ac_aggr;
| if (ac_aggr.st_birthtimespec)
| return 0;
|   ;
|   return 0;
| }
configure:21795: gcc -m64 -c -g -O2 -U_FORTIFY_SOURCE -D_FORTIFY_SOURCE=0  conftest.c >&5
conftest.c: In function 'main':
conftest.c:192:19: error: 'struct stat' has no member named 'st_birthtimespec'
  192 | if (sizeof ac_aggr.st_birthtimespec)
      |                   ^
configure:21795: $? = 1
configure: failed program was:
| /* confdefs.h */
| #define PACKAGE_NAME "Wine"
| #define PACKAGE_TARNAME "wine"
| #define PACKAGE_VERSION "11.15"
| #define PACKAGE_STRING "Wine 11.15"
| #define PACKAGE_BUGREPORT "wine-devel@winehq.org"
| #define PACKAGE_URL "https://www.winehq.org"
| #define EXEEXT ""
| #define HAVE_STDIO_H 1
| #define HAVE_STDLIB_H 1
| #define HAVE_STRING_H 1
| #define HAVE_INTTYPES_H 1
| #define HAVE_STDINT_H 1
| #define HAVE_STRINGS_H 1
| #define HAVE_SYS_STAT_H 1
| #define HAVE_SYS_TYPES_H 1
| #define HAVE_UNISTD_H 1
| #define STDC_HEADERS 1
| #define HAVE_ARPA_INET_H 1
| #define HAVE_ARPA_NAMESER_H 1
| #define HAVE_ASM_TERMBITS_H 1
| #define HAVE_ASM_TYPES_H 1
| #define HAVE_ELF_H 1
| #define HAVE_LINK_H 1
| #define HAVE_LINUX_CDROM_H 1
| #define HAVE_LINUX_ERRQUEUE_H 1
| #define HAVE_LINUX_FILTER_H 1
| #define HAVE_LINUX_FS_H 1
| #define HAVE_LINUX_HDREG_H 1
| #define HAVE_LINUX_HIDRAW_H 1
| #define HAVE_LINUX_INPUT_H 1
| #define HAVE_LINUX_IOCTL_H 1
| #define HAVE_LINUX_MAJOR_H 1
| #define HAVE_LINUX_MEMFD_H 1
| #define HAVE_LINUX_PARAM_H 1
| #define HAVE_LINUX_SERIAL_H 1
| #define HAVE_LINUX_TYPES_H 1
| #define HAVE_LINUX_USERFAULTFD_H 1
| #define HAVE_LINUX_WIRELESS_H 1
| #define HAVE_MNTENT_H 1
| #define HAVE_NETDB_H 1
| #define HAVE_NETINET_IN_H 1
| #define HAVE_NETINET_IN_SYSTM_H 1
| #define HAVE_NETINET_TCP_H 1
| #define HAVE_PWD_H 1
| #define HAVE_SCHED_H 1
| #define HAVE_SCSI_SCSI_H 1
| #define HAVE_SCSI_SCSI_IOCTL_H 1
| #define HAVE_SCSI_SG_H 1
| #define HAVE_SYS_AUXV_H 1
| #define HAVE_SYS_EPOLL_H 1
| #define HAVE_SYS_IPC_H 1
| #define HAVE_SYS_MTIO_H 1
| #define HAVE_SYS_PARAM_H 1
| #define HAVE_SYS_PERSONALITY_H 1
| #define HAVE_SYS_PRCTL_H 1
| #define HAVE_SYS_PTRACE_H 1
| #define HAVE_SYS_QUEUE_H 1
| #define HAVE_SYS_RANDOM_H 1
| #define HAVE_SYS_RESOURCE_H 1
| #define HAVE_SYS_SHM_H 1
| #define HAVE_SYS_SIGNAL_H 1
| #define HAVE_SYS_SOCKETVAR_H 1
| #define HAVE_SYS_STATVFS_H 1
| #define HAVE_SYS_SYSCALL_H 1
| #define HAVE_SYS_SYSINFO_H 1
| #define HAVE_SYS_TIMES_H 1
| #define HAVE_SYS_UIO_H 1
| #define HAVE_SYS_USER_H 1
| #define HAVE_SYS_UTSNAME_H 1
| #define HAVE_SYS_XATTR_H 1
| #define HAVE_SYSCALL_H 1
| #define HAVE_UTIME_H 1
| #define HAVE_VALGRIND_MEMCHECK_H 1
| #define HAVE_VALGRIND_VALGRIND_H 1
| #define MAJOR_IN_SYSMACROS 1
| #define HAVE_SYS_MOUNT_H 1
| #define HAVE_SYS_STATFS_H 1
| #define HAVE_SYS_USER_H 1
| #define HAVE_SYS_VFS_H 1
| #define HAVE_NETINET_IP_H 1
| #define HAVE_NET_IF_H 1
| #define HAVE_NET_IF_ARP_H 1
| #define HAVE_NET_ROUTE_H 1
| #define HAVE_NETINET_IF_ETHER_H 1
| #define HAVE_NETINET_IP_ICMP_H 1
| #define HAVE_NETINET_UDP_H 1
| #define HAVE_NETIPX_IPX_H 1
| #define HAVE_SYS_UN_H 1
| #define HAVE_NETINET_ICMP6_H 1
| #define HAVE_LINUX_RTNETLINK_H 1
| #define HAVE_RESOLV_H 1
| #define HAVE_IFADDRS_H 1
| #define HAVE_SYS_UCONTEXT_H 1
| #define HAVE_LINUX_VIDEODEV2_H 1
| #define _GNU_SOURCE 1
| #define SONAME_LIBX11 "libX11.so.6"
| #define SONAME_LIBXEXT "libXext.so.6"
| #define HAVE_X11_EXTENSIONS_SHAPE_H 1
| #define HAVE_X11_EXTENSIONS_XINPUT2_H 1
| #define HAVE_X11_EXTENSIONS_XSHM_H 1
| #define HAVE_X11_EXTENSIONS_XFIXES_H 1
| #define HAVE_X11_EXTENSIONS_XRANDR_H 1
| #define HAVE_X11_EXTENSIONS_XRENDER_H 1
| #define HAVE_X11_EXTENSIONS_XF86VMPROTO_H 1
| #define SONAME_LIBXCURSOR "libXcursor.so.1"
| #define SONAME_LIBXI "libXi.so.6"
| #define HAVE_LIBXXSHM 1
| #define HAVE_LIBXSHAPE 1
| #define SONAME_LIBXRENDER "libXrender.so.1"
| #define HAVE_XRENDERSETPICTURETRANSFORM 1
| #define HAVE_XRENDERCREATELINEARGRADIENT 1
| #define SONAME_LIBXRANDR "libXrandr.so.2"
| #define HAVE_XRRGETPROVIDERRESOURCES 1
| #define SONAME_LIBXFIXES "libXfixes.so.3"
| #define HAVE_XICCALLBACK_CALLBACK 1
| #define HAVE_XEVENT_XCOOKIE 1
| #define HAVE_SYS_INOTIFY_H 1
| #define HAVE_RESOLV 1
| #define HAVE_FT2BUILD_H 1
| #define SONAME_LIBFREETYPE "libfreetype.so.6"
| #define SONAME_LIBFONTCONFIG "libfontconfig.so.1"
| #define SONAME_LIBODBC "libodbc.so"
| #define HAVE_WINE_PRELOADER 1
| #define HAVE_DLADDR1 1
| #define HAVE_DLINFO 1
| #define HAVE_EPOLL_CREATE 1
| #define HAVE_EPOLL_PWAIT2 1
| #define HAVE_FSTATFS 1
| #define HAVE_FUTIMENS 1
| #define HAVE_FUTIMES 1
| #define HAVE_FUTIMESAT 1
| #define HAVE_GETADDRINFO 1
| #define HAVE_GETAUXVAL 1
| #define HAVE_GETIFADDRS 1
| #define HAVE_GETRANDOM 1
| #define HAVE_MEMFD_CREATE 1
| #define HAVE_PIPE2 1
| #define HAVE_POSIX_FADVISE 1
| #define HAVE_POSIX_FALLOCATE 1
| #define HAVE_PRCTL 1
| #define HAVE_PROCESS_VM_READV 1
| #define HAVE_PROCESS_VM_WRITEV 1
| #define HAVE_SCHED_GETCPU 1
| #define HAVE_SCHED_YIELD 1
| #define HAVE_SIGPROCMASK 1
| #define HAVE_SYSINFO 1
| #define HAVE_TCDRAIN 1
| #define HAVE_CLOCK_GETTIME 1
| #define HAVE_SCHED_SETAFFINITY 1
| #define HAVE_LINUX_GETHOSTBYNAME_R_6 1
| #define HAVE_SG_IO_HDR_T_INTERFACE_ID 1
| #define HAVE_SIGINFO_T_SI_FD 1
| #define HAVE_STRUCT_MTGET_MT_GSTAT 1
| #define HAVE_STRUCT_MTGET_MT_BLKNO 1
| #define HAVE_STRUCT_STAT_ST_MTIM 1
| #define HAVE_STRUCT_STAT_ST_CTIM 1
| #define HAVE_STRUCT_STAT_ST_ATIM 1
| /* end confdefs.h.  */
| #include <stddef.h>
| #ifdef HAVE_STDIO_H
| # include <stdio.h>
| #endif
| #ifdef HAVE_STDLIB_H
| # include <stdlib.h>
| #endif
| #ifdef HAVE_STRING_H
| # include <string.h>
| #endif
| #ifdef HAVE_INTTYPES_H
| # include <inttypes.h>
| #endif
| #ifdef HAVE_STDINT_H
| # include <stdint.h>
| #endif
| #ifdef HAVE_STRINGS_H
| # include <strings.h>
| #endif
| #ifdef HAVE_SYS_TYPES_H
| # include <sys/types.h>
| #endif
| #ifdef HAVE_SYS_STAT_H
| # include <sys/stat.h>
| #endif
| #ifdef HAVE_UNISTD_H
| # include <unistd.h>
| #endif
| int
| main (void)
| {
| static struct stat ac_aggr;
| if (sizeof ac_aggr.st_birthtimespec)
| return 0;
|   ;
|   return 0;
| }
configure:21795: result: no
configure:21803: checking for struct stat.__st_birthtime
configure:21803: gcc -m64 -c -g -O2 -U_FORTIFY_SOURCE -D_FORTIFY_SOURCE=0  conftest.c >&5
conftest.c: In function 'main':
conftest.c:192:12: error: 'struct stat' has no member named '__st_birthtime'
  192 | if (ac_aggr.__st_birthtime)
      |            ^
configure:21803: $? = 1
configure: failed program was:
| /* confdefs.h */
| #define PACKAGE_NAME "Wine"
| #define PACKAGE_TARNAME "wine"
| #define PACKAGE_VERSION "11.15"
| #define PACKAGE_STRING "Wine 11.15"
| #define PACKAGE_BUGREPORT "wine-devel@winehq.org"
| #define PACKAGE_URL "https://www.winehq.org"
| #define EXEEXT ""
| #define HAVE_STDIO_H 1
| #define HAVE_STDLIB_H 1
| #define HAVE_STRING_H 1
| #define HAVE_INTTYPES_H 1
| #define HAVE_STDINT_H 1
| #define HAVE_STRINGS_H 1
| #define HAVE_SYS_STAT_H 1
| #define HAVE_SYS_TYPES_H 1
| #define HAVE_UNISTD_H 1
| #define STDC_HEADERS 1
| #define HAVE_ARPA_INET_H 1
| #define HAVE_ARPA_NAMESER_H 1
| #define HAVE_ASM_TERMBITS_H 1
| #define HAVE_ASM_TYPES_H 1
| #define HAVE_ELF_H 1
| #define HAVE_LINK_H 1
| #define HAVE_LINUX_CDROM_H 1
| #define HAVE_LINUX_ERRQUEUE_H 1
| #define HAVE_LINUX_FILTER_H 1
| #define HAVE_LINUX_FS_H 1
| #define HAVE_LINUX_HDREG_H 1
| #define HAVE_LINUX_HIDRAW_H 1
| #define HAVE_LINUX_INPUT_H 1
| #define HAVE_LINUX_IOCTL_H 1
| #define HAVE_LINUX_MAJOR_H 1
| #define HAVE_LINUX_MEMFD_H 1
| #define HAVE_LINUX_PARAM_H 1
| #define HAVE_LINUX_SERIAL_H 1
| #define HAVE_LINUX_TYPES_H 1
| #define HAVE_LINUX_USERFAULTFD_H 1
| #define HAVE_LINUX_WIRELESS_H 1
| #define HAVE_MNTENT_H 1
| #define HAVE_NETDB_H 1
| #define HAVE_NETINET_IN_H 1
| #define HAVE_NETINET_IN_SYSTM_H 1
| #define HAVE_NETINET_TCP_H 1
| #define HAVE_PWD_H 1
| #define HAVE_SCHED_H 1
| #define HAVE_SCSI_SCSI_H 1
| #define HAVE_SCSI_SCSI_IOCTL_H 1
| #define HAVE_SCSI_SG_H 1
| #define HAVE_SYS_AUXV_H 1
| #define HAVE_SYS_EPOLL_H 1
| #define HAVE_SYS_IPC_H 1
| #define HAVE_SYS_MTIO_H 1
| #define HAVE_SYS_PARAM_H 1
| #define HAVE_SYS_PERSONALITY_H 1
| #define HAVE_SYS_PRCTL_H 1
| #define HAVE_SYS_PTRACE_H 1
| #define HAVE_SYS_QUEUE_H 1
| #define HAVE_SYS_RANDOM_H 1
| #define HAVE_SYS_RESOURCE_H 1
| #define HAVE_SYS_SHM_H 1
| #define HAVE_SYS_SIGNAL_H 1
| #define HAVE_SYS_SOCKETVAR_H 1
| #define HAVE_SYS_STATVFS_H 1
| #define HAVE_SYS_SYSCALL_H 1
| #define HAVE_SYS_SYSINFO_H 1
| #define HAVE_SYS_TIMES_H 1
| #define HAVE_SYS_UIO_H 1
| #define HAVE_SYS_USER_H 1
| #define HAVE_SYS_UTSNAME_H 1
| #define HAVE_SYS_XATTR_H 1
| #define HAVE_SYSCALL_H 1
| #define HAVE_UTIME_H 1
| #define HAVE_VALGRIND_MEMCHECK_H 1
| #define HAVE_VALGRIND_VALGRIND_H 1
| #define MAJOR_IN_SYSMACROS 1
| #define HAVE_SYS_MOUNT_H 1
| #define HAVE_SYS_STATFS_H 1
| #define HAVE_SYS_USER_H 1
| #define HAVE_SYS_VFS_H 1
| #define HAVE_NETINET_IP_H 1
| #define HAVE_NET_IF_H 1
| #define HAVE_NET_IF_ARP_H 1
| #define HAVE_NET_ROUTE_H 1
| #define HAVE_NETINET_IF_ETHER_H 1
| #define HAVE_NETINET_IP_ICMP_H 1
| #define HAVE_NETINET_UDP_H 1
| #define HAVE_NETIPX_IPX_H 1
| #define HAVE_SYS_UN_H 1
| #define HAVE_NETINET_ICMP6_H 1
| #define HAVE_LINUX_RTNETLINK_H 1
| #define HAVE_RESOLV_H 1
| #define HAVE_IFADDRS_H 1
| #define HAVE_SYS_UCONTEXT_H 1
| #define HAVE_LINUX_VIDEODEV2_H 1
| #define _GNU_SOURCE 1
| #define SONAME_LIBX11 "libX11.so.6"
| #define SONAME_LIBXEXT "libXext.so.6"
| #define HAVE_X11_EXTENSIONS_SHAPE_H 1
| #define HAVE_X11_EXTENSIONS_XINPUT2_H 1
| #define HAVE_X11_EXTENSIONS_XSHM_H 1
| #define HAVE_X11_EXTENSIONS_XFIXES_H 1
| #define HAVE_X11_EXTENSIONS_XRANDR_H 1
| #define HAVE_X11_EXTENSIONS_XRENDER_H 1
| #define HAVE_X11_EXTENSIONS_XF86VMPROTO_H 1
| #define SONAME_LIBXCURSOR "libXcursor.so.1"
| #define SONAME_LIBXI "libXi.so.6"
| #define HAVE_LIBXXSHM 1
| #define HAVE_LIBXSHAPE 1
| #define SONAME_LIBXRENDER "libXrender.so.1"
| #define HAVE_XRENDERSETPICTURETRANSFORM 1
| #define HAVE_XRENDERCREATELINEARGRADIENT 1
| #define SONAME_LIBXRANDR "libXrandr.so.2"
| #define HAVE_XRRGETPROVIDERRESOURCES 1
| #define SONAME_LIBXFIXES "libXfixes.so.3"
| #define HAVE_XICCALLBACK_CALLBACK 1
| #define HAVE_XEVENT_XCOOKIE 1
| #define HAVE_SYS_INOTIFY_H 1
| #define HAVE_RESOLV 1
| #define HAVE_FT2BUILD_H 1
| #define SONAME_LIBFREETYPE "libfreetype.so.6"
| #define SONAME_LIBFONTCONFIG "libfontconfig.so.1"
| #define SONAME_LIBODBC "libodbc.so"
| #define HAVE_WINE_PRELOADER 1
| #define HAVE_DLADDR1 1
| #define HAVE_DLINFO 1
| #define HAVE_EPOLL_CREATE 1
| #define HAVE_EPOLL_PWAIT2 1
| #define HAVE_FSTATFS 1
| #define HAVE_FUTIMENS 1
| #define HAVE_FUTIMES 1
| #define HAVE_FUTIMESAT 1
| #define HAVE_GETADDRINFO 1
| #define HAVE_GETAUXVAL 1
| #define HAVE_GETIFADDRS 1
| #define HAVE_GETRANDOM 1
| #define HAVE_MEMFD_CREATE 1
| #define HAVE_PIPE2 1
| #define HAVE_POSIX_FADVISE 1
| #define HAVE_POSIX_FALLOCATE 1
| #define HAVE_PRCTL 1
| #define HAVE_PROCESS_VM_READV 1
| #define HAVE_PROCESS_VM_WRITEV 1
| #define HAVE_SCHED_GETCPU 1
| #define HAVE_SCHED_YIELD 1
| #define HAVE_SIGPROCMASK 1
| #define HAVE_SYSINFO 1
| #define HAVE_TCDRAIN 1
| #define HAVE_CLOCK_GETTIME 1
| #define HAVE_SCHED_SETAFFINITY 1
| #define HAVE_LINUX_GETHOSTBYNAME_R_6 1
| #define HAVE_SG_IO_HDR_T_INTERFACE_ID 1
| #define HAVE_SIGINFO_T_SI_FD 1
| #define HAVE_STRUCT_MTGET_MT_GSTAT 1
| #define HAVE_STRUCT_MTGET_MT_BLKNO 1
| #define HAVE_STRUCT_STAT_ST_MTIM 1
| #define HAVE_STRUCT_STAT_ST_CTIM 1
| #define HAVE_STRUCT_STAT_ST_ATIM 1
| /* end confdefs.h.  */
| #include <stddef.h>
| #ifdef HAVE_STDIO_H
| # include <stdio.h>
| #endif
| #ifdef HAVE_STDLIB_H
| # include <stdlib.h>
| #endif
| #ifdef HAVE_STRING_H
| # include <string.h>
| #endif
| #ifdef HAVE_INTTYPES_H
| # include <inttypes.h>
| #endif
| #ifdef HAVE_STDINT_H
| # include <stdint.h>
| #endif
| #ifdef HAVE_STRINGS_H
| # include <strings.h>
| #endif
| #ifdef HAVE_SYS_TYPES_H
| # include <sys/types.h>
| #endif
| #ifdef HAVE_SYS_STAT_H
| # include <sys/stat.h>
| #endif
| #ifdef HAVE_UNISTD_H
| # include <unistd.h>
| #endif
| int
| main (void)
| {
| static struct stat ac_aggr;
| if (ac_aggr.__st_birthtime)
| return 0;
|   ;
|   return 0;
| }
configure:21803: gcc -m64 -c -g -O2 -U_FORTIFY_SOURCE -D_FORTIFY_SOURCE=0  conftest.c >&5
conftest.c: In function 'main':
conftest.c:192:19: error: 'struct stat' has no member named '__st_birthtime'
  192 | if (sizeof ac_aggr.__st_birthtime)
      |                   ^
configure:21803: $? = 1
configure: failed program was:
| /* confdefs.h */
| #define PACKAGE_NAME "Wine"
| #define PACKAGE_TARNAME "wine"
| #define PACKAGE_VERSION "11.15"
| #define PACKAGE_STRING "Wine 11.15"
| #define PACKAGE_BUGREPORT "wine-devel@winehq.org"
| #define PACKAGE_URL "https://www.winehq.org"
| #define EXEEXT ""
| #define HAVE_STDIO_H 1
| #define HAVE_STDLIB_H 1
| #define HAVE_STRING_H 1
| #define HAVE_INTTYPES_H 1
| #define HAVE_STDINT_H 1
| #define HAVE_STRINGS_H 1
| #define HAVE_SYS_STAT_H 1
| #define HAVE_SYS_TYPES_H 1
| #define HAVE_UNISTD_H 1
| #define STDC_HEADERS 1
| #define HAVE_ARPA_INET_H 1
| #define HAVE_ARPA_NAMESER_H 1
| #define HAVE_ASM_TERMBITS_H 1
| #define HAVE_ASM_TYPES_H 1
| #define HAVE_ELF_H 1
| #define HAVE_LINK_H 1
| #define HAVE_LINUX_CDROM_H 1
| #define HAVE_LINUX_ERRQUEUE_H 1
| #define HAVE_LINUX_FILTER_H 1
| #define HAVE_LINUX_FS_H 1
| #define HAVE_LINUX_HDREG_H 1
| #define HAVE_LINUX_HIDRAW_H 1
| #define HAVE_LINUX_INPUT_H 1
| #define HAVE_LINUX_IOCTL_H 1
| #define HAVE_LINUX_MAJOR_H 1
| #define HAVE_LINUX_MEMFD_H 1
| #define HAVE_LINUX_PARAM_H 1
| #define HAVE_LINUX_SERIAL_H 1
| #define HAVE_LINUX_TYPES_H 1
| #define HAVE_LINUX_USERFAULTFD_H 1
| #define HAVE_LINUX_WIRELESS_H 1
| #define HAVE_MNTENT_H 1
| #define HAVE_NETDB_H 1
| #define HAVE_NETINET_IN_H 1
| #define HAVE_NETINET_IN_SYSTM_H 1
| #define HAVE_NETINET_TCP_H 1
| #define HAVE_PWD_H 1
| #define HAVE_SCHED_H 1
| #define HAVE_SCSI_SCSI_H 1
| #define HAVE_SCSI_SCSI_IOCTL_H 1
| #define HAVE_SCSI_SG_H 1
| #define HAVE_SYS_AUXV_H 1
| #define HAVE_SYS_EPOLL_H 1
| #define HAVE_SYS_IPC_H 1
| #define HAVE_SYS_MTIO_H 1
| #define HAVE_SYS_PARAM_H 1
| #define HAVE_SYS_PERSONALITY_H 1
| #define HAVE_SYS_PRCTL_H 1
| #define HAVE_SYS_PTRACE_H 1
| #define HAVE_SYS_QUEUE_H 1
| #define HAVE_SYS_RANDOM_H 1
| #define HAVE_SYS_RESOURCE_H 1
| #define HAVE_SYS_SHM_H 1
| #define HAVE_SYS_SIGNAL_H 1
| #define HAVE_SYS_SOCKETVAR_H 1
| #define HAVE_SYS_STATVFS_H 1
| #define HAVE_SYS_SYSCALL_H 1
| #define HAVE_SYS_SYSINFO_H 1
| #define HAVE_SYS_TIMES_H 1
| #define HAVE_SYS_UIO_H 1
| #define HAVE_SYS_USER_H 1
| #define HAVE_SYS_UTSNAME_H 1
| #define HAVE_SYS_XATTR_H 1
| #define HAVE_SYSCALL_H 1
| #define HAVE_UTIME_H 1
| #define HAVE_VALGRIND_MEMCHECK_H 1
| #define HAVE_VALGRIND_VALGRIND_H 1
| #define MAJOR_IN_SYSMACROS 1
| #define HAVE_SYS_MOUNT_H 1
| #define HAVE_SYS_STATFS_H 1
| #define HAVE_SYS_USER_H 1
| #define HAVE_SYS_VFS_H 1
| #define HAVE_NETINET_IP_H 1
| #define HAVE_NET_IF_H 1
| #define HAVE_NET_IF_ARP_H 1
| #define HAVE_NET_ROUTE_H 1
| #define HAVE_NETINET_IF_ETHER_H 1
| #define HAVE_NETINET_IP_ICMP_H 1
| #define HAVE_NETINET_UDP_H 1
| #define HAVE_NETIPX_IPX_H 1
| #define HAVE_SYS_UN_H 1
| #define HAVE_NETINET_ICMP6_H 1
| #define HAVE_LINUX_RTNETLINK_H 1
| #define HAVE_RESOLV_H 1
| #define HAVE_IFADDRS_H 1
| #define HAVE_SYS_UCONTEXT_H 1
| #define HAVE_LINUX_VIDEODEV2_H 1
| #define _GNU_SOURCE 1
| #define SONAME_LIBX11 "libX11.so.6"
| #define SONAME_LIBXEXT "libXext.so.6"
| #define HAVE_X11_EXTENSIONS_SHAPE_H 1
| #define HAVE_X11_EXTENSIONS_XINPUT2_H 1
| #define HAVE_X11_EXTENSIONS_XSHM_H 1
| #define HAVE_X11_EXTENSIONS_XFIXES_H 1
| #define HAVE_X11_EXTENSIONS_XRANDR_H 1
| #define HAVE_X11_EXTENSIONS_XRENDER_H 1
| #define HAVE_X11_EXTENSIONS_XF86VMPROTO_H 1
| #define SONAME_LIBXCURSOR "libXcursor.so.1"
| #define SONAME_LIBXI "libXi.so.6"
| #define HAVE_LIBXXSHM 1
| #define HAVE_LIBXSHAPE 1
| #define SONAME_LIBXRENDER "libXrender.so.1"
| #define HAVE_XRENDERSETPICTURETRANSFORM 1
| #define HAVE_XRENDERCREATELINEARGRADIENT 1
| #define SONAME_LIBXRANDR "libXrandr.so.2"
| #define HAVE_XRRGETPROVIDERRESOURCES 1
| #define SONAME_LIBXFIXES "libXfixes.so.3"
| #define HAVE_XICCALLBACK_CALLBACK 1
| #define HAVE_XEVENT_XCOOKIE 1
| #define HAVE_SYS_INOTIFY_H 1
| #define HAVE_RESOLV 1
| #define HAVE_FT2BUILD_H 1
| #define SONAME_LIBFREETYPE "libfreetype.so.6"
| #define SONAME_LIBFONTCONFIG "libfontconfig.so.1"
| #define SONAME_LIBODBC "libodbc.so"
| #define HAVE_WINE_PRELOADER 1
| #define HAVE_DLADDR1 1
| #define HAVE_DLINFO 1
| #define HAVE_EPOLL_CREATE 1
| #define HAVE_EPOLL_PWAIT2 1
| #define HAVE_FSTATFS 1
| #define HAVE_FUTIMENS 1
| #define HAVE_FUTIMES 1
| #define HAVE_FUTIMESAT 1
| #define HAVE_GETADDRINFO 1
| #define HAVE_GETAUXVAL 1
| #define HAVE_GETIFADDRS 1
| #define HAVE_GETRANDOM 1
| #define HAVE_MEMFD_CREATE 1
| #define HAVE_PIPE2 1
| #define HAVE_POSIX_FADVISE 1
| #define HAVE_POSIX_FALLOCATE 1
| #define HAVE_PRCTL 1
| #define HAVE_PROCESS_VM_READV 1
| #define HAVE_PROCESS_VM_WRITEV 1
| #define HAVE_SCHED_GETCPU 1
| #define HAVE_SCHED_YIELD 1
| #define HAVE_SIGPROCMASK 1
| #define HAVE_SYSINFO 1
| #define HAVE_TCDRAIN 1
| #define HAVE_CLOCK_GETTIME 1
| #define HAVE_SCHED_SETAFFINITY 1
| #define HAVE_LINUX_GETHOSTBYNAME_R_6 1
| #define HAVE_SG_IO_HDR_T_INTERFACE_ID 1
| #define HAVE_SIGINFO_T_SI_FD 1
| #define HAVE_STRUCT_MTGET_MT_GSTAT 1
| #define HAVE_STRUCT_MTGET_MT_BLKNO 1
| #define HAVE_STRUCT_STAT_ST_MTIM 1
| #define HAVE_STRUCT_STAT_ST_CTIM 1
| #define HAVE_STRUCT_STAT_ST_ATIM 1
| /* end confdefs.h.  */
| #include <stddef.h>
| #ifdef HAVE_STDIO_H
| # include <stdio.h>
| #endif
| #ifdef HAVE_STDLIB_H
| # include <stdlib.h>
| #endif
| #ifdef HAVE_STRING_H
| # include <string.h>
| #endif
| #ifdef HAVE_INTTYPES_H
| # include <inttypes.h>
| #endif
| #ifdef HAVE_STDINT_H
| # include <stdint.h>
| #endif
| #ifdef HAVE_STRINGS_H
| # include <strings.h>
| #endif
| #ifdef HAVE_SYS_TYPES_H
| # include <sys/types.h>
| #endif
| #ifdef HAVE_SYS_STAT_H
| # include <sys/stat.h>
| #endif
| #ifdef HAVE_UNISTD_H
| # include <unistd.h>
| #endif
| int
| main (void)
| {
| static struct stat ac_aggr;
| if (sizeof ac_aggr.__st_birthtime)
| return 0;
|   ;
|   return 0;
| }
configure:21803: result: no
configure:21811: checking for struct stat.__st_birthtim
configure:21811: gcc -m64 -c -g -O2 -U_FORTIFY_SOURCE -D_FORTIFY_SOURCE=0  conftest.c >&5
conftest.c: In function 'main':
conftest.c:192:12: error: 'struct stat' has no member named '__st_birthtim'
  192 | if (ac_aggr.__st_birthtim)
      |            ^
configure:21811: $? = 1
configure: failed program was:
| /* confdefs.h */
| #define PACKAGE_NAME "Wine"
| #define PACKAGE_TARNAME "wine"
| #define PACKAGE_VERSION "11.15"
| #define PACKAGE_STRING "Wine 11.15"
| #define PACKAGE_BUGREPORT "wine-devel@winehq.org"
| #define PACKAGE_URL "https://www.winehq.org"
| #define EXEEXT ""
| #define HAVE_STDIO_H 1
| #define HAVE_STDLIB_H 1
| #define HAVE_STRING_H 1
| #define HAVE_INTTYPES_H 1
| #define HAVE_STDINT_H 1
| #define HAVE_STRINGS_H 1
| #define HAVE_SYS_STAT_H 1
| #define HAVE_SYS_TYPES_H 1
| #define HAVE_UNISTD_H 1
| #define STDC_HEADERS 1
| #define HAVE_ARPA_INET_H 1
| #define HAVE_ARPA_NAMESER_H 1
| #define HAVE_ASM_TERMBITS_H 1
| #define HAVE_ASM_TYPES_H 1
| #define HAVE_ELF_H 1
| #define HAVE_LINK_H 1
| #define HAVE_LINUX_CDROM_H 1
| #define HAVE_LINUX_ERRQUEUE_H 1
| #define HAVE_LINUX_FILTER_H 1
| #define HAVE_LINUX_FS_H 1
| #define HAVE_LINUX_HDREG_H 1
| #define HAVE_LINUX_HIDRAW_H 1
| #define HAVE_LINUX_INPUT_H 1
| #define HAVE_LINUX_IOCTL_H 1
| #define HAVE_LINUX_MAJOR_H 1
| #define HAVE_LINUX_MEMFD_H 1
| #define HAVE_LINUX_PARAM_H 1
| #define HAVE_LINUX_SERIAL_H 1
| #define HAVE_LINUX_TYPES_H 1
| #define HAVE_LINUX_USERFAULTFD_H 1
| #define HAVE_LINUX_WIRELESS_H 1
| #define HAVE_MNTENT_H 1
| #define HAVE_NETDB_H 1
| #define HAVE_NETINET_IN_H 1
| #define HAVE_NETINET_IN_SYSTM_H 1
| #define HAVE_NETINET_TCP_H 1
| #define HAVE_PWD_H 1
| #define HAVE_SCHED_H 1
| #define HAVE_SCSI_SCSI_H 1
| #define HAVE_SCSI_SCSI_IOCTL_H 1
| #define HAVE_SCSI_SG_H 1
| #define HAVE_SYS_AUXV_H 1
| #define HAVE_SYS_EPOLL_H 1
| #define HAVE_SYS_IPC_H 1
| #define HAVE_SYS_MTIO_H 1
| #define HAVE_SYS_PARAM_H 1
| #define HAVE_SYS_PERSONALITY_H 1
| #define HAVE_SYS_PRCTL_H 1
| #define HAVE_SYS_PTRACE_H 1
| #define HAVE_SYS_QUEUE_H 1
| #define HAVE_SYS_RANDOM_H 1
| #define HAVE_SYS_RESOURCE_H 1
| #define HAVE_SYS_SHM_H 1
| #define HAVE_SYS_SIGNAL_H 1
| #define HAVE_SYS_SOCKETVAR_H 1
| #define HAVE_SYS_STATVFS_H 1
| #define HAVE_SYS_SYSCALL_H 1
| #define HAVE_SYS_SYSINFO_H 1
| #define HAVE_SYS_TIMES_H 1
| #define HAVE_SYS_UIO_H 1
| #define HAVE_SYS_USER_H 1
| #define HAVE_SYS_UTSNAME_H 1
| #define HAVE_SYS_XATTR_H 1
| #define HAVE_SYSCALL_H 1
| #define HAVE_UTIME_H 1
| #define HAVE_VALGRIND_MEMCHECK_H 1
| #define HAVE_VALGRIND_VALGRIND_H 1
| #define MAJOR_IN_SYSMACROS 1
| #define HAVE_SYS_MOUNT_H 1
| #define HAVE_SYS_STATFS_H 1
| #define HAVE_SYS_USER_H 1
| #define HAVE_SYS_VFS_H 1
| #define HAVE_NETINET_IP_H 1
| #define HAVE_NET_IF_H 1
| #define HAVE_NET_IF_ARP_H 1
| #define HAVE_NET_ROUTE_H 1
| #define HAVE_NETINET_IF_ETHER_H 1
| #define HAVE_NETINET_IP_ICMP_H 1
| #define HAVE_NETINET_UDP_H 1
| #define HAVE_NETIPX_IPX_H 1
| #define HAVE_SYS_UN_H 1
| #define HAVE_NETINET_ICMP6_H 1
| #define HAVE_LINUX_RTNETLINK_H 1
| #define HAVE_RESOLV_H 1
| #define HAVE_IFADDRS_H 1
| #define HAVE_SYS_UCONTEXT_H 1
| #define HAVE_LINUX_VIDEODEV2_H 1
| #define _GNU_SOURCE 1
| #define SONAME_LIBX11 "libX11.so.6"
| #define SONAME_LIBXEXT "libXext.so.6"
| #define HAVE_X11_EXTENSIONS_SHAPE_H 1
| #define HAVE_X11_EXTENSIONS_XINPUT2_H 1
| #define HAVE_X11_EXTENSIONS_XSHM_H 1
| #define HAVE_X11_EXTENSIONS_XFIXES_H 1
| #define HAVE_X11_EXTENSIONS_XRANDR_H 1
| #define HAVE_X11_EXTENSIONS_XRENDER_H 1
| #define HAVE_X11_EXTENSIONS_XF86VMPROTO_H 1
| #define SONAME_LIBXCURSOR "libXcursor.so.1"
| #define SONAME_LIBXI "libXi.so.6"
| #define HAVE_LIBXXSHM 1
| #define HAVE_LIBXSHAPE 1
| #define SONAME_LIBXRENDER "libXrender.so.1"
| #define HAVE_XRENDERSETPICTURETRANSFORM 1
| #define HAVE_XRENDERCREATELINEARGRADIENT 1
| #define SONAME_LIBXRANDR "libXrandr.so.2"
| #define HAVE_XRRGETPROVIDERRESOURCES 1
| #define SONAME_LIBXFIXES "libXfixes.so.3"
| #define HAVE_XICCALLBACK_CALLBACK 1
| #define HAVE_XEVENT_XCOOKIE 1
| #define HAVE_SYS_INOTIFY_H 1
| #define HAVE_RESOLV 1
| #define HAVE_FT2BUILD_H 1
| #define SONAME_LIBFREETYPE "libfreetype.so.6"
| #define SONAME_LIBFONTCONFIG "libfontconfig.so.1"
| #define SONAME_LIBODBC "libodbc.so"
| #define HAVE_WINE_PRELOADER 1
| #define HAVE_DLADDR1 1
| #define HAVE_DLINFO 1
| #define HAVE_EPOLL_CREATE 1
| #define HAVE_EPOLL_PWAIT2 1
| #define HAVE_FSTATFS 1
| #define HAVE_FUTIMENS 1
| #define HAVE_FUTIMES 1
| #define HAVE_FUTIMESAT 1
| #define HAVE_GETADDRINFO 1
| #define HAVE_GETAUXVAL 1
| #define HAVE_GETIFADDRS 1
| #define HAVE_GETRANDOM 1
| #define HAVE_MEMFD_CREATE 1
| #define HAVE_PIPE2 1
| #define HAVE_POSIX_FADVISE 1
| #define HAVE_POSIX_FALLOCATE 1
| #define HAVE_PRCTL 1
| #define HAVE_PROCESS_VM_READV 1
| #define HAVE_PROCESS_VM_WRITEV 1
| #define HAVE_SCHED_GETCPU 1
| #define HAVE_SCHED_YIELD 1
| #define HAVE_SIGPROCMASK 1
| #define HAVE_SYSINFO 1
| #define HAVE_TCDRAIN 1
| #define HAVE_CLOCK_GETTIME 1
| #define HAVE_SCHED_SETAFFINITY 1
| #define HAVE_LINUX_GETHOSTBYNAME_R_6 1
| #define HAVE_SG_IO_HDR_T_INTERFACE_ID 1
| #define HAVE_SIGINFO_T_SI_FD 1
| #define HAVE_STRUCT_MTGET_MT_GSTAT 1
| #define HAVE_STRUCT_MTGET_MT_BLKNO 1
| #define HAVE_STRUCT_STAT_ST_MTIM 1
| #define HAVE_STRUCT_STAT_ST_CTIM 1
| #define HAVE_STRUCT_STAT_ST_ATIM 1
| /* end confdefs.h.  */
| #include <stddef.h>
| #ifdef HAVE_STDIO_H
| # include <stdio.h>
| #endif
| #ifdef HAVE_STDLIB_H
| # include <stdlib.h>
| #endif
| #ifdef HAVE_STRING_H
| # include <string.h>
| #endif
| #ifdef HAVE_INTTYPES_H
| # include <inttypes.h>
| #endif
| #ifdef HAVE_STDINT_H
| # include <stdint.h>
| #endif
| #ifdef HAVE_STRINGS_H
| # include <strings.h>
| #endif
| #ifdef HAVE_SYS_TYPES_H
| # include <sys/types.h>
| #endif
| #ifdef HAVE_SYS_STAT_H
| # include <sys/stat.h>
| #endif
| #ifdef HAVE_UNISTD_H
| # include <unistd.h>
| #endif
| int
| main (void)
| {
| static struct stat ac_aggr;
| if (ac_aggr.__st_birthtim)
| return 0;
|   ;
|   return 0;
| }
configure:21811: gcc -m64 -c -g -O2 -U_FORTIFY_SOURCE -D_FORTIFY_SOURCE=0  conftest.c >&5
conftest.c: In function 'main':
conftest.c:192:19: error: 'struct stat' has no member named '__st_birthtim'
  192 | if (sizeof ac_aggr.__st_birthtim)
      |                   ^
configure:21811: $? = 1
configure: failed program was:
| /* confdefs.h */
| #define PACKAGE_NAME "Wine"
| #define PACKAGE_TARNAME "wine"
| #define PACKAGE_VERSION "11.15"
| #define PACKAGE_STRING "Wine 11.15"
| #define PACKAGE_BUGREPORT "wine-devel@winehq.org"
| #define PACKAGE_URL "https://www.winehq.org"
| #define EXEEXT ""
| #define HAVE_STDIO_H 1
| #define HAVE_STDLIB_H 1
| #define HAVE_STRING_H 1
| #define HAVE_INTTYPES_H 1
| #define HAVE_STDINT_H 1
| #define HAVE_STRINGS_H 1
| #define HAVE_SYS_STAT_H 1
| #define HAVE_SYS_TYPES_H 1
| #define HAVE_UNISTD_H 1
| #define STDC_HEADERS 1
| #define HAVE_ARPA_INET_H 1
| #define HAVE_ARPA_NAMESER_H 1
| #define HAVE_ASM_TERMBITS_H 1
| #define HAVE_ASM_TYPES_H 1
| #define HAVE_ELF_H 1
| #define HAVE_LINK_H 1
| #define HAVE_LINUX_CDROM_H 1
| #define HAVE_LINUX_ERRQUEUE_H 1
| #define HAVE_LINUX_FILTER_H 1
| #define HAVE_LINUX_FS_H 1
| #define HAVE_LINUX_HDREG_H 1
| #define HAVE_LINUX_HIDRAW_H 1
| #define HAVE_LINUX_INPUT_H 1
| #define HAVE_LINUX_IOCTL_H 1
| #define HAVE_LINUX_MAJOR_H 1
| #define HAVE_LINUX_MEMFD_H 1
| #define HAVE_LINUX_PARAM_H 1
| #define HAVE_LINUX_SERIAL_H 1
| #define HAVE_LINUX_TYPES_H 1
| #define HAVE_LINUX_USERFAULTFD_H 1
| #define HAVE_LINUX_WIRELESS_H 1
| #define HAVE_MNTENT_H 1
| #define HAVE_NETDB_H 1
| #define HAVE_NETINET_IN_H 1
| #define HAVE_NETINET_IN_SYSTM_H 1
| #define HAVE_NETINET_TCP_H 1
| #define HAVE_PWD_H 1
| #define HAVE_SCHED_H 1
| #define HAVE_SCSI_SCSI_H 1
| #define HAVE_SCSI_SCSI_IOCTL_H 1
| #define HAVE_SCSI_SG_H 1
| #define HAVE_SYS_AUXV_H 1
| #define HAVE_SYS_EPOLL_H 1
| #define HAVE_SYS_IPC_H 1
| #define HAVE_SYS_MTIO_H 1
| #define HAVE_SYS_PARAM_H 1
| #define HAVE_SYS_PERSONALITY_H 1
| #define HAVE_SYS_PRCTL_H 1
| #define HAVE_SYS_PTRACE_H 1
| #define HAVE_SYS_QUEUE_H 1
| #define HAVE_SYS_RANDOM_H 1
| #define HAVE_SYS_RESOURCE_H 1
| #define HAVE_SYS_SHM_H 1
| #define HAVE_SYS_SIGNAL_H 1
| #define HAVE_SYS_SOCKETVAR_H 1
| #define HAVE_SYS_STATVFS_H 1
| #define HAVE_SYS_SYSCALL_H 1
| #define HAVE_SYS_SYSINFO_H 1
| #define HAVE_SYS_TIMES_H 1
| #define HAVE_SYS_UIO_H 1
| #define HAVE_SYS_USER_H 1
| #define HAVE_SYS_UTSNAME_H 1
| #define HAVE_SYS_XATTR_H 1
| #define HAVE_SYSCALL_H 1
| #define HAVE_UTIME_H 1
| #define HAVE_VALGRIND_MEMCHECK_H 1
| #define HAVE_VALGRIND_VALGRIND_H 1
| #define MAJOR_IN_SYSMACROS 1
| #define HAVE_SYS_MOUNT_H 1
| #define HAVE_SYS_STATFS_H 1
| #define HAVE_SYS_USER_H 1
| #define HAVE_SYS_VFS_H 1
| #define HAVE_NETINET_IP_H 1
| #define HAVE_NET_IF_H 1
| #define HAVE_NET_IF_ARP_H 1
| #define HAVE_NET_ROUTE_H 1
| #define HAVE_NETINET_IF_ETHER_H 1
| #define HAVE_NETINET_IP_ICMP_H 1
| #define HAVE_NETINET_UDP_H 1
| #define HAVE_NETIPX_IPX_H 1
| #define HAVE_SYS_UN_H 1
| #define HAVE_NETINET_ICMP6_H 1
| #define HAVE_LINUX_RTNETLINK_H 1
| #define HAVE_RESOLV_H 1
| #define HAVE_IFADDRS_H 1
| #define HAVE_SYS_UCONTEXT_H 1
| #define HAVE_LINUX_VIDEODEV2_H 1
| #define _GNU_SOURCE 1
| #define SONAME_LIBX11 "libX11.so.6"
| #define SONAME_LIBXEXT "libXext.so.6"
| #define HAVE_X11_EXTENSIONS_SHAPE_H 1
| #define HAVE_X11_EXTENSIONS_XINPUT2_H 1
| #define HAVE_X11_EXTENSIONS_XSHM_H 1
| #define HAVE_X11_EXTENSIONS_XFIXES_H 1
| #define HAVE_X11_EXTENSIONS_XRANDR_H 1
| #define HAVE_X11_EXTENSIONS_XRENDER_H 1
| #define HAVE_X11_EXTENSIONS_XF86VMPROTO_H 1
| #define SONAME_LIBXCURSOR "libXcursor.so.1"
| #define SONAME_LIBXI "libXi.so.6"
| #define HAVE_LIBXXSHM 1
| #define HAVE_LIBXSHAPE 1
| #define SONAME_LIBXRENDER "libXrender.so.1"
| #define HAVE_XRENDERSETPICTURETRANSFORM 1
| #define HAVE_XRENDERCREATELINEARGRADIENT 1
| #define SONAME_LIBXRANDR "libXrandr.so.2"
| #define HAVE_XRRGETPROVIDERRESOURCES 1
| #define SONAME_LIBXFIXES "libXfixes.so.3"
| #define HAVE_XICCALLBACK_CALLBACK 1
| #define HAVE_XEVENT_XCOOKIE 1
| #define HAVE_SYS_INOTIFY_H 1
| #define HAVE_RESOLV 1
| #define HAVE_FT2BUILD_H 1
| #define SONAME_LIBFREETYPE "libfreetype.so.6"
| #define SONAME_LIBFONTCONFIG "libfontconfig.so.1"
| #define SONAME_LIBODBC "libodbc.so"
| #define HAVE_WINE_PRELOADER 1
| #define HAVE_DLADDR1 1
| #define HAVE_DLINFO 1
| #define HAVE_EPOLL_CREATE 1
| #define HAVE_EPOLL_PWAIT2 1
| #define HAVE_FSTATFS 1
| #define HAVE_FUTIMENS 1
| #define HAVE_FUTIMES 1
| #define HAVE_FUTIMESAT 1
| #define HAVE_GETADDRINFO 1
| #define HAVE_GETAUXVAL 1
| #define HAVE_GETIFADDRS 1
| #define HAVE_GETRANDOM 1
| #define HAVE_MEMFD_CREATE 1
| #define HAVE_PIPE2 1
| #define HAVE_POSIX_FADVISE 1
| #define HAVE_POSIX_FALLOCATE 1
| #define HAVE_PRCTL 1
| #define HAVE_PROCESS_VM_READV 1
| #define HAVE_PROCESS_VM_WRITEV 1
| #define HAVE_SCHED_GETCPU 1
| #define HAVE_SCHED_YIELD 1
| #define HAVE_SIGPROCMASK 1
| #define HAVE_SYSINFO 1
| #define HAVE_TCDRAIN 1
| #define HAVE_CLOCK_GETTIME 1
| #define HAVE_SCHED_SETAFFINITY 1
| #define HAVE_LINUX_GETHOSTBYNAME_R_6 1
| #define HAVE_SG_IO_HDR_T_INTERFACE_ID 1
| #define HAVE_SIGINFO_T_SI_FD 1
| #define HAVE_STRUCT_MTGET_MT_GSTAT 1
| #define HAVE_STRUCT_MTGET_MT_BLKNO 1
| #define HAVE_STRUCT_STAT_ST_MTIM 1
| #define HAVE_STRUCT_STAT_ST_CTIM 1
| #define HAVE_STRUCT_STAT_ST_ATIM 1
| /* end confdefs.h.  */
| #include <stddef.h>
| #ifdef HAVE_STDIO_H
| # include <stdio.h>
| #endif
| #ifdef HAVE_STDLIB_H
| # include <stdlib.h>
| #endif
| #ifdef HAVE_STRING_H
| # include <string.h>
| #endif
| #ifdef HAVE_INTTYPES_H
| # include <inttypes.h>
| #endif
| #ifdef HAVE_STDINT_H
| # include <stdint.h>
| #endif
| #ifdef HAVE_STRINGS_H
| # include <strings.h>
| #endif
| #ifdef HAVE_SYS_TYPES_H
| # include <sys/types.h>
| #endif
| #ifdef HAVE_SYS_STAT_H
| # include <sys/stat.h>
| #endif
| #ifdef HAVE_UNISTD_H
| # include <unistd.h>
| #endif
| int
| main (void)
| {
| static struct stat ac_aggr;
| if (sizeof ac_aggr.__st_birthtim)
| return 0;
|   ;
|   return 0;
| }
configure:21811: result: no
configure:21821: checking for struct sockaddr_in6.sin6_scope_id
configure:21821: gcc -m64 -c -g -O2 -U_FORTIFY_SOURCE -D_FORTIFY_SOURCE=0  conftest.c >&5
configure:21821: $? = 0
configure:21821: result: yes
configure:21835: checking for struct __res_state._u._ext.nscount6
configure:21835: gcc -m64 -c -g -O2 -U_FORTIFY_SOURCE -D_FORTIFY_SOURCE=0  conftest.c >&5
configure:21835: $? = 0
configure:21835: result: yes
configure:21848: checking for struct in6_pktinfo.ipi6_addr
configure:21848: gcc -m64 -c -g -O2 -U_FORTIFY_SOURCE -D_FORTIFY_SOURCE=0  conftest.c >&5
conftest.c: In function 'main':
conftest.c:170:5: error: used struct type value where scalar is required
  170 | if (ac_aggr.ipi6_addr)
      |     ^~~~~~~
configure:21848: $? = 1
configure: failed program was:
| /* confdefs.h */
| #define PACKAGE_NAME "Wine"
| #define PACKAGE_TARNAME "wine"
| #define PACKAGE_VERSION "11.15"
| #define PACKAGE_STRING "Wine 11.15"
| #define PACKAGE_BUGREPORT "wine-devel@winehq.org"
| #define PACKAGE_URL "https://www.winehq.org"
| #define EXEEXT ""
| #define HAVE_STDIO_H 1
| #define HAVE_STDLIB_H 1
| #define HAVE_STRING_H 1
| #define HAVE_INTTYPES_H 1
| #define HAVE_STDINT_H 1
| #define HAVE_STRINGS_H 1
| #define HAVE_SYS_STAT_H 1
| #define HAVE_SYS_TYPES_H 1
| #define HAVE_UNISTD_H 1
| #define STDC_HEADERS 1
| #define HAVE_ARPA_INET_H 1
| #define HAVE_ARPA_NAMESER_H 1
| #define HAVE_ASM_TERMBITS_H 1
| #define HAVE_ASM_TYPES_H 1
| #define HAVE_ELF_H 1
| #define HAVE_LINK_H 1
| #define HAVE_LINUX_CDROM_H 1
| #define HAVE_LINUX_ERRQUEUE_H 1
| #define HAVE_LINUX_FILTER_H 1
| #define HAVE_LINUX_FS_H 1
| #define HAVE_LINUX_HDREG_H 1
| #define HAVE_LINUX_HIDRAW_H 1
| #define HAVE_LINUX_INPUT_H 1
| #define HAVE_LINUX_IOCTL_H 1
| #define HAVE_LINUX_MAJOR_H 1
| #define HAVE_LINUX_MEMFD_H 1
| #define HAVE_LINUX_PARAM_H 1
| #define HAVE_LINUX_SERIAL_H 1
| #define HAVE_LINUX_TYPES_H 1
| #define HAVE_LINUX_USERFAULTFD_H 1
| #define HAVE_LINUX_WIRELESS_H 1
| #define HAVE_MNTENT_H 1
| #define HAVE_NETDB_H 1
| #define HAVE_NETINET_IN_H 1
| #define HAVE_NETINET_IN_SYSTM_H 1
| #define HAVE_NETINET_TCP_H 1
| #define HAVE_PWD_H 1
| #define HAVE_SCHED_H 1
| #define HAVE_SCSI_SCSI_H 1
| #define HAVE_SCSI_SCSI_IOCTL_H 1
| #define HAVE_SCSI_SG_H 1
| #define HAVE_SYS_AUXV_H 1
| #define HAVE_SYS_EPOLL_H 1
| #define HAVE_SYS_IPC_H 1
| #define HAVE_SYS_MTIO_H 1
| #define HAVE_SYS_PARAM_H 1
| #define HAVE_SYS_PERSONALITY_H 1
| #define HAVE_SYS_PRCTL_H 1
| #define HAVE_SYS_PTRACE_H 1
| #define HAVE_SYS_QUEUE_H 1
| #define HAVE_SYS_RANDOM_H 1
| #define HAVE_SYS_RESOURCE_H 1
| #define HAVE_SYS_SHM_H 1
| #define HAVE_SYS_SIGNAL_H 1
| #define HAVE_SYS_SOCKETVAR_H 1
| #define HAVE_SYS_STATVFS_H 1
| #define HAVE_SYS_SYSCALL_H 1
| #define HAVE_SYS_SYSINFO_H 1
| #define HAVE_SYS_TIMES_H 1
| #define HAVE_SYS_UIO_H 1
| #define HAVE_SYS_USER_H 1
| #define HAVE_SYS_UTSNAME_H 1
| #define HAVE_SYS_XATTR_H 1
| #define HAVE_SYSCALL_H 1
| #define HAVE_UTIME_H 1
| #define HAVE_VALGRIND_MEMCHECK_H 1
| #define HAVE_VALGRIND_VALGRIND_H 1
| #define MAJOR_IN_SYSMACROS 1
| #define HAVE_SYS_MOUNT_H 1
| #define HAVE_SYS_STATFS_H 1
| #define HAVE_SYS_USER_H 1
| #define HAVE_SYS_VFS_H 1
| #define HAVE_NETINET_IP_H 1
| #define HAVE_NET_IF_H 1
| #define HAVE_NET_IF_ARP_H 1
| #define HAVE_NET_ROUTE_H 1
| #define HAVE_NETINET_IF_ETHER_H 1
| #define HAVE_NETINET_IP_ICMP_H 1
| #define HAVE_NETINET_UDP_H 1
| #define HAVE_NETIPX_IPX_H 1
| #define HAVE_SYS_UN_H 1
| #define HAVE_NETINET_ICMP6_H 1
| #define HAVE_LINUX_RTNETLINK_H 1
| #define HAVE_RESOLV_H 1
| #define HAVE_IFADDRS_H 1
| #define HAVE_SYS_UCONTEXT_H 1
| #define HAVE_LINUX_VIDEODEV2_H 1
| #define _GNU_SOURCE 1
| #define SONAME_LIBX11 "libX11.so.6"
| #define SONAME_LIBXEXT "libXext.so.6"
| #define HAVE_X11_EXTENSIONS_SHAPE_H 1
| #define HAVE_X11_EXTENSIONS_XINPUT2_H 1
| #define HAVE_X11_EXTENSIONS_XSHM_H 1
| #define HAVE_X11_EXTENSIONS_XFIXES_H 1
| #define HAVE_X11_EXTENSIONS_XRANDR_H 1
| #define HAVE_X11_EXTENSIONS_XRENDER_H 1
| #define HAVE_X11_EXTENSIONS_XF86VMPROTO_H 1
| #define SONAME_LIBXCURSOR "libXcursor.so.1"
| #define SONAME_LIBXI "libXi.so.6"
| #define HAVE_LIBXXSHM 1
| #define HAVE_LIBXSHAPE 1
| #define SONAME_LIBXRENDER "libXrender.so.1"
| #define HAVE_XRENDERSETPICTURETRANSFORM 1
| #define HAVE_XRENDERCREATELINEARGRADIENT 1
| #define SONAME_LIBXRANDR "libXrandr.so.2"
| #define HAVE_XRRGETPROVIDERRESOURCES 1
| #define SONAME_LIBXFIXES "libXfixes.so.3"
| #define HAVE_XICCALLBACK_CALLBACK 1
| #define HAVE_XEVENT_XCOOKIE 1
| #define HAVE_SYS_INOTIFY_H 1
| #define HAVE_RESOLV 1
| #define HAVE_FT2BUILD_H 1
| #define SONAME_LIBFREETYPE "libfreetype.so.6"
| #define SONAME_LIBFONTCONFIG "libfontconfig.so.1"
| #define SONAME_LIBODBC "libodbc.so"
| #define HAVE_WINE_PRELOADER 1
| #define HAVE_DLADDR1 1
| #define HAVE_DLINFO 1
| #define HAVE_EPOLL_CREATE 1
| #define HAVE_EPOLL_PWAIT2 1
| #define HAVE_FSTATFS 1
| #define HAVE_FUTIMENS 1
| #define HAVE_FUTIMES 1
| #define HAVE_FUTIMESAT 1
| #define HAVE_GETADDRINFO 1
| #define HAVE_GETAUXVAL 1
| #define HAVE_GETIFADDRS 1
| #define HAVE_GETRANDOM 1
| #define HAVE_MEMFD_CREATE 1
| #define HAVE_PIPE2 1
| #define HAVE_POSIX_FADVISE 1
| #define HAVE_POSIX_FALLOCATE 1
| #define HAVE_PRCTL 1
| #define HAVE_PROCESS_VM_READV 1
| #define HAVE_PROCESS_VM_WRITEV 1
| #define HAVE_SCHED_GETCPU 1
| #define HAVE_SCHED_YIELD 1
| #define HAVE_SIGPROCMASK 1
| #define HAVE_SYSINFO 1
| #define HAVE_TCDRAIN 1
| #define HAVE_CLOCK_GETTIME 1
| #define HAVE_SCHED_SETAFFINITY 1
| #define HAVE_LINUX_GETHOSTBYNAME_R_6 1
| #define HAVE_SG_IO_HDR_T_INTERFACE_ID 1
| #define HAVE_SIGINFO_T_SI_FD 1
| #define HAVE_STRUCT_MTGET_MT_GSTAT 1
| #define HAVE_STRUCT_MTGET_MT_BLKNO 1
| #define HAVE_STRUCT_STAT_ST_MTIM 1
| #define HAVE_STRUCT_STAT_ST_CTIM 1
| #define HAVE_STRUCT_STAT_ST_ATIM 1
| #define HAVE_STRUCT_SOCKADDR_IN6_SIN6_SCOPE_ID 1
| #define HAVE_STRUCT___RES_STATE__U__EXT_NSCOUNT6 1
| /* end confdefs.h.  */
| #ifdef HAVE_NETINET_IN_H
| #include <netinet/in.h>
| #endif
| 
| int
| main (void)
| {
| static struct in6_pktinfo ac_aggr;
| if (ac_aggr.ipi6_addr)
| return 0;
|   ;
|   return 0;
| }
configure:21848: gcc -m64 -c -g -O2 -U_FORTIFY_SOURCE -D_FORTIFY_SOURCE=0  conftest.c >&5
configure:21848: $? = 0
configure:21848: result: yes
configure:21861: checking for struct ipstat.ips_total
configure:21861: gcc -m64 -c -g -O2 -U_FORTIFY_SOURCE -D_FORTIFY_SOURCE=0  conftest.c >&5
conftest.c: In function 'main':
conftest.c:177:22: error: storage size of 'ac_aggr' isn't known
  177 | static struct ipstat ac_aggr;
      |                      ^~~~~~~
configure:21861: $? = 1
configure: failed program was:
| /* confdefs.h */
| #define PACKAGE_NAME "Wine"
| #define PACKAGE_TARNAME "wine"
| #define PACKAGE_VERSION "11.15"
| #define PACKAGE_STRING "Wine 11.15"
| #define PACKAGE_BUGREPORT "wine-devel@winehq.org"
| #define PACKAGE_URL "https://www.winehq.org"
| #define EXEEXT ""
| #define HAVE_STDIO_H 1
| #define HAVE_STDLIB_H 1
| #define HAVE_STRING_H 1
| #define HAVE_INTTYPES_H 1
| #define HAVE_STDINT_H 1
| #define HAVE_STRINGS_H 1
| #define HAVE_SYS_STAT_H 1
| #define HAVE_SYS_TYPES_H 1
| #define HAVE_UNISTD_H 1
| #define STDC_HEADERS 1
| #define HAVE_ARPA_INET_H 1
| #define HAVE_ARPA_NAMESER_H 1
| #define HAVE_ASM_TERMBITS_H 1
| #define HAVE_ASM_TYPES_H 1
| #define HAVE_ELF_H 1
| #define HAVE_LINK_H 1
| #define HAVE_LINUX_CDROM_H 1
| #define HAVE_LINUX_ERRQUEUE_H 1
| #define HAVE_LINUX_FILTER_H 1
| #define HAVE_LINUX_FS_H 1
| #define HAVE_LINUX_HDREG_H 1
| #define HAVE_LINUX_HIDRAW_H 1
| #define HAVE_LINUX_INPUT_H 1
| #define HAVE_LINUX_IOCTL_H 1
| #define HAVE_LINUX_MAJOR_H 1
| #define HAVE_LINUX_MEMFD_H 1
| #define HAVE_LINUX_PARAM_H 1
| #define HAVE_LINUX_SERIAL_H 1
| #define HAVE_LINUX_TYPES_H 1
| #define HAVE_LINUX_USERFAULTFD_H 1
| #define HAVE_LINUX_WIRELESS_H 1
| #define HAVE_MNTENT_H 1
| #define HAVE_NETDB_H 1
| #define HAVE_NETINET_IN_H 1
| #define HAVE_NETINET_IN_SYSTM_H 1
| #define HAVE_NETINET_TCP_H 1
| #define HAVE_PWD_H 1
| #define HAVE_SCHED_H 1
| #define HAVE_SCSI_SCSI_H 1
| #define HAVE_SCSI_SCSI_IOCTL_H 1
| #define HAVE_SCSI_SG_H 1
| #define HAVE_SYS_AUXV_H 1
| #define HAVE_SYS_EPOLL_H 1
| #define HAVE_SYS_IPC_H 1
| #define HAVE_SYS_MTIO_H 1
| #define HAVE_SYS_PARAM_H 1
| #define HAVE_SYS_PERSONALITY_H 1
| #define HAVE_SYS_PRCTL_H 1
| #define HAVE_SYS_PTRACE_H 1
| #define HAVE_SYS_QUEUE_H 1
| #define HAVE_SYS_RANDOM_H 1
| #define HAVE_SYS_RESOURCE_H 1
| #define HAVE_SYS_SHM_H 1
| #define HAVE_SYS_SIGNAL_H 1
| #define HAVE_SYS_SOCKETVAR_H 1
| #define HAVE_SYS_STATVFS_H 1
| #define HAVE_SYS_SYSCALL_H 1
| #define HAVE_SYS_SYSINFO_H 1
| #define HAVE_SYS_TIMES_H 1
| #define HAVE_SYS_UIO_H 1
| #define HAVE_SYS_USER_H 1
| #define HAVE_SYS_UTSNAME_H 1
| #define HAVE_SYS_XATTR_H 1
| #define HAVE_SYSCALL_H 1
| #define HAVE_UTIME_H 1
| #define HAVE_VALGRIND_MEMCHECK_H 1
| #define HAVE_VALGRIND_VALGRIND_H 1
| #define MAJOR_IN_SYSMACROS 1
| #define HAVE_SYS_MOUNT_H 1
| #define HAVE_SYS_STATFS_H 1
| #define HAVE_SYS_USER_H 1
| #define HAVE_SYS_VFS_H 1
| #define HAVE_NETINET_IP_H 1
| #define HAVE_NET_IF_H 1
| #define HAVE_NET_IF_ARP_H 1
| #define HAVE_NET_ROUTE_H 1
| #define HAVE_NETINET_IF_ETHER_H 1
| #define HAVE_NETINET_IP_ICMP_H 1
| #define HAVE_NETINET_UDP_H 1
| #define HAVE_NETIPX_IPX_H 1
| #define HAVE_SYS_UN_H 1
| #define HAVE_NETINET_ICMP6_H 1
| #define HAVE_LINUX_RTNETLINK_H 1
| #define HAVE_RESOLV_H 1
| #define HAVE_IFADDRS_H 1
| #define HAVE_SYS_UCONTEXT_H 1
| #define HAVE_LINUX_VIDEODEV2_H 1
| #define _GNU_SOURCE 1
| #define SONAME_LIBX11 "libX11.so.6"
| #define SONAME_LIBXEXT "libXext.so.6"
| #define HAVE_X11_EXTENSIONS_SHAPE_H 1
| #define HAVE_X11_EXTENSIONS_XINPUT2_H 1
| #define HAVE_X11_EXTENSIONS_XSHM_H 1
| #define HAVE_X11_EXTENSIONS_XFIXES_H 1
| #define HAVE_X11_EXTENSIONS_XRANDR_H 1
| #define HAVE_X11_EXTENSIONS_XRENDER_H 1
| #define HAVE_X11_EXTENSIONS_XF86VMPROTO_H 1
| #define SONAME_LIBXCURSOR "libXcursor.so.1"
| #define SONAME_LIBXI "libXi.so.6"
| #define HAVE_LIBXXSHM 1
| #define HAVE_LIBXSHAPE 1
| #define SONAME_LIBXRENDER "libXrender.so.1"
| #define HAVE_XRENDERSETPICTURETRANSFORM 1
| #define HAVE_XRENDERCREATELINEARGRADIENT 1
| #define SONAME_LIBXRANDR "libXrandr.so.2"
| #define HAVE_XRRGETPROVIDERRESOURCES 1
| #define SONAME_LIBXFIXES "libXfixes.so.3"
| #define HAVE_XICCALLBACK_CALLBACK 1
| #define HAVE_XEVENT_XCOOKIE 1
| #define HAVE_SYS_INOTIFY_H 1
| #define HAVE_RESOLV 1
| #define HAVE_FT2BUILD_H 1
| #define SONAME_LIBFREETYPE "libfreetype.so.6"
| #define SONAME_LIBFONTCONFIG "libfontconfig.so.1"
| #define SONAME_LIBODBC "libodbc.so"
| #define HAVE_WINE_PRELOADER 1
| #define HAVE_DLADDR1 1
| #define HAVE_DLINFO 1
| #define HAVE_EPOLL_CREATE 1
| #define HAVE_EPOLL_PWAIT2 1
| #define HAVE_FSTATFS 1
| #define HAVE_FUTIMENS 1
| #define HAVE_FUTIMES 1
| #define HAVE_FUTIMESAT 1
| #define HAVE_GETADDRINFO 1
| #define HAVE_GETAUXVAL 1
| #define HAVE_GETIFADDRS 1
| #define HAVE_GETRANDOM 1
| #define HAVE_MEMFD_CREATE 1
| #define HAVE_PIPE2 1
| #define HAVE_POSIX_FADVISE 1
| #define HAVE_POSIX_FALLOCATE 1
| #define HAVE_PRCTL 1
| #define HAVE_PROCESS_VM_READV 1
| #define HAVE_PROCESS_VM_WRITEV 1
| #define HAVE_SCHED_GETCPU 1
| #define HAVE_SCHED_YIELD 1
| #define HAVE_SIGPROCMASK 1
| #define HAVE_SYSINFO 1
| #define HAVE_TCDRAIN 1
| #define HAVE_CLOCK_GETTIME 1
| #define HAVE_SCHED_SETAFFINITY 1
| #define HAVE_LINUX_GETHOSTBYNAME_R_6 1
| #define HAVE_SG_IO_HDR_T_INTERFACE_ID 1
| #define HAVE_SIGINFO_T_SI_FD 1
| #define HAVE_STRUCT_MTGET_MT_GSTAT 1
| #define HAVE_STRUCT_MTGET_MT_BLKNO 1
| #define HAVE_STRUCT_STAT_ST_MTIM 1
| #define HAVE_STRUCT_STAT_ST_CTIM 1
| #define HAVE_STRUCT_STAT_ST_ATIM 1
| #define HAVE_STRUCT_SOCKADDR_IN6_SIN6_SCOPE_ID 1
| #define HAVE_STRUCT___RES_STATE__U__EXT_NSCOUNT6 1
| #define HAVE_STRUCT_IN6_PKTINFO_IPI6_ADDR 1
| /* end confdefs.h.  */
| #include <sys/types.h>
| #ifdef HAVE_SYS_SOCKETVAR_H
| #include <sys/socketvar.h>
| #endif
| #ifdef HAVE_NETINET_IN_H
| #include <netinet/in.h>
| #endif
| #ifdef HAVE_NETINET_IP_VAR_H
| #include <netinet/ip_var.h>
| #endif
| 
| int
| main (void)
| {
| static struct ipstat ac_aggr;
| if (ac_aggr.ips_total)
| return 0;
|   ;
|   return 0;
| }
configure:21861: gcc -m64 -c -g -O2 -U_FORTIFY_SOURCE -D_FORTIFY_SOURCE=0  conftest.c >&5
conftest.c: In function 'main':
conftest.c:177:22: error: storage size of 'ac_aggr' isn't known
  177 | static struct ipstat ac_aggr;
      |                      ^~~~~~~
configure:21861: $? = 1
configure: failed program was:
| /* confdefs.h */
| #define PACKAGE_NAME "Wine"
| #define PACKAGE_TARNAME "wine"
| #define PACKAGE_VERSION "11.15"
| #define PACKAGE_STRING "Wine 11.15"
| #define PACKAGE_BUGREPORT "wine-devel@winehq.org"
| #define PACKAGE_URL "https://www.winehq.org"
| #define EXEEXT ""
| #define HAVE_STDIO_H 1
| #define HAVE_STDLIB_H 1
| #define HAVE_STRING_H 1
| #define HAVE_INTTYPES_H 1
| #define HAVE_STDINT_H 1
| #define HAVE_STRINGS_H 1
| #define HAVE_SYS_STAT_H 1
| #define HAVE_SYS_TYPES_H 1
| #define HAVE_UNISTD_H 1
| #define STDC_HEADERS 1
| #define HAVE_ARPA_INET_H 1
| #define HAVE_ARPA_NAMESER_H 1
| #define HAVE_ASM_TERMBITS_H 1
| #define HAVE_ASM_TYPES_H 1
| #define HAVE_ELF_H 1
| #define HAVE_LINK_H 1
| #define HAVE_LINUX_CDROM_H 1
| #define HAVE_LINUX_ERRQUEUE_H 1
| #define HAVE_LINUX_FILTER_H 1
| #define HAVE_LINUX_FS_H 1
| #define HAVE_LINUX_HDREG_H 1
| #define HAVE_LINUX_HIDRAW_H 1
| #define HAVE_LINUX_INPUT_H 1
| #define HAVE_LINUX_IOCTL_H 1
| #define HAVE_LINUX_MAJOR_H 1
| #define HAVE_LINUX_MEMFD_H 1
| #define HAVE_LINUX_PARAM_H 1
| #define HAVE_LINUX_SERIAL_H 1
| #define HAVE_LINUX_TYPES_H 1
| #define HAVE_LINUX_USERFAULTFD_H 1
| #define HAVE_LINUX_WIRELESS_H 1
| #define HAVE_MNTENT_H 1
| #define HAVE_NETDB_H 1
| #define HAVE_NETINET_IN_H 1
| #define HAVE_NETINET_IN_SYSTM_H 1
| #define HAVE_NETINET_TCP_H 1
| #define HAVE_PWD_H 1
| #define HAVE_SCHED_H 1
| #define HAVE_SCSI_SCSI_H 1
| #define HAVE_SCSI_SCSI_IOCTL_H 1
| #define HAVE_SCSI_SG_H 1
| #define HAVE_SYS_AUXV_H 1
| #define HAVE_SYS_EPOLL_H 1
| #define HAVE_SYS_IPC_H 1
| #define HAVE_SYS_MTIO_H 1
| #define HAVE_SYS_PARAM_H 1
| #define HAVE_SYS_PERSONALITY_H 1
| #define HAVE_SYS_PRCTL_H 1
| #define HAVE_SYS_PTRACE_H 1
| #define HAVE_SYS_QUEUE_H 1
| #define HAVE_SYS_RANDOM_H 1
| #define HAVE_SYS_RESOURCE_H 1
| #define HAVE_SYS_SHM_H 1
| #define HAVE_SYS_SIGNAL_H 1
| #define HAVE_SYS_SOCKETVAR_H 1
| #define HAVE_SYS_STATVFS_H 1
| #define HAVE_SYS_SYSCALL_H 1
| #define HAVE_SYS_SYSINFO_H 1
| #define HAVE_SYS_TIMES_H 1
| #define HAVE_SYS_UIO_H 1
| #define HAVE_SYS_USER_H 1
| #define HAVE_SYS_UTSNAME_H 1
| #define HAVE_SYS_XATTR_H 1
| #define HAVE_SYSCALL_H 1
| #define HAVE_UTIME_H 1
| #define HAVE_VALGRIND_MEMCHECK_H 1
| #define HAVE_VALGRIND_VALGRIND_H 1
| #define MAJOR_IN_SYSMACROS 1
| #define HAVE_SYS_MOUNT_H 1
| #define HAVE_SYS_STATFS_H 1
| #define HAVE_SYS_USER_H 1
| #define HAVE_SYS_VFS_H 1
| #define HAVE_NETINET_IP_H 1
| #define HAVE_NET_IF_H 1
| #define HAVE_NET_IF_ARP_H 1
| #define HAVE_NET_ROUTE_H 1
| #define HAVE_NETINET_IF_ETHER_H 1
| #define HAVE_NETINET_IP_ICMP_H 1
| #define HAVE_NETINET_UDP_H 1
| #define HAVE_NETIPX_IPX_H 1
| #define HAVE_SYS_UN_H 1
| #define HAVE_NETINET_ICMP6_H 1
| #define HAVE_LINUX_RTNETLINK_H 1
| #define HAVE_RESOLV_H 1
| #define HAVE_IFADDRS_H 1
| #define HAVE_SYS_UCONTEXT_H 1
| #define HAVE_LINUX_VIDEODEV2_H 1
| #define _GNU_SOURCE 1
| #define SONAME_LIBX11 "libX11.so.6"
| #define SONAME_LIBXEXT "libXext.so.6"
| #define HAVE_X11_EXTENSIONS_SHAPE_H 1
| #define HAVE_X11_EXTENSIONS_XINPUT2_H 1
| #define HAVE_X11_EXTENSIONS_XSHM_H 1
| #define HAVE_X11_EXTENSIONS_XFIXES_H 1
| #define HAVE_X11_EXTENSIONS_XRANDR_H 1
| #define HAVE_X11_EXTENSIONS_XRENDER_H 1
| #define HAVE_X11_EXTENSIONS_XF86VMPROTO_H 1
| #define SONAME_LIBXCURSOR "libXcursor.so.1"
| #define SONAME_LIBXI "libXi.so.6"
| #define HAVE_LIBXXSHM 1
| #define HAVE_LIBXSHAPE 1
| #define SONAME_LIBXRENDER "libXrender.so.1"
| #define HAVE_XRENDERSETPICTURETRANSFORM 1
| #define HAVE_XRENDERCREATELINEARGRADIENT 1
| #define SONAME_LIBXRANDR "libXrandr.so.2"
| #define HAVE_XRRGETPROVIDERRESOURCES 1
| #define SONAME_LIBXFIXES "libXfixes.so.3"
| #define HAVE_XICCALLBACK_CALLBACK 1
| #define HAVE_XEVENT_XCOOKIE 1
| #define HAVE_SYS_INOTIFY_H 1
| #define HAVE_RESOLV 1
| #define HAVE_FT2BUILD_H 1
| #define SONAME_LIBFREETYPE "libfreetype.so.6"
| #define SONAME_LIBFONTCONFIG "libfontconfig.so.1"
| #define SONAME_LIBODBC "libodbc.so"
| #define HAVE_WINE_PRELOADER 1
| #define HAVE_DLADDR1 1
| #define HAVE_DLINFO 1
| #define HAVE_EPOLL_CREATE 1
| #define HAVE_EPOLL_PWAIT2 1
| #define HAVE_FSTATFS 1
| #define HAVE_FUTIMENS 1
| #define HAVE_FUTIMES 1
| #define HAVE_FUTIMESAT 1
| #define HAVE_GETADDRINFO 1
| #define HAVE_GETAUXVAL 1
| #define HAVE_GETIFADDRS 1
| #define HAVE_GETRANDOM 1
| #define HAVE_MEMFD_CREATE 1
| #define HAVE_PIPE2 1
| #define HAVE_POSIX_FADVISE 1
| #define HAVE_POSIX_FALLOCATE 1
| #define HAVE_PRCTL 1
| #define HAVE_PROCESS_VM_READV 1
| #define HAVE_PROCESS_VM_WRITEV 1
| #define HAVE_SCHED_GETCPU 1
| #define HAVE_SCHED_YIELD 1
| #define HAVE_SIGPROCMASK 1
| #define HAVE_SYSINFO 1
| #define HAVE_TCDRAIN 1
| #define HAVE_CLOCK_GETTIME 1
| #define HAVE_SCHED_SETAFFINITY 1
| #define HAVE_LINUX_GETHOSTBYNAME_R_6 1
| #define HAVE_SG_IO_HDR_T_INTERFACE_ID 1
| #define HAVE_SIGINFO_T_SI_FD 1
| #define HAVE_STRUCT_MTGET_MT_GSTAT 1
| #define HAVE_STRUCT_MTGET_MT_BLKNO 1
| #define HAVE_STRUCT_STAT_ST_MTIM 1
| #define HAVE_STRUCT_STAT_ST_CTIM 1
| #define HAVE_STRUCT_STAT_ST_ATIM 1
| #define HAVE_STRUCT_SOCKADDR_IN6_SIN6_SCOPE_ID 1
| #define HAVE_STRUCT___RES_STATE__U__EXT_NSCOUNT6 1
| #define HAVE_STRUCT_IN6_PKTINFO_IPI6_ADDR 1
| /* end confdefs.h.  */
| #include <sys/types.h>
| #ifdef HAVE_SYS_SOCKETVAR_H
| #include <sys/socketvar.h>
| #endif
| #ifdef HAVE_NETINET_IN_H
| #include <netinet/in.h>
| #endif
| #ifdef HAVE_NETINET_IP_VAR_H
| #include <netinet/ip_var.h>
| #endif
| 
| int
| main (void)
| {
| static struct ipstat ac_aggr;
| if (sizeof ac_aggr.ips_total)
| return 0;
|   ;
|   return 0;
| }
configure:21861: result: no
configure:21881: checking for struct ip_stats.ips_total
configure:21881: gcc -m64 -c -g -O2 -U_FORTIFY_SOURCE -D_FORTIFY_SOURCE=0  conftest.c >&5
conftest.c: In function 'main':
conftest.c:170:24: error: storage size of 'ac_aggr' isn't known
  170 | static struct ip_stats ac_aggr;
      |                        ^~~~~~~
configure:21881: $? = 1
configure: failed program was:
| /* confdefs.h */
| #define PACKAGE_NAME "Wine"
| #define PACKAGE_TARNAME "wine"
| #define PACKAGE_VERSION "11.15"
| #define PACKAGE_STRING "Wine 11.15"
| #define PACKAGE_BUGREPORT "wine-devel@winehq.org"
| #define PACKAGE_URL "https://www.winehq.org"
| #define EXEEXT ""
| #define HAVE_STDIO_H 1
| #define HAVE_STDLIB_H 1
| #define HAVE_STRING_H 1
| #define HAVE_INTTYPES_H 1
| #define HAVE_STDINT_H 1
| #define HAVE_STRINGS_H 1
| #define HAVE_SYS_STAT_H 1
| #define HAVE_SYS_TYPES_H 1
| #define HAVE_UNISTD_H 1
| #define STDC_HEADERS 1
| #define HAVE_ARPA_INET_H 1
| #define HAVE_ARPA_NAMESER_H 1
| #define HAVE_ASM_TERMBITS_H 1
| #define HAVE_ASM_TYPES_H 1
| #define HAVE_ELF_H 1
| #define HAVE_LINK_H 1
| #define HAVE_LINUX_CDROM_H 1
| #define HAVE_LINUX_ERRQUEUE_H 1
| #define HAVE_LINUX_FILTER_H 1
| #define HAVE_LINUX_FS_H 1
| #define HAVE_LINUX_HDREG_H 1
| #define HAVE_LINUX_HIDRAW_H 1
| #define HAVE_LINUX_INPUT_H 1
| #define HAVE_LINUX_IOCTL_H 1
| #define HAVE_LINUX_MAJOR_H 1
| #define HAVE_LINUX_MEMFD_H 1
| #define HAVE_LINUX_PARAM_H 1
| #define HAVE_LINUX_SERIAL_H 1
| #define HAVE_LINUX_TYPES_H 1
| #define HAVE_LINUX_USERFAULTFD_H 1
| #define HAVE_LINUX_WIRELESS_H 1
| #define HAVE_MNTENT_H 1
| #define HAVE_NETDB_H 1
| #define HAVE_NETINET_IN_H 1
| #define HAVE_NETINET_IN_SYSTM_H 1
| #define HAVE_NETINET_TCP_H 1
| #define HAVE_PWD_H 1
| #define HAVE_SCHED_H 1
| #define HAVE_SCSI_SCSI_H 1
| #define HAVE_SCSI_SCSI_IOCTL_H 1
| #define HAVE_SCSI_SG_H 1
| #define HAVE_SYS_AUXV_H 1
| #define HAVE_SYS_EPOLL_H 1
| #define HAVE_SYS_IPC_H 1
| #define HAVE_SYS_MTIO_H 1
| #define HAVE_SYS_PARAM_H 1
| #define HAVE_SYS_PERSONALITY_H 1
| #define HAVE_SYS_PRCTL_H 1
| #define HAVE_SYS_PTRACE_H 1
| #define HAVE_SYS_QUEUE_H 1
| #define HAVE_SYS_RANDOM_H 1
| #define HAVE_SYS_RESOURCE_H 1
| #define HAVE_SYS_SHM_H 1
| #define HAVE_SYS_SIGNAL_H 1
| #define HAVE_SYS_SOCKETVAR_H 1
| #define HAVE_SYS_STATVFS_H 1
| #define HAVE_SYS_SYSCALL_H 1
| #define HAVE_SYS_SYSINFO_H 1
| #define HAVE_SYS_TIMES_H 1
| #define HAVE_SYS_UIO_H 1
| #define HAVE_SYS_USER_H 1
| #define HAVE_SYS_UTSNAME_H 1
| #define HAVE_SYS_XATTR_H 1
| #define HAVE_SYSCALL_H 1
| #define HAVE_UTIME_H 1
| #define HAVE_VALGRIND_MEMCHECK_H 1
| #define HAVE_VALGRIND_VALGRIND_H 1
| #define MAJOR_IN_SYSMACROS 1
| #define HAVE_SYS_MOUNT_H 1
| #define HAVE_SYS_STATFS_H 1
| #define HAVE_SYS_USER_H 1
| #define HAVE_SYS_VFS_H 1
| #define HAVE_NETINET_IP_H 1
| #define HAVE_NET_IF_H 1
| #define HAVE_NET_IF_ARP_H 1
| #define HAVE_NET_ROUTE_H 1
| #define HAVE_NETINET_IF_ETHER_H 1
| #define HAVE_NETINET_IP_ICMP_H 1
| #define HAVE_NETINET_UDP_H 1
| #define HAVE_NETIPX_IPX_H 1
| #define HAVE_SYS_UN_H 1
| #define HAVE_NETINET_ICMP6_H 1
| #define HAVE_LINUX_RTNETLINK_H 1
| #define HAVE_RESOLV_H 1
| #define HAVE_IFADDRS_H 1
| #define HAVE_SYS_UCONTEXT_H 1
| #define HAVE_LINUX_VIDEODEV2_H 1
| #define _GNU_SOURCE 1
| #define SONAME_LIBX11 "libX11.so.6"
| #define SONAME_LIBXEXT "libXext.so.6"
| #define HAVE_X11_EXTENSIONS_SHAPE_H 1
| #define HAVE_X11_EXTENSIONS_XINPUT2_H 1
| #define HAVE_X11_EXTENSIONS_XSHM_H 1
| #define HAVE_X11_EXTENSIONS_XFIXES_H 1
| #define HAVE_X11_EXTENSIONS_XRANDR_H 1
| #define HAVE_X11_EXTENSIONS_XRENDER_H 1
| #define HAVE_X11_EXTENSIONS_XF86VMPROTO_H 1
| #define SONAME_LIBXCURSOR "libXcursor.so.1"
| #define SONAME_LIBXI "libXi.so.6"
| #define HAVE_LIBXXSHM 1
| #define HAVE_LIBXSHAPE 1
| #define SONAME_LIBXRENDER "libXrender.so.1"
| #define HAVE_XRENDERSETPICTURETRANSFORM 1
| #define HAVE_XRENDERCREATELINEARGRADIENT 1
| #define SONAME_LIBXRANDR "libXrandr.so.2"
| #define HAVE_XRRGETPROVIDERRESOURCES 1
| #define SONAME_LIBXFIXES "libXfixes.so.3"
| #define HAVE_XICCALLBACK_CALLBACK 1
| #define HAVE_XEVENT_XCOOKIE 1
| #define HAVE_SYS_INOTIFY_H 1
| #define HAVE_RESOLV 1
| #define HAVE_FT2BUILD_H 1
| #define SONAME_LIBFREETYPE "libfreetype.so.6"
| #define SONAME_LIBFONTCONFIG "libfontconfig.so.1"
| #define SONAME_LIBODBC "libodbc.so"
| #define HAVE_WINE_PRELOADER 1
| #define HAVE_DLADDR1 1
| #define HAVE_DLINFO 1
| #define HAVE_EPOLL_CREATE 1
| #define HAVE_EPOLL_PWAIT2 1
| #define HAVE_FSTATFS 1
| #define HAVE_FUTIMENS 1
| #define HAVE_FUTIMES 1
| #define HAVE_FUTIMESAT 1
| #define HAVE_GETADDRINFO 1
| #define HAVE_GETAUXVAL 1
| #define HAVE_GETIFADDRS 1
| #define HAVE_GETRANDOM 1
| #define HAVE_MEMFD_CREATE 1
| #define HAVE_PIPE2 1
| #define HAVE_POSIX_FADVISE 1
| #define HAVE_POSIX_FALLOCATE 1
| #define HAVE_PRCTL 1
| #define HAVE_PROCESS_VM_READV 1
| #define HAVE_PROCESS_VM_WRITEV 1
| #define HAVE_SCHED_GETCPU 1
| #define HAVE_SCHED_YIELD 1
| #define HAVE_SIGPROCMASK 1
| #define HAVE_SYSINFO 1
| #define HAVE_TCDRAIN 1
| #define HAVE_CLOCK_GETTIME 1
| #define HAVE_SCHED_SETAFFINITY 1
| #define HAVE_LINUX_GETHOSTBYNAME_R_6 1
| #define HAVE_SG_IO_HDR_T_INTERFACE_ID 1
| #define HAVE_SIGINFO_T_SI_FD 1
| #define HAVE_STRUCT_MTGET_MT_GSTAT 1
| #define HAVE_STRUCT_MTGET_MT_BLKNO 1
| #define HAVE_STRUCT_STAT_ST_MTIM 1
| #define HAVE_STRUCT_STAT_ST_CTIM 1
| #define HAVE_STRUCT_STAT_ST_ATIM 1
| #define HAVE_STRUCT_SOCKADDR_IN6_SIN6_SCOPE_ID 1
| #define HAVE_STRUCT___RES_STATE__U__EXT_NSCOUNT6 1
| #define HAVE_STRUCT_IN6_PKTINFO_IPI6_ADDR 1
| /* end confdefs.h.  */
| #ifdef HAVE_NETINET_IP_VAR_H
| #include <netinet/ip_var.h>
| #endif
| 
| int
| main (void)
| {
| static struct ip_stats ac_aggr;
| if (ac_aggr.ips_total)
| return 0;
|   ;
|   return 0;
| }
configure:21881: gcc -m64 -c -g -O2 -U_FORTIFY_SOURCE -D_FORTIFY_SOURCE=0  conftest.c >&5
conftest.c: In function 'main':
conftest.c:170:24: error: storage size of 'ac_aggr' isn't known
  170 | static struct ip_stats ac_aggr;
      |                        ^~~~~~~
configure:21881: $? = 1
configure: failed program was:
| /* confdefs.h */
| #define PACKAGE_NAME "Wine"
| #define PACKAGE_TARNAME "wine"
| #define PACKAGE_VERSION "11.15"
| #define PACKAGE_STRING "Wine 11.15"
| #define PACKAGE_BUGREPORT "wine-devel@winehq.org"
| #define PACKAGE_URL "https://www.winehq.org"
| #define EXEEXT ""
| #define HAVE_STDIO_H 1
| #define HAVE_STDLIB_H 1
| #define HAVE_STRING_H 1
| #define HAVE_INTTYPES_H 1
| #define HAVE_STDINT_H 1
| #define HAVE_STRINGS_H 1
| #define HAVE_SYS_STAT_H 1
| #define HAVE_SYS_TYPES_H 1
| #define HAVE_UNISTD_H 1
| #define STDC_HEADERS 1
| #define HAVE_ARPA_INET_H 1
| #define HAVE_ARPA_NAMESER_H 1
| #define HAVE_ASM_TERMBITS_H 1
| #define HAVE_ASM_TYPES_H 1
| #define HAVE_ELF_H 1
| #define HAVE_LINK_H 1
| #define HAVE_LINUX_CDROM_H 1
| #define HAVE_LINUX_ERRQUEUE_H 1
| #define HAVE_LINUX_FILTER_H 1
| #define HAVE_LINUX_FS_H 1
| #define HAVE_LINUX_HDREG_H 1
| #define HAVE_LINUX_HIDRAW_H 1
| #define HAVE_LINUX_INPUT_H 1
| #define HAVE_LINUX_IOCTL_H 1
| #define HAVE_LINUX_MAJOR_H 1
| #define HAVE_LINUX_MEMFD_H 1
| #define HAVE_LINUX_PARAM_H 1
| #define HAVE_LINUX_SERIAL_H 1
| #define HAVE_LINUX_TYPES_H 1
| #define HAVE_LINUX_USERFAULTFD_H 1
| #define HAVE_LINUX_WIRELESS_H 1
| #define HAVE_MNTENT_H 1
| #define HAVE_NETDB_H 1
| #define HAVE_NETINET_IN_H 1
| #define HAVE_NETINET_IN_SYSTM_H 1
| #define HAVE_NETINET_TCP_H 1
| #define HAVE_PWD_H 1
| #define HAVE_SCHED_H 1
| #define HAVE_SCSI_SCSI_H 1
| #define HAVE_SCSI_SCSI_IOCTL_H 1
| #define HAVE_SCSI_SG_H 1
| #define HAVE_SYS_AUXV_H 1
| #define HAVE_SYS_EPOLL_H 1
| #define HAVE_SYS_IPC_H 1
| #define HAVE_SYS_MTIO_H 1
| #define HAVE_SYS_PARAM_H 1
| #define HAVE_SYS_PERSONALITY_H 1
| #define HAVE_SYS_PRCTL_H 1
| #define HAVE_SYS_PTRACE_H 1
| #define HAVE_SYS_QUEUE_H 1
| #define HAVE_SYS_RANDOM_H 1
| #define HAVE_SYS_RESOURCE_H 1
| #define HAVE_SYS_SHM_H 1
| #define HAVE_SYS_SIGNAL_H 1
| #define HAVE_SYS_SOCKETVAR_H 1
| #define HAVE_SYS_STATVFS_H 1
| #define HAVE_SYS_SYSCALL_H 1
| #define HAVE_SYS_SYSINFO_H 1
| #define HAVE_SYS_TIMES_H 1
| #define HAVE_SYS_UIO_H 1
| #define HAVE_SYS_USER_H 1
| #define HAVE_SYS_UTSNAME_H 1
| #define HAVE_SYS_XATTR_H 1
| #define HAVE_SYSCALL_H 1
| #define HAVE_UTIME_H 1
| #define HAVE_VALGRIND_MEMCHECK_H 1
| #define HAVE_VALGRIND_VALGRIND_H 1
| #define MAJOR_IN_SYSMACROS 1
| #define HAVE_SYS_MOUNT_H 1
| #define HAVE_SYS_STATFS_H 1
| #define HAVE_SYS_USER_H 1
| #define HAVE_SYS_VFS_H 1
| #define HAVE_NETINET_IP_H 1
| #define HAVE_NET_IF_H 1
| #define HAVE_NET_IF_ARP_H 1
| #define HAVE_NET_ROUTE_H 1
| #define HAVE_NETINET_IF_ETHER_H 1
| #define HAVE_NETINET_IP_ICMP_H 1
| #define HAVE_NETINET_UDP_H 1
| #define HAVE_NETIPX_IPX_H 1
| #define HAVE_SYS_UN_H 1
| #define HAVE_NETINET_ICMP6_H 1
| #define HAVE_LINUX_RTNETLINK_H 1
| #define HAVE_RESOLV_H 1
| #define HAVE_IFADDRS_H 1
| #define HAVE_SYS_UCONTEXT_H 1
| #define HAVE_LINUX_VIDEODEV2_H 1
| #define _GNU_SOURCE 1
| #define SONAME_LIBX11 "libX11.so.6"
| #define SONAME_LIBXEXT "libXext.so.6"
| #define HAVE_X11_EXTENSIONS_SHAPE_H 1
| #define HAVE_X11_EXTENSIONS_XINPUT2_H 1
| #define HAVE_X11_EXTENSIONS_XSHM_H 1
| #define HAVE_X11_EXTENSIONS_XFIXES_H 1
| #define HAVE_X11_EXTENSIONS_XRANDR_H 1
| #define HAVE_X11_EXTENSIONS_XRENDER_H 1
| #define HAVE_X11_EXTENSIONS_XF86VMPROTO_H 1
| #define SONAME_LIBXCURSOR "libXcursor.so.1"
| #define SONAME_LIBXI "libXi.so.6"
| #define HAVE_LIBXXSHM 1
| #define HAVE_LIBXSHAPE 1
| #define SONAME_LIBXRENDER "libXrender.so.1"
| #define HAVE_XRENDERSETPICTURETRANSFORM 1
| #define HAVE_XRENDERCREATELINEARGRADIENT 1
| #define SONAME_LIBXRANDR "libXrandr.so.2"
| #define HAVE_XRRGETPROVIDERRESOURCES 1
| #define SONAME_LIBXFIXES "libXfixes.so.3"
| #define HAVE_XICCALLBACK_CALLBACK 1
| #define HAVE_XEVENT_XCOOKIE 1
| #define HAVE_SYS_INOTIFY_H 1
| #define HAVE_RESOLV 1
| #define HAVE_FT2BUILD_H 1
| #define SONAME_LIBFREETYPE "libfreetype.so.6"
| #define SONAME_LIBFONTCONFIG "libfontconfig.so.1"
| #define SONAME_LIBODBC "libodbc.so"
| #define HAVE_WINE_PRELOADER 1
| #define HAVE_DLADDR1 1
| #define HAVE_DLINFO 1
| #define HAVE_EPOLL_CREATE 1
| #define HAVE_EPOLL_PWAIT2 1
| #define HAVE_FSTATFS 1
| #define HAVE_FUTIMENS 1
| #define HAVE_FUTIMES 1
| #define HAVE_FUTIMESAT 1
| #define HAVE_GETADDRINFO 1
| #define HAVE_GETAUXVAL 1
| #define HAVE_GETIFADDRS 1
| #define HAVE_GETRANDOM 1
| #define HAVE_MEMFD_CREATE 1
| #define HAVE_PIPE2 1
| #define HAVE_POSIX_FADVISE 1
| #define HAVE_POSIX_FALLOCATE 1
| #define HAVE_PRCTL 1
| #define HAVE_PROCESS_VM_READV 1
| #define HAVE_PROCESS_VM_WRITEV 1
| #define HAVE_SCHED_GETCPU 1
| #define HAVE_SCHED_YIELD 1
| #define HAVE_SIGPROCMASK 1
| #define HAVE_SYSINFO 1
| #define HAVE_TCDRAIN 1
| #define HAVE_CLOCK_GETTIME 1
| #define HAVE_SCHED_SETAFFINITY 1
| #define HAVE_LINUX_GETHOSTBYNAME_R_6 1
| #define HAVE_SG_IO_HDR_T_INTERFACE_ID 1
| #define HAVE_SIGINFO_T_SI_FD 1
| #define HAVE_STRUCT_MTGET_MT_GSTAT 1
| #define HAVE_STRUCT_MTGET_MT_BLKNO 1
| #define HAVE_STRUCT_STAT_ST_MTIM 1
| #define HAVE_STRUCT_STAT_ST_CTIM 1
| #define HAVE_STRUCT_STAT_ST_ATIM 1
| #define HAVE_STRUCT_SOCKADDR_IN6_SIN6_SCOPE_ID 1
| #define HAVE_STRUCT___RES_STATE__U__EXT_NSCOUNT6 1
| #define HAVE_STRUCT_IN6_PKTINFO_IPI6_ADDR 1
| /* end confdefs.h.  */
| #ifdef HAVE_NETINET_IP_VAR_H
| #include <netinet/ip_var.h>
| #endif
| 
| int
| main (void)
| {
| static struct ip_stats ac_aggr;
| if (sizeof ac_aggr.ips_total)
| return 0;
|   ;
|   return 0;
| }
configure:21881: result: no
configure:21894: checking for struct ip6stat.ip6s_total
configure:21894: gcc -m64 -c -g -O2 -U_FORTIFY_SOURCE -D_FORTIFY_SOURCE=0  conftest.c >&5
conftest.c: In function 'main':
conftest.c:177:23: error: storage size of 'ac_aggr' isn't known
  177 | static struct ip6stat ac_aggr;
      |                       ^~~~~~~
configure:21894: $? = 1
configure: failed program was:
| /* confdefs.h */
| #define PACKAGE_NAME "Wine"
| #define PACKAGE_TARNAME "wine"
| #define PACKAGE_VERSION "11.15"
| #define PACKAGE_STRING "Wine 11.15"
| #define PACKAGE_BUGREPORT "wine-devel@winehq.org"
| #define PACKAGE_URL "https://www.winehq.org"
| #define EXEEXT ""
| #define HAVE_STDIO_H 1
| #define HAVE_STDLIB_H 1
| #define HAVE_STRING_H 1
| #define HAVE_INTTYPES_H 1
| #define HAVE_STDINT_H 1
| #define HAVE_STRINGS_H 1
| #define HAVE_SYS_STAT_H 1
| #define HAVE_SYS_TYPES_H 1
| #define HAVE_UNISTD_H 1
| #define STDC_HEADERS 1
| #define HAVE_ARPA_INET_H 1
| #define HAVE_ARPA_NAMESER_H 1
| #define HAVE_ASM_TERMBITS_H 1
| #define HAVE_ASM_TYPES_H 1
| #define HAVE_ELF_H 1
| #define HAVE_LINK_H 1
| #define HAVE_LINUX_CDROM_H 1
| #define HAVE_LINUX_ERRQUEUE_H 1
| #define HAVE_LINUX_FILTER_H 1
| #define HAVE_LINUX_FS_H 1
| #define HAVE_LINUX_HDREG_H 1
| #define HAVE_LINUX_HIDRAW_H 1
| #define HAVE_LINUX_INPUT_H 1
| #define HAVE_LINUX_IOCTL_H 1
| #define HAVE_LINUX_MAJOR_H 1
| #define HAVE_LINUX_MEMFD_H 1
| #define HAVE_LINUX_PARAM_H 1
| #define HAVE_LINUX_SERIAL_H 1
| #define HAVE_LINUX_TYPES_H 1
| #define HAVE_LINUX_USERFAULTFD_H 1
| #define HAVE_LINUX_WIRELESS_H 1
| #define HAVE_MNTENT_H 1
| #define HAVE_NETDB_H 1
| #define HAVE_NETINET_IN_H 1
| #define HAVE_NETINET_IN_SYSTM_H 1
| #define HAVE_NETINET_TCP_H 1
| #define HAVE_PWD_H 1
| #define HAVE_SCHED_H 1
| #define HAVE_SCSI_SCSI_H 1
| #define HAVE_SCSI_SCSI_IOCTL_H 1
| #define HAVE_SCSI_SG_H 1
| #define HAVE_SYS_AUXV_H 1
| #define HAVE_SYS_EPOLL_H 1
| #define HAVE_SYS_IPC_H 1
| #define HAVE_SYS_MTIO_H 1
| #define HAVE_SYS_PARAM_H 1
| #define HAVE_SYS_PERSONALITY_H 1
| #define HAVE_SYS_PRCTL_H 1
| #define HAVE_SYS_PTRACE_H 1
| #define HAVE_SYS_QUEUE_H 1
| #define HAVE_SYS_RANDOM_H 1
| #define HAVE_SYS_RESOURCE_H 1
| #define HAVE_SYS_SHM_H 1
| #define HAVE_SYS_SIGNAL_H 1
| #define HAVE_SYS_SOCKETVAR_H 1
| #define HAVE_SYS_STATVFS_H 1
| #define HAVE_SYS_SYSCALL_H 1
| #define HAVE_SYS_SYSINFO_H 1
| #define HAVE_SYS_TIMES_H 1
| #define HAVE_SYS_UIO_H 1
| #define HAVE_SYS_USER_H 1
| #define HAVE_SYS_UTSNAME_H 1
| #define HAVE_SYS_XATTR_H 1
| #define HAVE_SYSCALL_H 1
| #define HAVE_UTIME_H 1
| #define HAVE_VALGRIND_MEMCHECK_H 1
| #define HAVE_VALGRIND_VALGRIND_H 1
| #define MAJOR_IN_SYSMACROS 1
| #define HAVE_SYS_MOUNT_H 1
| #define HAVE_SYS_STATFS_H 1
| #define HAVE_SYS_USER_H 1
| #define HAVE_SYS_VFS_H 1
| #define HAVE_NETINET_IP_H 1
| #define HAVE_NET_IF_H 1
| #define HAVE_NET_IF_ARP_H 1
| #define HAVE_NET_ROUTE_H 1
| #define HAVE_NETINET_IF_ETHER_H 1
| #define HAVE_NETINET_IP_ICMP_H 1
| #define HAVE_NETINET_UDP_H 1
| #define HAVE_NETIPX_IPX_H 1
| #define HAVE_SYS_UN_H 1
| #define HAVE_NETINET_ICMP6_H 1
| #define HAVE_LINUX_RTNETLINK_H 1
| #define HAVE_RESOLV_H 1
| #define HAVE_IFADDRS_H 1
| #define HAVE_SYS_UCONTEXT_H 1
| #define HAVE_LINUX_VIDEODEV2_H 1
| #define _GNU_SOURCE 1
| #define SONAME_LIBX11 "libX11.so.6"
| #define SONAME_LIBXEXT "libXext.so.6"
| #define HAVE_X11_EXTENSIONS_SHAPE_H 1
| #define HAVE_X11_EXTENSIONS_XINPUT2_H 1
| #define HAVE_X11_EXTENSIONS_XSHM_H 1
| #define HAVE_X11_EXTENSIONS_XFIXES_H 1
| #define HAVE_X11_EXTENSIONS_XRANDR_H 1
| #define HAVE_X11_EXTENSIONS_XRENDER_H 1
| #define HAVE_X11_EXTENSIONS_XF86VMPROTO_H 1
| #define SONAME_LIBXCURSOR "libXcursor.so.1"
| #define SONAME_LIBXI "libXi.so.6"
| #define HAVE_LIBXXSHM 1
| #define HAVE_LIBXSHAPE 1
| #define SONAME_LIBXRENDER "libXrender.so.1"
| #define HAVE_XRENDERSETPICTURETRANSFORM 1
| #define HAVE_XRENDERCREATELINEARGRADIENT 1
| #define SONAME_LIBXRANDR "libXrandr.so.2"
| #define HAVE_XRRGETPROVIDERRESOURCES 1
| #define SONAME_LIBXFIXES "libXfixes.so.3"
| #define HAVE_XICCALLBACK_CALLBACK 1
| #define HAVE_XEVENT_XCOOKIE 1
| #define HAVE_SYS_INOTIFY_H 1
| #define HAVE_RESOLV 1
| #define HAVE_FT2BUILD_H 1
| #define SONAME_LIBFREETYPE "libfreetype.so.6"
| #define SONAME_LIBFONTCONFIG "libfontconfig.so.1"
| #define SONAME_LIBODBC "libodbc.so"
| #define HAVE_WINE_PRELOADER 1
| #define HAVE_DLADDR1 1
| #define HAVE_DLINFO 1
| #define HAVE_EPOLL_CREATE 1
| #define HAVE_EPOLL_PWAIT2 1
| #define HAVE_FSTATFS 1
| #define HAVE_FUTIMENS 1
| #define HAVE_FUTIMES 1
| #define HAVE_FUTIMESAT 1
| #define HAVE_GETADDRINFO 1
| #define HAVE_GETAUXVAL 1
| #define HAVE_GETIFADDRS 1
| #define HAVE_GETRANDOM 1
| #define HAVE_MEMFD_CREATE 1
| #define HAVE_PIPE2 1
| #define HAVE_POSIX_FADVISE 1
| #define HAVE_POSIX_FALLOCATE 1
| #define HAVE_PRCTL 1
| #define HAVE_PROCESS_VM_READV 1
| #define HAVE_PROCESS_VM_WRITEV 1
| #define HAVE_SCHED_GETCPU 1
| #define HAVE_SCHED_YIELD 1
| #define HAVE_SIGPROCMASK 1
| #define HAVE_SYSINFO 1
| #define HAVE_TCDRAIN 1
| #define HAVE_CLOCK_GETTIME 1
| #define HAVE_SCHED_SETAFFINITY 1
| #define HAVE_LINUX_GETHOSTBYNAME_R_6 1
| #define HAVE_SG_IO_HDR_T_INTERFACE_ID 1
| #define HAVE_SIGINFO_T_SI_FD 1
| #define HAVE_STRUCT_MTGET_MT_GSTAT 1
| #define HAVE_STRUCT_MTGET_MT_BLKNO 1
| #define HAVE_STRUCT_STAT_ST_MTIM 1
| #define HAVE_STRUCT_STAT_ST_CTIM 1
| #define HAVE_STRUCT_STAT_ST_ATIM 1
| #define HAVE_STRUCT_SOCKADDR_IN6_SIN6_SCOPE_ID 1
| #define HAVE_STRUCT___RES_STATE__U__EXT_NSCOUNT6 1
| #define HAVE_STRUCT_IN6_PKTINFO_IPI6_ADDR 1
| /* end confdefs.h.  */
| #include <sys/types.h>
| #ifdef HAVE_SYS_SOCKETVAR_H
| #include <sys/socketvar.h>
| #endif
| #ifdef HAVE_NETINET_IN_H
| #include <netinet/in.h>
| #endif
| #ifdef HAVE_NETINET6_IP6_VAR_H
| #include <netinet6/ip6_var.h>
| #endif
| 
| int
| main (void)
| {
| static struct ip6stat ac_aggr;
| if (ac_aggr.ip6s_total)
| return 0;
|   ;
|   return 0;
| }
configure:21894: gcc -m64 -c -g -O2 -U_FORTIFY_SOURCE -D_FORTIFY_SOURCE=0  conftest.c >&5
conftest.c: In function 'main':
conftest.c:177:23: error: storage size of 'ac_aggr' isn't known
  177 | static struct ip6stat ac_aggr;
      |                       ^~~~~~~
configure:21894: $? = 1
configure: failed program was:
| /* confdefs.h */
| #define PACKAGE_NAME "Wine"
| #define PACKAGE_TARNAME "wine"
| #define PACKAGE_VERSION "11.15"
| #define PACKAGE_STRING "Wine 11.15"
| #define PACKAGE_BUGREPORT "wine-devel@winehq.org"
| #define PACKAGE_URL "https://www.winehq.org"
| #define EXEEXT ""
| #define HAVE_STDIO_H 1
| #define HAVE_STDLIB_H 1
| #define HAVE_STRING_H 1
| #define HAVE_INTTYPES_H 1
| #define HAVE_STDINT_H 1
| #define HAVE_STRINGS_H 1
| #define HAVE_SYS_STAT_H 1
| #define HAVE_SYS_TYPES_H 1
| #define HAVE_UNISTD_H 1
| #define STDC_HEADERS 1
| #define HAVE_ARPA_INET_H 1
| #define HAVE_ARPA_NAMESER_H 1
| #define HAVE_ASM_TERMBITS_H 1
| #define HAVE_ASM_TYPES_H 1
| #define HAVE_ELF_H 1
| #define HAVE_LINK_H 1
| #define HAVE_LINUX_CDROM_H 1
| #define HAVE_LINUX_ERRQUEUE_H 1
| #define HAVE_LINUX_FILTER_H 1
| #define HAVE_LINUX_FS_H 1
| #define HAVE_LINUX_HDREG_H 1
| #define HAVE_LINUX_HIDRAW_H 1
| #define HAVE_LINUX_INPUT_H 1
| #define HAVE_LINUX_IOCTL_H 1
| #define HAVE_LINUX_MAJOR_H 1
| #define HAVE_LINUX_MEMFD_H 1
| #define HAVE_LINUX_PARAM_H 1
| #define HAVE_LINUX_SERIAL_H 1
| #define HAVE_LINUX_TYPES_H 1
| #define HAVE_LINUX_USERFAULTFD_H 1
| #define HAVE_LINUX_WIRELESS_H 1
| #define HAVE_MNTENT_H 1
| #define HAVE_NETDB_H 1
| #define HAVE_NETINET_IN_H 1
| #define HAVE_NETINET_IN_SYSTM_H 1
| #define HAVE_NETINET_TCP_H 1
| #define HAVE_PWD_H 1
| #define HAVE_SCHED_H 1
| #define HAVE_SCSI_SCSI_H 1
| #define HAVE_SCSI_SCSI_IOCTL_H 1
| #define HAVE_SCSI_SG_H 1
| #define HAVE_SYS_AUXV_H 1
| #define HAVE_SYS_EPOLL_H 1
| #define HAVE_SYS_IPC_H 1
| #define HAVE_SYS_MTIO_H 1
| #define HAVE_SYS_PARAM_H 1
| #define HAVE_SYS_PERSONALITY_H 1
| #define HAVE_SYS_PRCTL_H 1
| #define HAVE_SYS_PTRACE_H 1
| #define HAVE_SYS_QUEUE_H 1
| #define HAVE_SYS_RANDOM_H 1
| #define HAVE_SYS_RESOURCE_H 1
| #define HAVE_SYS_SHM_H 1
| #define HAVE_SYS_SIGNAL_H 1
| #define HAVE_SYS_SOCKETVAR_H 1
| #define HAVE_SYS_STATVFS_H 1
| #define HAVE_SYS_SYSCALL_H 1
| #define HAVE_SYS_SYSINFO_H 1
| #define HAVE_SYS_TIMES_H 1
| #define HAVE_SYS_UIO_H 1
| #define HAVE_SYS_USER_H 1
| #define HAVE_SYS_UTSNAME_H 1
| #define HAVE_SYS_XATTR_H 1
| #define HAVE_SYSCALL_H 1
| #define HAVE_UTIME_H 1
| #define HAVE_VALGRIND_MEMCHECK_H 1
| #define HAVE_VALGRIND_VALGRIND_H 1
| #define MAJOR_IN_SYSMACROS 1
| #define HAVE_SYS_MOUNT_H 1
| #define HAVE_SYS_STATFS_H 1
| #define HAVE_SYS_USER_H 1
| #define HAVE_SYS_VFS_H 1
| #define HAVE_NETINET_IP_H 1
| #define HAVE_NET_IF_H 1
| #define HAVE_NET_IF_ARP_H 1
| #define HAVE_NET_ROUTE_H 1
| #define HAVE_NETINET_IF_ETHER_H 1
| #define HAVE_NETINET_IP_ICMP_H 1
| #define HAVE_NETINET_UDP_H 1
| #define HAVE_NETIPX_IPX_H 1
| #define HAVE_SYS_UN_H 1
| #define HAVE_NETINET_ICMP6_H 1
| #define HAVE_LINUX_RTNETLINK_H 1
| #define HAVE_RESOLV_H 1
| #define HAVE_IFADDRS_H 1
| #define HAVE_SYS_UCONTEXT_H 1
| #define HAVE_LINUX_VIDEODEV2_H 1
| #define _GNU_SOURCE 1
| #define SONAME_LIBX11 "libX11.so.6"
| #define SONAME_LIBXEXT "libXext.so.6"
| #define HAVE_X11_EXTENSIONS_SHAPE_H 1
| #define HAVE_X11_EXTENSIONS_XINPUT2_H 1
| #define HAVE_X11_EXTENSIONS_XSHM_H 1
| #define HAVE_X11_EXTENSIONS_XFIXES_H 1
| #define HAVE_X11_EXTENSIONS_XRANDR_H 1
| #define HAVE_X11_EXTENSIONS_XRENDER_H 1
| #define HAVE_X11_EXTENSIONS_XF86VMPROTO_H 1
| #define SONAME_LIBXCURSOR "libXcursor.so.1"
| #define SONAME_LIBXI "libXi.so.6"
| #define HAVE_LIBXXSHM 1
| #define HAVE_LIBXSHAPE 1
| #define SONAME_LIBXRENDER "libXrender.so.1"
| #define HAVE_XRENDERSETPICTURETRANSFORM 1
| #define HAVE_XRENDERCREATELINEARGRADIENT 1
| #define SONAME_LIBXRANDR "libXrandr.so.2"
| #define HAVE_XRRGETPROVIDERRESOURCES 1
| #define SONAME_LIBXFIXES "libXfixes.so.3"
| #define HAVE_XICCALLBACK_CALLBACK 1
| #define HAVE_XEVENT_XCOOKIE 1
| #define HAVE_SYS_INOTIFY_H 1
| #define HAVE_RESOLV 1
| #define HAVE_FT2BUILD_H 1
| #define SONAME_LIBFREETYPE "libfreetype.so.6"
| #define SONAME_LIBFONTCONFIG "libfontconfig.so.1"
| #define SONAME_LIBODBC "libodbc.so"
| #define HAVE_WINE_PRELOADER 1
| #define HAVE_DLADDR1 1
| #define HAVE_DLINFO 1
| #define HAVE_EPOLL_CREATE 1
| #define HAVE_EPOLL_PWAIT2 1
| #define HAVE_FSTATFS 1
| #define HAVE_FUTIMENS 1
| #define HAVE_FUTIMES 1
| #define HAVE_FUTIMESAT 1
| #define HAVE_GETADDRINFO 1
| #define HAVE_GETAUXVAL 1
| #define HAVE_GETIFADDRS 1
| #define HAVE_GETRANDOM 1
| #define HAVE_MEMFD_CREATE 1
| #define HAVE_PIPE2 1
| #define HAVE_POSIX_FADVISE 1
| #define HAVE_POSIX_FALLOCATE 1
| #define HAVE_PRCTL 1
| #define HAVE_PROCESS_VM_READV 1
| #define HAVE_PROCESS_VM_WRITEV 1
| #define HAVE_SCHED_GETCPU 1
| #define HAVE_SCHED_YIELD 1
| #define HAVE_SIGPROCMASK 1
| #define HAVE_SYSINFO 1
| #define HAVE_TCDRAIN 1
| #define HAVE_CLOCK_GETTIME 1
| #define HAVE_SCHED_SETAFFINITY 1
| #define HAVE_LINUX_GETHOSTBYNAME_R_6 1
| #define HAVE_SG_IO_HDR_T_INTERFACE_ID 1
| #define HAVE_SIGINFO_T_SI_FD 1
| #define HAVE_STRUCT_MTGET_MT_GSTAT 1
| #define HAVE_STRUCT_MTGET_MT_BLKNO 1
| #define HAVE_STRUCT_STAT_ST_MTIM 1
| #define HAVE_STRUCT_STAT_ST_CTIM 1
| #define HAVE_STRUCT_STAT_ST_ATIM 1
| #define HAVE_STRUCT_SOCKADDR_IN6_SIN6_SCOPE_ID 1
| #define HAVE_STRUCT___RES_STATE__U__EXT_NSCOUNT6 1
| #define HAVE_STRUCT_IN6_PKTINFO_IPI6_ADDR 1
| /* end confdefs.h.  */
| #include <sys/types.h>
| #ifdef HAVE_SYS_SOCKETVAR_H
| #include <sys/socketvar.h>
| #endif
| #ifdef HAVE_NETINET_IN_H
| #include <netinet/in.h>
| #endif
| #ifdef HAVE_NETINET6_IP6_VAR_H
| #include <netinet6/ip6_var.h>
| #endif
| 
| int
| main (void)
| {
| static struct ip6stat ac_aggr;
| if (sizeof ac_aggr.ip6s_total)
| return 0;
|   ;
|   return 0;
| }
configure:21894: result: no
configure:21914: checking for struct icmpstat.icps_error
configure:21914: gcc -m64 -c -g -O2 -U_FORTIFY_SOURCE -D_FORTIFY_SOURCE=0  conftest.c >&5
conftest.c: In function 'main':
conftest.c:183:24: error: storage size of 'ac_aggr' isn't known
  183 | static struct icmpstat ac_aggr;
      |                        ^~~~~~~
configure:21914: $? = 1
configure: failed program was:
| /* confdefs.h */
| #define PACKAGE_NAME "Wine"
| #define PACKAGE_TARNAME "wine"
| #define PACKAGE_VERSION "11.15"
| #define PACKAGE_STRING "Wine 11.15"
| #define PACKAGE_BUGREPORT "wine-devel@winehq.org"
| #define PACKAGE_URL "https://www.winehq.org"
| #define EXEEXT ""
| #define HAVE_STDIO_H 1
| #define HAVE_STDLIB_H 1
| #define HAVE_STRING_H 1
| #define HAVE_INTTYPES_H 1
| #define HAVE_STDINT_H 1
| #define HAVE_STRINGS_H 1
| #define HAVE_SYS_STAT_H 1
| #define HAVE_SYS_TYPES_H 1
| #define HAVE_UNISTD_H 1
| #define STDC_HEADERS 1
| #define HAVE_ARPA_INET_H 1
| #define HAVE_ARPA_NAMESER_H 1
| #define HAVE_ASM_TERMBITS_H 1
| #define HAVE_ASM_TYPES_H 1
| #define HAVE_ELF_H 1
| #define HAVE_LINK_H 1
| #define HAVE_LINUX_CDROM_H 1
| #define HAVE_LINUX_ERRQUEUE_H 1
| #define HAVE_LINUX_FILTER_H 1
| #define HAVE_LINUX_FS_H 1
| #define HAVE_LINUX_HDREG_H 1
| #define HAVE_LINUX_HIDRAW_H 1
| #define HAVE_LINUX_INPUT_H 1
| #define HAVE_LINUX_IOCTL_H 1
| #define HAVE_LINUX_MAJOR_H 1
| #define HAVE_LINUX_MEMFD_H 1
| #define HAVE_LINUX_PARAM_H 1
| #define HAVE_LINUX_SERIAL_H 1
| #define HAVE_LINUX_TYPES_H 1
| #define HAVE_LINUX_USERFAULTFD_H 1
| #define HAVE_LINUX_WIRELESS_H 1
| #define HAVE_MNTENT_H 1
| #define HAVE_NETDB_H 1
| #define HAVE_NETINET_IN_H 1
| #define HAVE_NETINET_IN_SYSTM_H 1
| #define HAVE_NETINET_TCP_H 1
| #define HAVE_PWD_H 1
| #define HAVE_SCHED_H 1
| #define HAVE_SCSI_SCSI_H 1
| #define HAVE_SCSI_SCSI_IOCTL_H 1
| #define HAVE_SCSI_SG_H 1
| #define HAVE_SYS_AUXV_H 1
| #define HAVE_SYS_EPOLL_H 1
| #define HAVE_SYS_IPC_H 1
| #define HAVE_SYS_MTIO_H 1
| #define HAVE_SYS_PARAM_H 1
| #define HAVE_SYS_PERSONALITY_H 1
| #define HAVE_SYS_PRCTL_H 1
| #define HAVE_SYS_PTRACE_H 1
| #define HAVE_SYS_QUEUE_H 1
| #define HAVE_SYS_RANDOM_H 1
| #define HAVE_SYS_RESOURCE_H 1
| #define HAVE_SYS_SHM_H 1
| #define HAVE_SYS_SIGNAL_H 1
| #define HAVE_SYS_SOCKETVAR_H 1
| #define HAVE_SYS_STATVFS_H 1
| #define HAVE_SYS_SYSCALL_H 1
| #define HAVE_SYS_SYSINFO_H 1
| #define HAVE_SYS_TIMES_H 1
| #define HAVE_SYS_UIO_H 1
| #define HAVE_SYS_USER_H 1
| #define HAVE_SYS_UTSNAME_H 1
| #define HAVE_SYS_XATTR_H 1
| #define HAVE_SYSCALL_H 1
| #define HAVE_UTIME_H 1
| #define HAVE_VALGRIND_MEMCHECK_H 1
| #define HAVE_VALGRIND_VALGRIND_H 1
| #define MAJOR_IN_SYSMACROS 1
| #define HAVE_SYS_MOUNT_H 1
| #define HAVE_SYS_STATFS_H 1
| #define HAVE_SYS_USER_H 1
| #define HAVE_SYS_VFS_H 1
| #define HAVE_NETINET_IP_H 1
| #define HAVE_NET_IF_H 1
| #define HAVE_NET_IF_ARP_H 1
| #define HAVE_NET_ROUTE_H 1
| #define HAVE_NETINET_IF_ETHER_H 1
| #define HAVE_NETINET_IP_ICMP_H 1
| #define HAVE_NETINET_UDP_H 1
| #define HAVE_NETIPX_IPX_H 1
| #define HAVE_SYS_UN_H 1
| #define HAVE_NETINET_ICMP6_H 1
| #define HAVE_LINUX_RTNETLINK_H 1
| #define HAVE_RESOLV_H 1
| #define HAVE_IFADDRS_H 1
| #define HAVE_SYS_UCONTEXT_H 1
| #define HAVE_LINUX_VIDEODEV2_H 1
| #define _GNU_SOURCE 1
| #define SONAME_LIBX11 "libX11.so.6"
| #define SONAME_LIBXEXT "libXext.so.6"
| #define HAVE_X11_EXTENSIONS_SHAPE_H 1
| #define HAVE_X11_EXTENSIONS_XINPUT2_H 1
| #define HAVE_X11_EXTENSIONS_XSHM_H 1
| #define HAVE_X11_EXTENSIONS_XFIXES_H 1
| #define HAVE_X11_EXTENSIONS_XRANDR_H 1
| #define HAVE_X11_EXTENSIONS_XRENDER_H 1
| #define HAVE_X11_EXTENSIONS_XF86VMPROTO_H 1
| #define SONAME_LIBXCURSOR "libXcursor.so.1"
| #define SONAME_LIBXI "libXi.so.6"
| #define HAVE_LIBXXSHM 1
| #define HAVE_LIBXSHAPE 1
| #define SONAME_LIBXRENDER "libXrender.so.1"
| #define HAVE_XRENDERSETPICTURETRANSFORM 1
| #define HAVE_XRENDERCREATELINEARGRADIENT 1
| #define SONAME_LIBXRANDR "libXrandr.so.2"
| #define HAVE_XRRGETPROVIDERRESOURCES 1
| #define SONAME_LIBXFIXES "libXfixes.so.3"
| #define HAVE_XICCALLBACK_CALLBACK 1
| #define HAVE_XEVENT_XCOOKIE 1
| #define HAVE_SYS_INOTIFY_H 1
| #define HAVE_RESOLV 1
| #define HAVE_FT2BUILD_H 1
| #define SONAME_LIBFREETYPE "libfreetype.so.6"
| #define SONAME_LIBFONTCONFIG "libfontconfig.so.1"
| #define SONAME_LIBODBC "libodbc.so"
| #define HAVE_WINE_PRELOADER 1
| #define HAVE_DLADDR1 1
| #define HAVE_DLINFO 1
| #define HAVE_EPOLL_CREATE 1
| #define HAVE_EPOLL_PWAIT2 1
| #define HAVE_FSTATFS 1
| #define HAVE_FUTIMENS 1
| #define HAVE_FUTIMES 1
| #define HAVE_FUTIMESAT 1
| #define HAVE_GETADDRINFO 1
| #define HAVE_GETAUXVAL 1
| #define HAVE_GETIFADDRS 1
| #define HAVE_GETRANDOM 1
| #define HAVE_MEMFD_CREATE 1
| #define HAVE_PIPE2 1
| #define HAVE_POSIX_FADVISE 1
| #define HAVE_POSIX_FALLOCATE 1
| #define HAVE_PRCTL 1
| #define HAVE_PROCESS_VM_READV 1
| #define HAVE_PROCESS_VM_WRITEV 1
| #define HAVE_SCHED_GETCPU 1
| #define HAVE_SCHED_YIELD 1
| #define HAVE_SIGPROCMASK 1
| #define HAVE_SYSINFO 1
| #define HAVE_TCDRAIN 1
| #define HAVE_CLOCK_GETTIME 1
| #define HAVE_SCHED_SETAFFINITY 1
| #define HAVE_LINUX_GETHOSTBYNAME_R_6 1
| #define HAVE_SG_IO_HDR_T_INTERFACE_ID 1
| #define HAVE_SIGINFO_T_SI_FD 1
| #define HAVE_STRUCT_MTGET_MT_GSTAT 1
| #define HAVE_STRUCT_MTGET_MT_BLKNO 1
| #define HAVE_STRUCT_STAT_ST_MTIM 1
| #define HAVE_STRUCT_STAT_ST_CTIM 1
| #define HAVE_STRUCT_STAT_ST_ATIM 1
| #define HAVE_STRUCT_SOCKADDR_IN6_SIN6_SCOPE_ID 1
| #define HAVE_STRUCT___RES_STATE__U__EXT_NSCOUNT6 1
| #define HAVE_STRUCT_IN6_PKTINFO_IPI6_ADDR 1
| /* end confdefs.h.  */
| #include <sys/types.h>
| #ifdef HAVE_SYS_SOCKETVAR_H
| #include <sys/socketvar.h>
| #endif
| #ifdef HAVE_NETINET_IN_H
| #include <netinet/in.h>
| #endif
| #ifdef HAVE_NETINET_IP_H
| #include <netinet/ip.h>
| #endif
| #ifdef HAVE_NETINET_IP_ICMP_H
| #include <netinet/ip_icmp.h>
| #endif
| #ifdef HAVE_NETINET_ICMP_VAR_H
| #include <netinet/icmp_var.h>
| #endif
| 
| int
| main (void)
| {
| static struct icmpstat ac_aggr;
| if (ac_aggr.icps_error)
| return 0;
|   ;
|   return 0;
| }
configure:21914: gcc -m64 -c -g -O2 -U_FORTIFY_SOURCE -D_FORTIFY_SOURCE=0  conftest.c >&5
conftest.c: In function 'main':
conftest.c:183:24: error: storage size of 'ac_aggr' isn't known
  183 | static struct icmpstat ac_aggr;
      |                        ^~~~~~~
configure:21914: $? = 1
configure: failed program was:
| /* confdefs.h */
| #define PACKAGE_NAME "Wine"
| #define PACKAGE_TARNAME "wine"
| #define PACKAGE_VERSION "11.15"
| #define PACKAGE_STRING "Wine 11.15"
| #define PACKAGE_BUGREPORT "wine-devel@winehq.org"
| #define PACKAGE_URL "https://www.winehq.org"
| #define EXEEXT ""
| #define HAVE_STDIO_H 1
| #define HAVE_STDLIB_H 1
| #define HAVE_STRING_H 1
| #define HAVE_INTTYPES_H 1
| #define HAVE_STDINT_H 1
| #define HAVE_STRINGS_H 1
| #define HAVE_SYS_STAT_H 1
| #define HAVE_SYS_TYPES_H 1
| #define HAVE_UNISTD_H 1
| #define STDC_HEADERS 1
| #define HAVE_ARPA_INET_H 1
| #define HAVE_ARPA_NAMESER_H 1
| #define HAVE_ASM_TERMBITS_H 1
| #define HAVE_ASM_TYPES_H 1
| #define HAVE_ELF_H 1
| #define HAVE_LINK_H 1
| #define HAVE_LINUX_CDROM_H 1
| #define HAVE_LINUX_ERRQUEUE_H 1
| #define HAVE_LINUX_FILTER_H 1
| #define HAVE_LINUX_FS_H 1
| #define HAVE_LINUX_HDREG_H 1
| #define HAVE_LINUX_HIDRAW_H 1
| #define HAVE_LINUX_INPUT_H 1
| #define HAVE_LINUX_IOCTL_H 1
| #define HAVE_LINUX_MAJOR_H 1
| #define HAVE_LINUX_MEMFD_H 1
| #define HAVE_LINUX_PARAM_H 1
| #define HAVE_LINUX_SERIAL_H 1
| #define HAVE_LINUX_TYPES_H 1
| #define HAVE_LINUX_USERFAULTFD_H 1
| #define HAVE_LINUX_WIRELESS_H 1
| #define HAVE_MNTENT_H 1
| #define HAVE_NETDB_H 1
| #define HAVE_NETINET_IN_H 1
| #define HAVE_NETINET_IN_SYSTM_H 1
| #define HAVE_NETINET_TCP_H 1
| #define HAVE_PWD_H 1
| #define HAVE_SCHED_H 1
| #define HAVE_SCSI_SCSI_H 1
| #define HAVE_SCSI_SCSI_IOCTL_H 1
| #define HAVE_SCSI_SG_H 1
| #define HAVE_SYS_AUXV_H 1
| #define HAVE_SYS_EPOLL_H 1
| #define HAVE_SYS_IPC_H 1
| #define HAVE_SYS_MTIO_H 1
| #define HAVE_SYS_PARAM_H 1
| #define HAVE_SYS_PERSONALITY_H 1
| #define HAVE_SYS_PRCTL_H 1
| #define HAVE_SYS_PTRACE_H 1
| #define HAVE_SYS_QUEUE_H 1
| #define HAVE_SYS_RANDOM_H 1
| #define HAVE_SYS_RESOURCE_H 1
| #define HAVE_SYS_SHM_H 1
| #define HAVE_SYS_SIGNAL_H 1
| #define HAVE_SYS_SOCKETVAR_H 1
| #define HAVE_SYS_STATVFS_H 1
| #define HAVE_SYS_SYSCALL_H 1
| #define HAVE_SYS_SYSINFO_H 1
| #define HAVE_SYS_TIMES_H 1
| #define HAVE_SYS_UIO_H 1
| #define HAVE_SYS_USER_H 1
| #define HAVE_SYS_UTSNAME_H 1
| #define HAVE_SYS_XATTR_H 1
| #define HAVE_SYSCALL_H 1
| #define HAVE_UTIME_H 1
| #define HAVE_VALGRIND_MEMCHECK_H 1
| #define HAVE_VALGRIND_VALGRIND_H 1
| #define MAJOR_IN_SYSMACROS 1
| #define HAVE_SYS_MOUNT_H 1
| #define HAVE_SYS_STATFS_H 1
| #define HAVE_SYS_USER_H 1
| #define HAVE_SYS_VFS_H 1
| #define HAVE_NETINET_IP_H 1
| #define HAVE_NET_IF_H 1
| #define HAVE_NET_IF_ARP_H 1
| #define HAVE_NET_ROUTE_H 1
| #define HAVE_NETINET_IF_ETHER_H 1
| #define HAVE_NETINET_IP_ICMP_H 1
| #define HAVE_NETINET_UDP_H 1
| #define HAVE_NETIPX_IPX_H 1
| #define HAVE_SYS_UN_H 1
| #define HAVE_NETINET_ICMP6_H 1
| #define HAVE_LINUX_RTNETLINK_H 1
| #define HAVE_RESOLV_H 1
| #define HAVE_IFADDRS_H 1
| #define HAVE_SYS_UCONTEXT_H 1
| #define HAVE_LINUX_VIDEODEV2_H 1
| #define _GNU_SOURCE 1
| #define SONAME_LIBX11 "libX11.so.6"
| #define SONAME_LIBXEXT "libXext.so.6"
| #define HAVE_X11_EXTENSIONS_SHAPE_H 1
| #define HAVE_X11_EXTENSIONS_XINPUT2_H 1
| #define HAVE_X11_EXTENSIONS_XSHM_H 1
| #define HAVE_X11_EXTENSIONS_XFIXES_H 1
| #define HAVE_X11_EXTENSIONS_XRANDR_H 1
| #define HAVE_X11_EXTENSIONS_XRENDER_H 1
| #define HAVE_X11_EXTENSIONS_XF86VMPROTO_H 1
| #define SONAME_LIBXCURSOR "libXcursor.so.1"
| #define SONAME_LIBXI "libXi.so.6"
| #define HAVE_LIBXXSHM 1
| #define HAVE_LIBXSHAPE 1
| #define SONAME_LIBXRENDER "libXrender.so.1"
| #define HAVE_XRENDERSETPICTURETRANSFORM 1
| #define HAVE_XRENDERCREATELINEARGRADIENT 1
| #define SONAME_LIBXRANDR "libXrandr.so.2"
| #define HAVE_XRRGETPROVIDERRESOURCES 1
| #define SONAME_LIBXFIXES "libXfixes.so.3"
| #define HAVE_XICCALLBACK_CALLBACK 1
| #define HAVE_XEVENT_XCOOKIE 1
| #define HAVE_SYS_INOTIFY_H 1
| #define HAVE_RESOLV 1
| #define HAVE_FT2BUILD_H 1
| #define SONAME_LIBFREETYPE "libfreetype.so.6"
| #define SONAME_LIBFONTCONFIG "libfontconfig.so.1"
| #define SONAME_LIBODBC "libodbc.so"
| #define HAVE_WINE_PRELOADER 1
| #define HAVE_DLADDR1 1
| #define HAVE_DLINFO 1
| #define HAVE_EPOLL_CREATE 1
| #define HAVE_EPOLL_PWAIT2 1
| #define HAVE_FSTATFS 1
| #define HAVE_FUTIMENS 1
| #define HAVE_FUTIMES 1
| #define HAVE_FUTIMESAT 1
| #define HAVE_GETADDRINFO 1
| #define HAVE_GETAUXVAL 1
| #define HAVE_GETIFADDRS 1
| #define HAVE_GETRANDOM 1
| #define HAVE_MEMFD_CREATE 1
| #define HAVE_PIPE2 1
| #define HAVE_POSIX_FADVISE 1
| #define HAVE_POSIX_FALLOCATE 1
| #define HAVE_PRCTL 1
| #define HAVE_PROCESS_VM_READV 1
| #define HAVE_PROCESS_VM_WRITEV 1
| #define HAVE_SCHED_GETCPU 1
| #define HAVE_SCHED_YIELD 1
| #define HAVE_SIGPROCMASK 1
| #define HAVE_SYSINFO 1
| #define HAVE_TCDRAIN 1
| #define HAVE_CLOCK_GETTIME 1
| #define HAVE_SCHED_SETAFFINITY 1
| #define HAVE_LINUX_GETHOSTBYNAME_R_6 1
| #define HAVE_SG_IO_HDR_T_INTERFACE_ID 1
| #define HAVE_SIGINFO_T_SI_FD 1
| #define HAVE_STRUCT_MTGET_MT_GSTAT 1
| #define HAVE_STRUCT_MTGET_MT_BLKNO 1
| #define HAVE_STRUCT_STAT_ST_MTIM 1
| #define HAVE_STRUCT_STAT_ST_CTIM 1
| #define HAVE_STRUCT_STAT_ST_ATIM 1
| #define HAVE_STRUCT_SOCKADDR_IN6_SIN6_SCOPE_ID 1
| #define HAVE_STRUCT___RES_STATE__U__EXT_NSCOUNT6 1
| #define HAVE_STRUCT_IN6_PKTINFO_IPI6_ADDR 1
| /* end confdefs.h.  */
| #include <sys/types.h>
| #ifdef HAVE_SYS_SOCKETVAR_H
| #include <sys/socketvar.h>
| #endif
| #ifdef HAVE_NETINET_IN_H
| #include <netinet/in.h>
| #endif
| #ifdef HAVE_NETINET_IP_H
| #include <netinet/ip.h>
| #endif
| #ifdef HAVE_NETINET_IP_ICMP_H
| #include <netinet/ip_icmp.h>
| #endif
| #ifdef HAVE_NETINET_ICMP_VAR_H
| #include <netinet/icmp_var.h>
| #endif
| 
| int
| main (void)
| {
| static struct icmpstat ac_aggr;
| if (sizeof ac_aggr.icps_error)
| return 0;
|   ;
|   return 0;
| }
configure:21914: result: no
configure:21940: checking for struct icmp6stat.icp6s_error
configure:21940: gcc -m64 -c -g -O2 -U_FORTIFY_SOURCE -D_FORTIFY_SOURCE=0  conftest.c >&5
conftest.c: In function 'main':
conftest.c:177:25: error: storage size of 'ac_aggr' isn't known
  177 | static struct icmp6stat ac_aggr;
      |                         ^~~~~~~
configure:21940: $? = 1
configure: failed program was:
| /* confdefs.h */
| #define PACKAGE_NAME "Wine"
| #define PACKAGE_TARNAME "wine"
| #define PACKAGE_VERSION "11.15"
| #define PACKAGE_STRING "Wine 11.15"
| #define PACKAGE_BUGREPORT "wine-devel@winehq.org"
| #define PACKAGE_URL "https://www.winehq.org"
| #define EXEEXT ""
| #define HAVE_STDIO_H 1
| #define HAVE_STDLIB_H 1
| #define HAVE_STRING_H 1
| #define HAVE_INTTYPES_H 1
| #define HAVE_STDINT_H 1
| #define HAVE_STRINGS_H 1
| #define HAVE_SYS_STAT_H 1
| #define HAVE_SYS_TYPES_H 1
| #define HAVE_UNISTD_H 1
| #define STDC_HEADERS 1
| #define HAVE_ARPA_INET_H 1
| #define HAVE_ARPA_NAMESER_H 1
| #define HAVE_ASM_TERMBITS_H 1
| #define HAVE_ASM_TYPES_H 1
| #define HAVE_ELF_H 1
| #define HAVE_LINK_H 1
| #define HAVE_LINUX_CDROM_H 1
| #define HAVE_LINUX_ERRQUEUE_H 1
| #define HAVE_LINUX_FILTER_H 1
| #define HAVE_LINUX_FS_H 1
| #define HAVE_LINUX_HDREG_H 1
| #define HAVE_LINUX_HIDRAW_H 1
| #define HAVE_LINUX_INPUT_H 1
| #define HAVE_LINUX_IOCTL_H 1
| #define HAVE_LINUX_MAJOR_H 1
| #define HAVE_LINUX_MEMFD_H 1
| #define HAVE_LINUX_PARAM_H 1
| #define HAVE_LINUX_SERIAL_H 1
| #define HAVE_LINUX_TYPES_H 1
| #define HAVE_LINUX_USERFAULTFD_H 1
| #define HAVE_LINUX_WIRELESS_H 1
| #define HAVE_MNTENT_H 1
| #define HAVE_NETDB_H 1
| #define HAVE_NETINET_IN_H 1
| #define HAVE_NETINET_IN_SYSTM_H 1
| #define HAVE_NETINET_TCP_H 1
| #define HAVE_PWD_H 1
| #define HAVE_SCHED_H 1
| #define HAVE_SCSI_SCSI_H 1
| #define HAVE_SCSI_SCSI_IOCTL_H 1
| #define HAVE_SCSI_SG_H 1
| #define HAVE_SYS_AUXV_H 1
| #define HAVE_SYS_EPOLL_H 1
| #define HAVE_SYS_IPC_H 1
| #define HAVE_SYS_MTIO_H 1
| #define HAVE_SYS_PARAM_H 1
| #define HAVE_SYS_PERSONALITY_H 1
| #define HAVE_SYS_PRCTL_H 1
| #define HAVE_SYS_PTRACE_H 1
| #define HAVE_SYS_QUEUE_H 1
| #define HAVE_SYS_RANDOM_H 1
| #define HAVE_SYS_RESOURCE_H 1
| #define HAVE_SYS_SHM_H 1
| #define HAVE_SYS_SIGNAL_H 1
| #define HAVE_SYS_SOCKETVAR_H 1
| #define HAVE_SYS_STATVFS_H 1
| #define HAVE_SYS_SYSCALL_H 1
| #define HAVE_SYS_SYSINFO_H 1
| #define HAVE_SYS_TIMES_H 1
| #define HAVE_SYS_UIO_H 1
| #define HAVE_SYS_USER_H 1
| #define HAVE_SYS_UTSNAME_H 1
| #define HAVE_SYS_XATTR_H 1
| #define HAVE_SYSCALL_H 1
| #define HAVE_UTIME_H 1
| #define HAVE_VALGRIND_MEMCHECK_H 1
| #define HAVE_VALGRIND_VALGRIND_H 1
| #define MAJOR_IN_SYSMACROS 1
| #define HAVE_SYS_MOUNT_H 1
| #define HAVE_SYS_STATFS_H 1
| #define HAVE_SYS_USER_H 1
| #define HAVE_SYS_VFS_H 1
| #define HAVE_NETINET_IP_H 1
| #define HAVE_NET_IF_H 1
| #define HAVE_NET_IF_ARP_H 1
| #define HAVE_NET_ROUTE_H 1
| #define HAVE_NETINET_IF_ETHER_H 1
| #define HAVE_NETINET_IP_ICMP_H 1
| #define HAVE_NETINET_UDP_H 1
| #define HAVE_NETIPX_IPX_H 1
| #define HAVE_SYS_UN_H 1
| #define HAVE_NETINET_ICMP6_H 1
| #define HAVE_LINUX_RTNETLINK_H 1
| #define HAVE_RESOLV_H 1
| #define HAVE_IFADDRS_H 1
| #define HAVE_SYS_UCONTEXT_H 1
| #define HAVE_LINUX_VIDEODEV2_H 1
| #define _GNU_SOURCE 1
| #define SONAME_LIBX11 "libX11.so.6"
| #define SONAME_LIBXEXT "libXext.so.6"
| #define HAVE_X11_EXTENSIONS_SHAPE_H 1
| #define HAVE_X11_EXTENSIONS_XINPUT2_H 1
| #define HAVE_X11_EXTENSIONS_XSHM_H 1
| #define HAVE_X11_EXTENSIONS_XFIXES_H 1
| #define HAVE_X11_EXTENSIONS_XRANDR_H 1
| #define HAVE_X11_EXTENSIONS_XRENDER_H 1
| #define HAVE_X11_EXTENSIONS_XF86VMPROTO_H 1
| #define SONAME_LIBXCURSOR "libXcursor.so.1"
| #define SONAME_LIBXI "libXi.so.6"
| #define HAVE_LIBXXSHM 1
| #define HAVE_LIBXSHAPE 1
| #define SONAME_LIBXRENDER "libXrender.so.1"
| #define HAVE_XRENDERSETPICTURETRANSFORM 1
| #define HAVE_XRENDERCREATELINEARGRADIENT 1
| #define SONAME_LIBXRANDR "libXrandr.so.2"
| #define HAVE_XRRGETPROVIDERRESOURCES 1
| #define SONAME_LIBXFIXES "libXfixes.so.3"
| #define HAVE_XICCALLBACK_CALLBACK 1
| #define HAVE_XEVENT_XCOOKIE 1
| #define HAVE_SYS_INOTIFY_H 1
| #define HAVE_RESOLV 1
| #define HAVE_FT2BUILD_H 1
| #define SONAME_LIBFREETYPE "libfreetype.so.6"
| #define SONAME_LIBFONTCONFIG "libfontconfig.so.1"
| #define SONAME_LIBODBC "libodbc.so"
| #define HAVE_WINE_PRELOADER 1
| #define HAVE_DLADDR1 1
| #define HAVE_DLINFO 1
| #define HAVE_EPOLL_CREATE 1
| #define HAVE_EPOLL_PWAIT2 1
| #define HAVE_FSTATFS 1
| #define HAVE_FUTIMENS 1
| #define HAVE_FUTIMES 1
| #define HAVE_FUTIMESAT 1
| #define HAVE_GETADDRINFO 1
| #define HAVE_GETAUXVAL 1
| #define HAVE_GETIFADDRS 1
| #define HAVE_GETRANDOM 1
| #define HAVE_MEMFD_CREATE 1
| #define HAVE_PIPE2 1
| #define HAVE_POSIX_FADVISE 1
| #define HAVE_POSIX_FALLOCATE 1
| #define HAVE_PRCTL 1
| #define HAVE_PROCESS_VM_READV 1
| #define HAVE_PROCESS_VM_WRITEV 1
| #define HAVE_SCHED_GETCPU 1
| #define HAVE_SCHED_YIELD 1
| #define HAVE_SIGPROCMASK 1
| #define HAVE_SYSINFO 1
| #define HAVE_TCDRAIN 1
| #define HAVE_CLOCK_GETTIME 1
| #define HAVE_SCHED_SETAFFINITY 1
| #define HAVE_LINUX_GETHOSTBYNAME_R_6 1
| #define HAVE_SG_IO_HDR_T_INTERFACE_ID 1
| #define HAVE_SIGINFO_T_SI_FD 1
| #define HAVE_STRUCT_MTGET_MT_GSTAT 1
| #define HAVE_STRUCT_MTGET_MT_BLKNO 1
| #define HAVE_STRUCT_STAT_ST_MTIM 1
| #define HAVE_STRUCT_STAT_ST_CTIM 1
| #define HAVE_STRUCT_STAT_ST_ATIM 1
| #define HAVE_STRUCT_SOCKADDR_IN6_SIN6_SCOPE_ID 1
| #define HAVE_STRUCT___RES_STATE__U__EXT_NSCOUNT6 1
| #define HAVE_STRUCT_IN6_PKTINFO_IPI6_ADDR 1
| /* end confdefs.h.  */
| #include <sys/types.h>
| #ifdef HAVE_SYS_SOCKETVAR_H
| #include <sys/socketvar.h>
| #endif
| #ifdef HAVE_NETINET_IN_H
| #include <netinet/in.h>
| #endif
| #ifdef HAVE_NETINET_ICMP6_H
| #include <netinet/icmp6.h>
| #endif
| 
| int
| main (void)
| {
| static struct icmp6stat ac_aggr;
| if (ac_aggr.icp6s_error)
| return 0;
|   ;
|   return 0;
| }
configure:21940: gcc -m64 -c -g -O2 -U_FORTIFY_SOURCE -D_FORTIFY_SOURCE=0  conftest.c >&5
conftest.c: In function 'main':
conftest.c:177:25: error: storage size of 'ac_aggr' isn't known
  177 | static struct icmp6stat ac_aggr;
      |                         ^~~~~~~
configure:21940: $? = 1
configure: failed program was:
| /* confdefs.h */
| #define PACKAGE_NAME "Wine"
| #define PACKAGE_TARNAME "wine"
| #define PACKAGE_VERSION "11.15"
| #define PACKAGE_STRING "Wine 11.15"
| #define PACKAGE_BUGREPORT "wine-devel@winehq.org"
| #define PACKAGE_URL "https://www.winehq.org"
| #define EXEEXT ""
| #define HAVE_STDIO_H 1
| #define HAVE_STDLIB_H 1
| #define HAVE_STRING_H 1
| #define HAVE_INTTYPES_H 1
| #define HAVE_STDINT_H 1
| #define HAVE_STRINGS_H 1
| #define HAVE_SYS_STAT_H 1
| #define HAVE_SYS_TYPES_H 1
| #define HAVE_UNISTD_H 1
| #define STDC_HEADERS 1
| #define HAVE_ARPA_INET_H 1
| #define HAVE_ARPA_NAMESER_H 1
| #define HAVE_ASM_TERMBITS_H 1
| #define HAVE_ASM_TYPES_H 1
| #define HAVE_ELF_H 1
| #define HAVE_LINK_H 1
| #define HAVE_LINUX_CDROM_H 1
| #define HAVE_LINUX_ERRQUEUE_H 1
| #define HAVE_LINUX_FILTER_H 1
| #define HAVE_LINUX_FS_H 1
| #define HAVE_LINUX_HDREG_H 1
| #define HAVE_LINUX_HIDRAW_H 1
| #define HAVE_LINUX_INPUT_H 1
| #define HAVE_LINUX_IOCTL_H 1
| #define HAVE_LINUX_MAJOR_H 1
| #define HAVE_LINUX_MEMFD_H 1
| #define HAVE_LINUX_PARAM_H 1
| #define HAVE_LINUX_SERIAL_H 1
| #define HAVE_LINUX_TYPES_H 1
| #define HAVE_LINUX_USERFAULTFD_H 1
| #define HAVE_LINUX_WIRELESS_H 1
| #define HAVE_MNTENT_H 1
| #define HAVE_NETDB_H 1
| #define HAVE_NETINET_IN_H 1
| #define HAVE_NETINET_IN_SYSTM_H 1
| #define HAVE_NETINET_TCP_H 1
| #define HAVE_PWD_H 1
| #define HAVE_SCHED_H 1
| #define HAVE_SCSI_SCSI_H 1
| #define HAVE_SCSI_SCSI_IOCTL_H 1
| #define HAVE_SCSI_SG_H 1
| #define HAVE_SYS_AUXV_H 1
| #define HAVE_SYS_EPOLL_H 1
| #define HAVE_SYS_IPC_H 1
| #define HAVE_SYS_MTIO_H 1
| #define HAVE_SYS_PARAM_H 1
| #define HAVE_SYS_PERSONALITY_H 1
| #define HAVE_SYS_PRCTL_H 1
| #define HAVE_SYS_PTRACE_H 1
| #define HAVE_SYS_QUEUE_H 1
| #define HAVE_SYS_RANDOM_H 1
| #define HAVE_SYS_RESOURCE_H 1
| #define HAVE_SYS_SHM_H 1
| #define HAVE_SYS_SIGNAL_H 1
| #define HAVE_SYS_SOCKETVAR_H 1
| #define HAVE_SYS_STATVFS_H 1
| #define HAVE_SYS_SYSCALL_H 1
| #define HAVE_SYS_SYSINFO_H 1
| #define HAVE_SYS_TIMES_H 1
| #define HAVE_SYS_UIO_H 1
| #define HAVE_SYS_USER_H 1
| #define HAVE_SYS_UTSNAME_H 1
| #define HAVE_SYS_XATTR_H 1
| #define HAVE_SYSCALL_H 1
| #define HAVE_UTIME_H 1
| #define HAVE_VALGRIND_MEMCHECK_H 1
| #define HAVE_VALGRIND_VALGRIND_H 1
| #define MAJOR_IN_SYSMACROS 1
| #define HAVE_SYS_MOUNT_H 1
| #define HAVE_SYS_STATFS_H 1
| #define HAVE_SYS_USER_H 1
| #define HAVE_SYS_VFS_H 1
| #define HAVE_NETINET_IP_H 1
| #define HAVE_NET_IF_H 1
| #define HAVE_NET_IF_ARP_H 1
| #define HAVE_NET_ROUTE_H 1
| #define HAVE_NETINET_IF_ETHER_H 1
| #define HAVE_NETINET_IP_ICMP_H 1
| #define HAVE_NETINET_UDP_H 1
| #define HAVE_NETIPX_IPX_H 1
| #define HAVE_SYS_UN_H 1
| #define HAVE_NETINET_ICMP6_H 1
| #define HAVE_LINUX_RTNETLINK_H 1
| #define HAVE_RESOLV_H 1
| #define HAVE_IFADDRS_H 1
| #define HAVE_SYS_UCONTEXT_H 1
| #define HAVE_LINUX_VIDEODEV2_H 1
| #define _GNU_SOURCE 1
| #define SONAME_LIBX11 "libX11.so.6"
| #define SONAME_LIBXEXT "libXext.so.6"
| #define HAVE_X11_EXTENSIONS_SHAPE_H 1
| #define HAVE_X11_EXTENSIONS_XINPUT2_H 1
| #define HAVE_X11_EXTENSIONS_XSHM_H 1
| #define HAVE_X11_EXTENSIONS_XFIXES_H 1
| #define HAVE_X11_EXTENSIONS_XRANDR_H 1
| #define HAVE_X11_EXTENSIONS_XRENDER_H 1
| #define HAVE_X11_EXTENSIONS_XF86VMPROTO_H 1
| #define SONAME_LIBXCURSOR "libXcursor.so.1"
| #define SONAME_LIBXI "libXi.so.6"
| #define HAVE_LIBXXSHM 1
| #define HAVE_LIBXSHAPE 1
| #define SONAME_LIBXRENDER "libXrender.so.1"
| #define HAVE_XRENDERSETPICTURETRANSFORM 1
| #define HAVE_XRENDERCREATELINEARGRADIENT 1
| #define SONAME_LIBXRANDR "libXrandr.so.2"
| #define HAVE_XRRGETPROVIDERRESOURCES 1
| #define SONAME_LIBXFIXES "libXfixes.so.3"
| #define HAVE_XICCALLBACK_CALLBACK 1
| #define HAVE_XEVENT_XCOOKIE 1
| #define HAVE_SYS_INOTIFY_H 1
| #define HAVE_RESOLV 1
| #define HAVE_FT2BUILD_H 1
| #define SONAME_LIBFREETYPE "libfreetype.so.6"
| #define SONAME_LIBFONTCONFIG "libfontconfig.so.1"
| #define SONAME_LIBODBC "libodbc.so"
| #define HAVE_WINE_PRELOADER 1
| #define HAVE_DLADDR1 1
| #define HAVE_DLINFO 1
| #define HAVE_EPOLL_CREATE 1
| #define HAVE_EPOLL_PWAIT2 1
| #define HAVE_FSTATFS 1
| #define HAVE_FUTIMENS 1
| #define HAVE_FUTIMES 1
| #define HAVE_FUTIMESAT 1
| #define HAVE_GETADDRINFO 1
| #define HAVE_GETAUXVAL 1
| #define HAVE_GETIFADDRS 1
| #define HAVE_GETRANDOM 1
| #define HAVE_MEMFD_CREATE 1
| #define HAVE_PIPE2 1
| #define HAVE_POSIX_FADVISE 1
| #define HAVE_POSIX_FALLOCATE 1
| #define HAVE_PRCTL 1
| #define HAVE_PROCESS_VM_READV 1
| #define HAVE_PROCESS_VM_WRITEV 1
| #define HAVE_SCHED_GETCPU 1
| #define HAVE_SCHED_YIELD 1
| #define HAVE_SIGPROCMASK 1
| #define HAVE_SYSINFO 1
| #define HAVE_TCDRAIN 1
| #define HAVE_CLOCK_GETTIME 1
| #define HAVE_SCHED_SETAFFINITY 1
| #define HAVE_LINUX_GETHOSTBYNAME_R_6 1
| #define HAVE_SG_IO_HDR_T_INTERFACE_ID 1
| #define HAVE_SIGINFO_T_SI_FD 1
| #define HAVE_STRUCT_MTGET_MT_GSTAT 1
| #define HAVE_STRUCT_MTGET_MT_BLKNO 1
| #define HAVE_STRUCT_STAT_ST_MTIM 1
| #define HAVE_STRUCT_STAT_ST_CTIM 1
| #define HAVE_STRUCT_STAT_ST_ATIM 1
| #define HAVE_STRUCT_SOCKADDR_IN6_SIN6_SCOPE_ID 1
| #define HAVE_STRUCT___RES_STATE__U__EXT_NSCOUNT6 1
| #define HAVE_STRUCT_IN6_PKTINFO_IPI6_ADDR 1
| /* end confdefs.h.  */
| #include <sys/types.h>
| #ifdef HAVE_SYS_SOCKETVAR_H
| #include <sys/socketvar.h>
| #endif
| #ifdef HAVE_NETINET_IN_H
| #include <netinet/in.h>
| #endif
| #ifdef HAVE_NETINET_ICMP6_H
| #include <netinet/icmp6.h>
| #endif
| 
| int
| main (void)
| {
| static struct icmp6stat ac_aggr;
| if (sizeof ac_aggr.icp6s_error)
| return 0;
|   ;
|   return 0;
| }
configure:21940: result: no
configure:21960: checking for struct tcpstat.tcps_connattempt
configure:21960: gcc -m64 -c -g -O2 -U_FORTIFY_SOURCE -D_FORTIFY_SOURCE=0  conftest.c >&5
conftest.c: In function 'main':
conftest.c:180:23: error: storage size of 'ac_aggr' isn't known
  180 | static struct tcpstat ac_aggr;
      |                       ^~~~~~~
configure:21960: $? = 1
configure: failed program was:
| /* confdefs.h */
| #define PACKAGE_NAME "Wine"
| #define PACKAGE_TARNAME "wine"
| #define PACKAGE_VERSION "11.15"
| #define PACKAGE_STRING "Wine 11.15"
| #define PACKAGE_BUGREPORT "wine-devel@winehq.org"
| #define PACKAGE_URL "https://www.winehq.org"
| #define EXEEXT ""
| #define HAVE_STDIO_H 1
| #define HAVE_STDLIB_H 1
| #define HAVE_STRING_H 1
| #define HAVE_INTTYPES_H 1
| #define HAVE_STDINT_H 1
| #define HAVE_STRINGS_H 1
| #define HAVE_SYS_STAT_H 1
| #define HAVE_SYS_TYPES_H 1
| #define HAVE_UNISTD_H 1
| #define STDC_HEADERS 1
| #define HAVE_ARPA_INET_H 1
| #define HAVE_ARPA_NAMESER_H 1
| #define HAVE_ASM_TERMBITS_H 1
| #define HAVE_ASM_TYPES_H 1
| #define HAVE_ELF_H 1
| #define HAVE_LINK_H 1
| #define HAVE_LINUX_CDROM_H 1
| #define HAVE_LINUX_ERRQUEUE_H 1
| #define HAVE_LINUX_FILTER_H 1
| #define HAVE_LINUX_FS_H 1
| #define HAVE_LINUX_HDREG_H 1
| #define HAVE_LINUX_HIDRAW_H 1
| #define HAVE_LINUX_INPUT_H 1
| #define HAVE_LINUX_IOCTL_H 1
| #define HAVE_LINUX_MAJOR_H 1
| #define HAVE_LINUX_MEMFD_H 1
| #define HAVE_LINUX_PARAM_H 1
| #define HAVE_LINUX_SERIAL_H 1
| #define HAVE_LINUX_TYPES_H 1
| #define HAVE_LINUX_USERFAULTFD_H 1
| #define HAVE_LINUX_WIRELESS_H 1
| #define HAVE_MNTENT_H 1
| #define HAVE_NETDB_H 1
| #define HAVE_NETINET_IN_H 1
| #define HAVE_NETINET_IN_SYSTM_H 1
| #define HAVE_NETINET_TCP_H 1
| #define HAVE_PWD_H 1
| #define HAVE_SCHED_H 1
| #define HAVE_SCSI_SCSI_H 1
| #define HAVE_SCSI_SCSI_IOCTL_H 1
| #define HAVE_SCSI_SG_H 1
| #define HAVE_SYS_AUXV_H 1
| #define HAVE_SYS_EPOLL_H 1
| #define HAVE_SYS_IPC_H 1
| #define HAVE_SYS_MTIO_H 1
| #define HAVE_SYS_PARAM_H 1
| #define HAVE_SYS_PERSONALITY_H 1
| #define HAVE_SYS_PRCTL_H 1
| #define HAVE_SYS_PTRACE_H 1
| #define HAVE_SYS_QUEUE_H 1
| #define HAVE_SYS_RANDOM_H 1
| #define HAVE_SYS_RESOURCE_H 1
| #define HAVE_SYS_SHM_H 1
| #define HAVE_SYS_SIGNAL_H 1
| #define HAVE_SYS_SOCKETVAR_H 1
| #define HAVE_SYS_STATVFS_H 1
| #define HAVE_SYS_SYSCALL_H 1
| #define HAVE_SYS_SYSINFO_H 1
| #define HAVE_SYS_TIMES_H 1
| #define HAVE_SYS_UIO_H 1
| #define HAVE_SYS_USER_H 1
| #define HAVE_SYS_UTSNAME_H 1
| #define HAVE_SYS_XATTR_H 1
| #define HAVE_SYSCALL_H 1
| #define HAVE_UTIME_H 1
| #define HAVE_VALGRIND_MEMCHECK_H 1
| #define HAVE_VALGRIND_VALGRIND_H 1
| #define MAJOR_IN_SYSMACROS 1
| #define HAVE_SYS_MOUNT_H 1
| #define HAVE_SYS_STATFS_H 1
| #define HAVE_SYS_USER_H 1
| #define HAVE_SYS_VFS_H 1
| #define HAVE_NETINET_IP_H 1
| #define HAVE_NET_IF_H 1
| #define HAVE_NET_IF_ARP_H 1
| #define HAVE_NET_ROUTE_H 1
| #define HAVE_NETINET_IF_ETHER_H 1
| #define HAVE_NETINET_IP_ICMP_H 1
| #define HAVE_NETINET_UDP_H 1
| #define HAVE_NETIPX_IPX_H 1
| #define HAVE_SYS_UN_H 1
| #define HAVE_NETINET_ICMP6_H 1
| #define HAVE_LINUX_RTNETLINK_H 1
| #define HAVE_RESOLV_H 1
| #define HAVE_IFADDRS_H 1
| #define HAVE_SYS_UCONTEXT_H 1
| #define HAVE_LINUX_VIDEODEV2_H 1
| #define _GNU_SOURCE 1
| #define SONAME_LIBX11 "libX11.so.6"
| #define SONAME_LIBXEXT "libXext.so.6"
| #define HAVE_X11_EXTENSIONS_SHAPE_H 1
| #define HAVE_X11_EXTENSIONS_XINPUT2_H 1
| #define HAVE_X11_EXTENSIONS_XSHM_H 1
| #define HAVE_X11_EXTENSIONS_XFIXES_H 1
| #define HAVE_X11_EXTENSIONS_XRANDR_H 1
| #define HAVE_X11_EXTENSIONS_XRENDER_H 1
| #define HAVE_X11_EXTENSIONS_XF86VMPROTO_H 1
| #define SONAME_LIBXCURSOR "libXcursor.so.1"
| #define SONAME_LIBXI "libXi.so.6"
| #define HAVE_LIBXXSHM 1
| #define HAVE_LIBXSHAPE 1
| #define SONAME_LIBXRENDER "libXrender.so.1"
| #define HAVE_XRENDERSETPICTURETRANSFORM 1
| #define HAVE_XRENDERCREATELINEARGRADIENT 1
| #define SONAME_LIBXRANDR "libXrandr.so.2"
| #define HAVE_XRRGETPROVIDERRESOURCES 1
| #define SONAME_LIBXFIXES "libXfixes.so.3"
| #define HAVE_XICCALLBACK_CALLBACK 1
| #define HAVE_XEVENT_XCOOKIE 1
| #define HAVE_SYS_INOTIFY_H 1
| #define HAVE_RESOLV 1
| #define HAVE_FT2BUILD_H 1
| #define SONAME_LIBFREETYPE "libfreetype.so.6"
| #define SONAME_LIBFONTCONFIG "libfontconfig.so.1"
| #define SONAME_LIBODBC "libodbc.so"
| #define HAVE_WINE_PRELOADER 1
| #define HAVE_DLADDR1 1
| #define HAVE_DLINFO 1
| #define HAVE_EPOLL_CREATE 1
| #define HAVE_EPOLL_PWAIT2 1
| #define HAVE_FSTATFS 1
| #define HAVE_FUTIMENS 1
| #define HAVE_FUTIMES 1
| #define HAVE_FUTIMESAT 1
| #define HAVE_GETADDRINFO 1
| #define HAVE_GETAUXVAL 1
| #define HAVE_GETIFADDRS 1
| #define HAVE_GETRANDOM 1
| #define HAVE_MEMFD_CREATE 1
| #define HAVE_PIPE2 1
| #define HAVE_POSIX_FADVISE 1
| #define HAVE_POSIX_FALLOCATE 1
| #define HAVE_PRCTL 1
| #define HAVE_PROCESS_VM_READV 1
| #define HAVE_PROCESS_VM_WRITEV 1
| #define HAVE_SCHED_GETCPU 1
| #define HAVE_SCHED_YIELD 1
| #define HAVE_SIGPROCMASK 1
| #define HAVE_SYSINFO 1
| #define HAVE_TCDRAIN 1
| #define HAVE_CLOCK_GETTIME 1
| #define HAVE_SCHED_SETAFFINITY 1
| #define HAVE_LINUX_GETHOSTBYNAME_R_6 1
| #define HAVE_SG_IO_HDR_T_INTERFACE_ID 1
| #define HAVE_SIGINFO_T_SI_FD 1
| #define HAVE_STRUCT_MTGET_MT_GSTAT 1
| #define HAVE_STRUCT_MTGET_MT_BLKNO 1
| #define HAVE_STRUCT_STAT_ST_MTIM 1
| #define HAVE_STRUCT_STAT_ST_CTIM 1
| #define HAVE_STRUCT_STAT_ST_ATIM 1
| #define HAVE_STRUCT_SOCKADDR_IN6_SIN6_SCOPE_ID 1
| #define HAVE_STRUCT___RES_STATE__U__EXT_NSCOUNT6 1
| #define HAVE_STRUCT_IN6_PKTINFO_IPI6_ADDR 1
| /* end confdefs.h.  */
| #include <sys/types.h>
| #ifdef HAVE_SYS_SOCKETVAR_H
| #include <sys/socketvar.h>
| #endif
| #ifdef HAVE_NETINET_IN_H
| #include <netinet/in.h>
| #endif
| #ifdef HAVE_NETINET_TCP_H
| #include <netinet/tcp.h>
| #endif
| #ifdef HAVE_NETINET_TCP_VAR_H
| #include <netinet/tcp_var.h>
| #endif
| 
| int
| main (void)
| {
| static struct tcpstat ac_aggr;
| if (ac_aggr.tcps_connattempt)
| return 0;
|   ;
|   return 0;
| }
configure:21960: gcc -m64 -c -g -O2 -U_FORTIFY_SOURCE -D_FORTIFY_SOURCE=0  conftest.c >&5
conftest.c: In function 'main':
conftest.c:180:23: error: storage size of 'ac_aggr' isn't known
  180 | static struct tcpstat ac_aggr;
      |                       ^~~~~~~
configure:21960: $? = 1
configure: failed program was:
| /* confdefs.h */
| #define PACKAGE_NAME "Wine"
| #define PACKAGE_TARNAME "wine"
| #define PACKAGE_VERSION "11.15"
| #define PACKAGE_STRING "Wine 11.15"
| #define PACKAGE_BUGREPORT "wine-devel@winehq.org"
| #define PACKAGE_URL "https://www.winehq.org"
| #define EXEEXT ""
| #define HAVE_STDIO_H 1
| #define HAVE_STDLIB_H 1
| #define HAVE_STRING_H 1
| #define HAVE_INTTYPES_H 1
| #define HAVE_STDINT_H 1
| #define HAVE_STRINGS_H 1
| #define HAVE_SYS_STAT_H 1
| #define HAVE_SYS_TYPES_H 1
| #define HAVE_UNISTD_H 1
| #define STDC_HEADERS 1
| #define HAVE_ARPA_INET_H 1
| #define HAVE_ARPA_NAMESER_H 1
| #define HAVE_ASM_TERMBITS_H 1
| #define HAVE_ASM_TYPES_H 1
| #define HAVE_ELF_H 1
| #define HAVE_LINK_H 1
| #define HAVE_LINUX_CDROM_H 1
| #define HAVE_LINUX_ERRQUEUE_H 1
| #define HAVE_LINUX_FILTER_H 1
| #define HAVE_LINUX_FS_H 1
| #define HAVE_LINUX_HDREG_H 1
| #define HAVE_LINUX_HIDRAW_H 1
| #define HAVE_LINUX_INPUT_H 1
| #define HAVE_LINUX_IOCTL_H 1
| #define HAVE_LINUX_MAJOR_H 1
| #define HAVE_LINUX_MEMFD_H 1
| #define HAVE_LINUX_PARAM_H 1
| #define HAVE_LINUX_SERIAL_H 1
| #define HAVE_LINUX_TYPES_H 1
| #define HAVE_LINUX_USERFAULTFD_H 1
| #define HAVE_LINUX_WIRELESS_H 1
| #define HAVE_MNTENT_H 1
| #define HAVE_NETDB_H 1
| #define HAVE_NETINET_IN_H 1
| #define HAVE_NETINET_IN_SYSTM_H 1
| #define HAVE_NETINET_TCP_H 1
| #define HAVE_PWD_H 1
| #define HAVE_SCHED_H 1
| #define HAVE_SCSI_SCSI_H 1
| #define HAVE_SCSI_SCSI_IOCTL_H 1
| #define HAVE_SCSI_SG_H 1
| #define HAVE_SYS_AUXV_H 1
| #define HAVE_SYS_EPOLL_H 1
| #define HAVE_SYS_IPC_H 1
| #define HAVE_SYS_MTIO_H 1
| #define HAVE_SYS_PARAM_H 1
| #define HAVE_SYS_PERSONALITY_H 1
| #define HAVE_SYS_PRCTL_H 1
| #define HAVE_SYS_PTRACE_H 1
| #define HAVE_SYS_QUEUE_H 1
| #define HAVE_SYS_RANDOM_H 1
| #define HAVE_SYS_RESOURCE_H 1
| #define HAVE_SYS_SHM_H 1
| #define HAVE_SYS_SIGNAL_H 1
| #define HAVE_SYS_SOCKETVAR_H 1
| #define HAVE_SYS_STATVFS_H 1
| #define HAVE_SYS_SYSCALL_H 1
| #define HAVE_SYS_SYSINFO_H 1
| #define HAVE_SYS_TIMES_H 1
| #define HAVE_SYS_UIO_H 1
| #define HAVE_SYS_USER_H 1
| #define HAVE_SYS_UTSNAME_H 1
| #define HAVE_SYS_XATTR_H 1
| #define HAVE_SYSCALL_H 1
| #define HAVE_UTIME_H 1
| #define HAVE_VALGRIND_MEMCHECK_H 1
| #define HAVE_VALGRIND_VALGRIND_H 1
| #define MAJOR_IN_SYSMACROS 1
| #define HAVE_SYS_MOUNT_H 1
| #define HAVE_SYS_STATFS_H 1
| #define HAVE_SYS_USER_H 1
| #define HAVE_SYS_VFS_H 1
| #define HAVE_NETINET_IP_H 1
| #define HAVE_NET_IF_H 1
| #define HAVE_NET_IF_ARP_H 1
| #define HAVE_NET_ROUTE_H 1
| #define HAVE_NETINET_IF_ETHER_H 1
| #define HAVE_NETINET_IP_ICMP_H 1
| #define HAVE_NETINET_UDP_H 1
| #define HAVE_NETIPX_IPX_H 1
| #define HAVE_SYS_UN_H 1
| #define HAVE_NETINET_ICMP6_H 1
| #define HAVE_LINUX_RTNETLINK_H 1
| #define HAVE_RESOLV_H 1
| #define HAVE_IFADDRS_H 1
| #define HAVE_SYS_UCONTEXT_H 1
| #define HAVE_LINUX_VIDEODEV2_H 1
| #define _GNU_SOURCE 1
| #define SONAME_LIBX11 "libX11.so.6"
| #define SONAME_LIBXEXT "libXext.so.6"
| #define HAVE_X11_EXTENSIONS_SHAPE_H 1
| #define HAVE_X11_EXTENSIONS_XINPUT2_H 1
| #define HAVE_X11_EXTENSIONS_XSHM_H 1
| #define HAVE_X11_EXTENSIONS_XFIXES_H 1
| #define HAVE_X11_EXTENSIONS_XRANDR_H 1
| #define HAVE_X11_EXTENSIONS_XRENDER_H 1
| #define HAVE_X11_EXTENSIONS_XF86VMPROTO_H 1
| #define SONAME_LIBXCURSOR "libXcursor.so.1"
| #define SONAME_LIBXI "libXi.so.6"
| #define HAVE_LIBXXSHM 1
| #define HAVE_LIBXSHAPE 1
| #define SONAME_LIBXRENDER "libXrender.so.1"
| #define HAVE_XRENDERSETPICTURETRANSFORM 1
| #define HAVE_XRENDERCREATELINEARGRADIENT 1
| #define SONAME_LIBXRANDR "libXrandr.so.2"
| #define HAVE_XRRGETPROVIDERRESOURCES 1
| #define SONAME_LIBXFIXES "libXfixes.so.3"
| #define HAVE_XICCALLBACK_CALLBACK 1
| #define HAVE_XEVENT_XCOOKIE 1
| #define HAVE_SYS_INOTIFY_H 1
| #define HAVE_RESOLV 1
| #define HAVE_FT2BUILD_H 1
| #define SONAME_LIBFREETYPE "libfreetype.so.6"
| #define SONAME_LIBFONTCONFIG "libfontconfig.so.1"
| #define SONAME_LIBODBC "libodbc.so"
| #define HAVE_WINE_PRELOADER 1
| #define HAVE_DLADDR1 1
| #define HAVE_DLINFO 1
| #define HAVE_EPOLL_CREATE 1
| #define HAVE_EPOLL_PWAIT2 1
| #define HAVE_FSTATFS 1
| #define HAVE_FUTIMENS 1
| #define HAVE_FUTIMES 1
| #define HAVE_FUTIMESAT 1
| #define HAVE_GETADDRINFO 1
| #define HAVE_GETAUXVAL 1
| #define HAVE_GETIFADDRS 1
| #define HAVE_GETRANDOM 1
| #define HAVE_MEMFD_CREATE 1
| #define HAVE_PIPE2 1
| #define HAVE_POSIX_FADVISE 1
| #define HAVE_POSIX_FALLOCATE 1
| #define HAVE_PRCTL 1
| #define HAVE_PROCESS_VM_READV 1
| #define HAVE_PROCESS_VM_WRITEV 1
| #define HAVE_SCHED_GETCPU 1
| #define HAVE_SCHED_YIELD 1
| #define HAVE_SIGPROCMASK 1
| #define HAVE_SYSINFO 1
| #define HAVE_TCDRAIN 1
| #define HAVE_CLOCK_GETTIME 1
| #define HAVE_SCHED_SETAFFINITY 1
| #define HAVE_LINUX_GETHOSTBYNAME_R_6 1
| #define HAVE_SG_IO_HDR_T_INTERFACE_ID 1
| #define HAVE_SIGINFO_T_SI_FD 1
| #define HAVE_STRUCT_MTGET_MT_GSTAT 1
| #define HAVE_STRUCT_MTGET_MT_BLKNO 1
| #define HAVE_STRUCT_STAT_ST_MTIM 1
| #define HAVE_STRUCT_STAT_ST_CTIM 1
| #define HAVE_STRUCT_STAT_ST_ATIM 1
| #define HAVE_STRUCT_SOCKADDR_IN6_SIN6_SCOPE_ID 1
| #define HAVE_STRUCT___RES_STATE__U__EXT_NSCOUNT6 1
| #define HAVE_STRUCT_IN6_PKTINFO_IPI6_ADDR 1
| /* end confdefs.h.  */
| #include <sys/types.h>
| #ifdef HAVE_SYS_SOCKETVAR_H
| #include <sys/socketvar.h>
| #endif
| #ifdef HAVE_NETINET_IN_H
| #include <netinet/in.h>
| #endif
| #ifdef HAVE_NETINET_TCP_H
| #include <netinet/tcp.h>
| #endif
| #ifdef HAVE_NETINET_TCP_VAR_H
| #include <netinet/tcp_var.h>
| #endif
| 
| int
| main (void)
| {
| static struct tcpstat ac_aggr;
| if (sizeof ac_aggr.tcps_connattempt)
| return 0;
|   ;
|   return 0;
| }
configure:21960: result: no
configure:21983: checking for struct tcp_stats.tcps_connattempt
configure:21983: gcc -m64 -c -g -O2 -U_FORTIFY_SOURCE -D_FORTIFY_SOURCE=0  conftest.c >&5
conftest.c: In function 'main':
conftest.c:170:25: error: storage size of 'ac_aggr' isn't known
  170 | static struct tcp_stats ac_aggr;
      |                         ^~~~~~~
configure:21983: $? = 1
configure: failed program was:
| /* confdefs.h */
| #define PACKAGE_NAME "Wine"
| #define PACKAGE_TARNAME "wine"
| #define PACKAGE_VERSION "11.15"
| #define PACKAGE_STRING "Wine 11.15"
| #define PACKAGE_BUGREPORT "wine-devel@winehq.org"
| #define PACKAGE_URL "https://www.winehq.org"
| #define EXEEXT ""
| #define HAVE_STDIO_H 1
| #define HAVE_STDLIB_H 1
| #define HAVE_STRING_H 1
| #define HAVE_INTTYPES_H 1
| #define HAVE_STDINT_H 1
| #define HAVE_STRINGS_H 1
| #define HAVE_SYS_STAT_H 1
| #define HAVE_SYS_TYPES_H 1
| #define HAVE_UNISTD_H 1
| #define STDC_HEADERS 1
| #define HAVE_ARPA_INET_H 1
| #define HAVE_ARPA_NAMESER_H 1
| #define HAVE_ASM_TERMBITS_H 1
| #define HAVE_ASM_TYPES_H 1
| #define HAVE_ELF_H 1
| #define HAVE_LINK_H 1
| #define HAVE_LINUX_CDROM_H 1
| #define HAVE_LINUX_ERRQUEUE_H 1
| #define HAVE_LINUX_FILTER_H 1
| #define HAVE_LINUX_FS_H 1
| #define HAVE_LINUX_HDREG_H 1
| #define HAVE_LINUX_HIDRAW_H 1
| #define HAVE_LINUX_INPUT_H 1
| #define HAVE_LINUX_IOCTL_H 1
| #define HAVE_LINUX_MAJOR_H 1
| #define HAVE_LINUX_MEMFD_H 1
| #define HAVE_LINUX_PARAM_H 1
| #define HAVE_LINUX_SERIAL_H 1
| #define HAVE_LINUX_TYPES_H 1
| #define HAVE_LINUX_USERFAULTFD_H 1
| #define HAVE_LINUX_WIRELESS_H 1
| #define HAVE_MNTENT_H 1
| #define HAVE_NETDB_H 1
| #define HAVE_NETINET_IN_H 1
| #define HAVE_NETINET_IN_SYSTM_H 1
| #define HAVE_NETINET_TCP_H 1
| #define HAVE_PWD_H 1
| #define HAVE_SCHED_H 1
| #define HAVE_SCSI_SCSI_H 1
| #define HAVE_SCSI_SCSI_IOCTL_H 1
| #define HAVE_SCSI_SG_H 1
| #define HAVE_SYS_AUXV_H 1
| #define HAVE_SYS_EPOLL_H 1
| #define HAVE_SYS_IPC_H 1
| #define HAVE_SYS_MTIO_H 1
| #define HAVE_SYS_PARAM_H 1
| #define HAVE_SYS_PERSONALITY_H 1
| #define HAVE_SYS_PRCTL_H 1
| #define HAVE_SYS_PTRACE_H 1
| #define HAVE_SYS_QUEUE_H 1
| #define HAVE_SYS_RANDOM_H 1
| #define HAVE_SYS_RESOURCE_H 1
| #define HAVE_SYS_SHM_H 1
| #define HAVE_SYS_SIGNAL_H 1
| #define HAVE_SYS_SOCKETVAR_H 1
| #define HAVE_SYS_STATVFS_H 1
| #define HAVE_SYS_SYSCALL_H 1
| #define HAVE_SYS_SYSINFO_H 1
| #define HAVE_SYS_TIMES_H 1
| #define HAVE_SYS_UIO_H 1
| #define HAVE_SYS_USER_H 1
| #define HAVE_SYS_UTSNAME_H 1
| #define HAVE_SYS_XATTR_H 1
| #define HAVE_SYSCALL_H 1
| #define HAVE_UTIME_H 1
| #define HAVE_VALGRIND_MEMCHECK_H 1
| #define HAVE_VALGRIND_VALGRIND_H 1
| #define MAJOR_IN_SYSMACROS 1
| #define HAVE_SYS_MOUNT_H 1
| #define HAVE_SYS_STATFS_H 1
| #define HAVE_SYS_USER_H 1
| #define HAVE_SYS_VFS_H 1
| #define HAVE_NETINET_IP_H 1
| #define HAVE_NET_IF_H 1
| #define HAVE_NET_IF_ARP_H 1
| #define HAVE_NET_ROUTE_H 1
| #define HAVE_NETINET_IF_ETHER_H 1
| #define HAVE_NETINET_IP_ICMP_H 1
| #define HAVE_NETINET_UDP_H 1
| #define HAVE_NETIPX_IPX_H 1
| #define HAVE_SYS_UN_H 1
| #define HAVE_NETINET_ICMP6_H 1
| #define HAVE_LINUX_RTNETLINK_H 1
| #define HAVE_RESOLV_H 1
| #define HAVE_IFADDRS_H 1
| #define HAVE_SYS_UCONTEXT_H 1
| #define HAVE_LINUX_VIDEODEV2_H 1
| #define _GNU_SOURCE 1
| #define SONAME_LIBX11 "libX11.so.6"
| #define SONAME_LIBXEXT "libXext.so.6"
| #define HAVE_X11_EXTENSIONS_SHAPE_H 1
| #define HAVE_X11_EXTENSIONS_XINPUT2_H 1
| #define HAVE_X11_EXTENSIONS_XSHM_H 1
| #define HAVE_X11_EXTENSIONS_XFIXES_H 1
| #define HAVE_X11_EXTENSIONS_XRANDR_H 1
| #define HAVE_X11_EXTENSIONS_XRENDER_H 1
| #define HAVE_X11_EXTENSIONS_XF86VMPROTO_H 1
| #define SONAME_LIBXCURSOR "libXcursor.so.1"
| #define SONAME_LIBXI "libXi.so.6"
| #define HAVE_LIBXXSHM 1
| #define HAVE_LIBXSHAPE 1
| #define SONAME_LIBXRENDER "libXrender.so.1"
| #define HAVE_XRENDERSETPICTURETRANSFORM 1
| #define HAVE_XRENDERCREATELINEARGRADIENT 1
| #define SONAME_LIBXRANDR "libXrandr.so.2"
| #define HAVE_XRRGETPROVIDERRESOURCES 1
| #define SONAME_LIBXFIXES "libXfixes.so.3"
| #define HAVE_XICCALLBACK_CALLBACK 1
| #define HAVE_XEVENT_XCOOKIE 1
| #define HAVE_SYS_INOTIFY_H 1
| #define HAVE_RESOLV 1
| #define HAVE_FT2BUILD_H 1
| #define SONAME_LIBFREETYPE "libfreetype.so.6"
| #define SONAME_LIBFONTCONFIG "libfontconfig.so.1"
| #define SONAME_LIBODBC "libodbc.so"
| #define HAVE_WINE_PRELOADER 1
| #define HAVE_DLADDR1 1
| #define HAVE_DLINFO 1
| #define HAVE_EPOLL_CREATE 1
| #define HAVE_EPOLL_PWAIT2 1
| #define HAVE_FSTATFS 1
| #define HAVE_FUTIMENS 1
| #define HAVE_FUTIMES 1
| #define HAVE_FUTIMESAT 1
| #define HAVE_GETADDRINFO 1
| #define HAVE_GETAUXVAL 1
| #define HAVE_GETIFADDRS 1
| #define HAVE_GETRANDOM 1
| #define HAVE_MEMFD_CREATE 1
| #define HAVE_PIPE2 1
| #define HAVE_POSIX_FADVISE 1
| #define HAVE_POSIX_FALLOCATE 1
| #define HAVE_PRCTL 1
| #define HAVE_PROCESS_VM_READV 1
| #define HAVE_PROCESS_VM_WRITEV 1
| #define HAVE_SCHED_GETCPU 1
| #define HAVE_SCHED_YIELD 1
| #define HAVE_SIGPROCMASK 1
| #define HAVE_SYSINFO 1
| #define HAVE_TCDRAIN 1
| #define HAVE_CLOCK_GETTIME 1
| #define HAVE_SCHED_SETAFFINITY 1
| #define HAVE_LINUX_GETHOSTBYNAME_R_6 1
| #define HAVE_SG_IO_HDR_T_INTERFACE_ID 1
| #define HAVE_SIGINFO_T_SI_FD 1
| #define HAVE_STRUCT_MTGET_MT_GSTAT 1
| #define HAVE_STRUCT_MTGET_MT_BLKNO 1
| #define HAVE_STRUCT_STAT_ST_MTIM 1
| #define HAVE_STRUCT_STAT_ST_CTIM 1
| #define HAVE_STRUCT_STAT_ST_ATIM 1
| #define HAVE_STRUCT_SOCKADDR_IN6_SIN6_SCOPE_ID 1
| #define HAVE_STRUCT___RES_STATE__U__EXT_NSCOUNT6 1
| #define HAVE_STRUCT_IN6_PKTINFO_IPI6_ADDR 1
| /* end confdefs.h.  */
| #ifdef HAVE_NETINET_TCP_VAR_H
| #include <netinet/tcp_var.h>
| #endif
| 
| int
| main (void)
| {
| static struct tcp_stats ac_aggr;
| if (ac_aggr.tcps_connattempt)
| return 0;
|   ;
|   return 0;
| }
configure:21983: gcc -m64 -c -g -O2 -U_FORTIFY_SOURCE -D_FORTIFY_SOURCE=0  conftest.c >&5
conftest.c: In function 'main':
conftest.c:170:25: error: storage size of 'ac_aggr' isn't known
  170 | static struct tcp_stats ac_aggr;
      |                         ^~~~~~~
configure:21983: $? = 1
configure: failed program was:
| /* confdefs.h */
| #define PACKAGE_NAME "Wine"
| #define PACKAGE_TARNAME "wine"
| #define PACKAGE_VERSION "11.15"
| #define PACKAGE_STRING "Wine 11.15"
| #define PACKAGE_BUGREPORT "wine-devel@winehq.org"
| #define PACKAGE_URL "https://www.winehq.org"
| #define EXEEXT ""
| #define HAVE_STDIO_H 1
| #define HAVE_STDLIB_H 1
| #define HAVE_STRING_H 1
| #define HAVE_INTTYPES_H 1
| #define HAVE_STDINT_H 1
| #define HAVE_STRINGS_H 1
| #define HAVE_SYS_STAT_H 1
| #define HAVE_SYS_TYPES_H 1
| #define HAVE_UNISTD_H 1
| #define STDC_HEADERS 1
| #define HAVE_ARPA_INET_H 1
| #define HAVE_ARPA_NAMESER_H 1
| #define HAVE_ASM_TERMBITS_H 1
| #define HAVE_ASM_TYPES_H 1
| #define HAVE_ELF_H 1
| #define HAVE_LINK_H 1
| #define HAVE_LINUX_CDROM_H 1
| #define HAVE_LINUX_ERRQUEUE_H 1
| #define HAVE_LINUX_FILTER_H 1
| #define HAVE_LINUX_FS_H 1
| #define HAVE_LINUX_HDREG_H 1
| #define HAVE_LINUX_HIDRAW_H 1
| #define HAVE_LINUX_INPUT_H 1
| #define HAVE_LINUX_IOCTL_H 1
| #define HAVE_LINUX_MAJOR_H 1
| #define HAVE_LINUX_MEMFD_H 1
| #define HAVE_LINUX_PARAM_H 1
| #define HAVE_LINUX_SERIAL_H 1
| #define HAVE_LINUX_TYPES_H 1
| #define HAVE_LINUX_USERFAULTFD_H 1
| #define HAVE_LINUX_WIRELESS_H 1
| #define HAVE_MNTENT_H 1
| #define HAVE_NETDB_H 1
| #define HAVE_NETINET_IN_H 1
| #define HAVE_NETINET_IN_SYSTM_H 1
| #define HAVE_NETINET_TCP_H 1
| #define HAVE_PWD_H 1
| #define HAVE_SCHED_H 1
| #define HAVE_SCSI_SCSI_H 1
| #define HAVE_SCSI_SCSI_IOCTL_H 1
| #define HAVE_SCSI_SG_H 1
| #define HAVE_SYS_AUXV_H 1
| #define HAVE_SYS_EPOLL_H 1
| #define HAVE_SYS_IPC_H 1
| #define HAVE_SYS_MTIO_H 1
| #define HAVE_SYS_PARAM_H 1
| #define HAVE_SYS_PERSONALITY_H 1
| #define HAVE_SYS_PRCTL_H 1
| #define HAVE_SYS_PTRACE_H 1
| #define HAVE_SYS_QUEUE_H 1
| #define HAVE_SYS_RANDOM_H 1
| #define HAVE_SYS_RESOURCE_H 1
| #define HAVE_SYS_SHM_H 1
| #define HAVE_SYS_SIGNAL_H 1
| #define HAVE_SYS_SOCKETVAR_H 1
| #define HAVE_SYS_STATVFS_H 1
| #define HAVE_SYS_SYSCALL_H 1
| #define HAVE_SYS_SYSINFO_H 1
| #define HAVE_SYS_TIMES_H 1
| #define HAVE_SYS_UIO_H 1
| #define HAVE_SYS_USER_H 1
| #define HAVE_SYS_UTSNAME_H 1
| #define HAVE_SYS_XATTR_H 1
| #define HAVE_SYSCALL_H 1
| #define HAVE_UTIME_H 1
| #define HAVE_VALGRIND_MEMCHECK_H 1
| #define HAVE_VALGRIND_VALGRIND_H 1
| #define MAJOR_IN_SYSMACROS 1
| #define HAVE_SYS_MOUNT_H 1
| #define HAVE_SYS_STATFS_H 1
| #define HAVE_SYS_USER_H 1
| #define HAVE_SYS_VFS_H 1
| #define HAVE_NETINET_IP_H 1
| #define HAVE_NET_IF_H 1
| #define HAVE_NET_IF_ARP_H 1
| #define HAVE_NET_ROUTE_H 1
| #define HAVE_NETINET_IF_ETHER_H 1
| #define HAVE_NETINET_IP_ICMP_H 1
| #define HAVE_NETINET_UDP_H 1
| #define HAVE_NETIPX_IPX_H 1
| #define HAVE_SYS_UN_H 1
| #define HAVE_NETINET_ICMP6_H 1
| #define HAVE_LINUX_RTNETLINK_H 1
| #define HAVE_RESOLV_H 1
| #define HAVE_IFADDRS_H 1
| #define HAVE_SYS_UCONTEXT_H 1
| #define HAVE_LINUX_VIDEODEV2_H 1
| #define _GNU_SOURCE 1
| #define SONAME_LIBX11 "libX11.so.6"
| #define SONAME_LIBXEXT "libXext.so.6"
| #define HAVE_X11_EXTENSIONS_SHAPE_H 1
| #define HAVE_X11_EXTENSIONS_XINPUT2_H 1
| #define HAVE_X11_EXTENSIONS_XSHM_H 1
| #define HAVE_X11_EXTENSIONS_XFIXES_H 1
| #define HAVE_X11_EXTENSIONS_XRANDR_H 1
| #define HAVE_X11_EXTENSIONS_XRENDER_H 1
| #define HAVE_X11_EXTENSIONS_XF86VMPROTO_H 1
| #define SONAME_LIBXCURSOR "libXcursor.so.1"
| #define SONAME_LIBXI "libXi.so.6"
| #define HAVE_LIBXXSHM 1
| #define HAVE_LIBXSHAPE 1
| #define SONAME_LIBXRENDER "libXrender.so.1"
| #define HAVE_XRENDERSETPICTURETRANSFORM 1
| #define HAVE_XRENDERCREATELINEARGRADIENT 1
| #define SONAME_LIBXRANDR "libXrandr.so.2"
| #define HAVE_XRRGETPROVIDERRESOURCES 1
| #define SONAME_LIBXFIXES "libXfixes.so.3"
| #define HAVE_XICCALLBACK_CALLBACK 1
| #define HAVE_XEVENT_XCOOKIE 1
| #define HAVE_SYS_INOTIFY_H 1
| #define HAVE_RESOLV 1
| #define HAVE_FT2BUILD_H 1
| #define SONAME_LIBFREETYPE "libfreetype.so.6"
| #define SONAME_LIBFONTCONFIG "libfontconfig.so.1"
| #define SONAME_LIBODBC "libodbc.so"
| #define HAVE_WINE_PRELOADER 1
| #define HAVE_DLADDR1 1
| #define HAVE_DLINFO 1
| #define HAVE_EPOLL_CREATE 1
| #define HAVE_EPOLL_PWAIT2 1
| #define HAVE_FSTATFS 1
| #define HAVE_FUTIMENS 1
| #define HAVE_FUTIMES 1
| #define HAVE_FUTIMESAT 1
| #define HAVE_GETADDRINFO 1
| #define HAVE_GETAUXVAL 1
| #define HAVE_GETIFADDRS 1
| #define HAVE_GETRANDOM 1
| #define HAVE_MEMFD_CREATE 1
| #define HAVE_PIPE2 1
| #define HAVE_POSIX_FADVISE 1
| #define HAVE_POSIX_FALLOCATE 1
| #define HAVE_PRCTL 1
| #define HAVE_PROCESS_VM_READV 1
| #define HAVE_PROCESS_VM_WRITEV 1
| #define HAVE_SCHED_GETCPU 1
| #define HAVE_SCHED_YIELD 1
| #define HAVE_SIGPROCMASK 1
| #define HAVE_SYSINFO 1
| #define HAVE_TCDRAIN 1
| #define HAVE_CLOCK_GETTIME 1
| #define HAVE_SCHED_SETAFFINITY 1
| #define HAVE_LINUX_GETHOSTBYNAME_R_6 1
| #define HAVE_SG_IO_HDR_T_INTERFACE_ID 1
| #define HAVE_SIGINFO_T_SI_FD 1
| #define HAVE_STRUCT_MTGET_MT_GSTAT 1
| #define HAVE_STRUCT_MTGET_MT_BLKNO 1
| #define HAVE_STRUCT_STAT_ST_MTIM 1
| #define HAVE_STRUCT_STAT_ST_CTIM 1
| #define HAVE_STRUCT_STAT_ST_ATIM 1
| #define HAVE_STRUCT_SOCKADDR_IN6_SIN6_SCOPE_ID 1
| #define HAVE_STRUCT___RES_STATE__U__EXT_NSCOUNT6 1
| #define HAVE_STRUCT_IN6_PKTINFO_IPI6_ADDR 1
| /* end confdefs.h.  */
| #ifdef HAVE_NETINET_TCP_VAR_H
| #include <netinet/tcp_var.h>
| #endif
| 
| int
| main (void)
| {
| static struct tcp_stats ac_aggr;
| if (sizeof ac_aggr.tcps_connattempt)
| return 0;
|   ;
|   return 0;
| }
configure:21983: result: no
configure:21996: checking for struct udpstat.udps_ipackets
configure:21996: gcc -m64 -c -g -O2 -U_FORTIFY_SOURCE -D_FORTIFY_SOURCE=0  conftest.c >&5
conftest.c: In function 'main':
conftest.c:180:23: error: storage size of 'ac_aggr' isn't known
  180 | static struct udpstat ac_aggr;
      |                       ^~~~~~~
configure:21996: $? = 1
configure: failed program was:
| /* confdefs.h */
| #define PACKAGE_NAME "Wine"
| #define PACKAGE_TARNAME "wine"
| #define PACKAGE_VERSION "11.15"
| #define PACKAGE_STRING "Wine 11.15"
| #define PACKAGE_BUGREPORT "wine-devel@winehq.org"
| #define PACKAGE_URL "https://www.winehq.org"
| #define EXEEXT ""
| #define HAVE_STDIO_H 1
| #define HAVE_STDLIB_H 1
| #define HAVE_STRING_H 1
| #define HAVE_INTTYPES_H 1
| #define HAVE_STDINT_H 1
| #define HAVE_STRINGS_H 1
| #define HAVE_SYS_STAT_H 1
| #define HAVE_SYS_TYPES_H 1
| #define HAVE_UNISTD_H 1
| #define STDC_HEADERS 1
| #define HAVE_ARPA_INET_H 1
| #define HAVE_ARPA_NAMESER_H 1
| #define HAVE_ASM_TERMBITS_H 1
| #define HAVE_ASM_TYPES_H 1
| #define HAVE_ELF_H 1
| #define HAVE_LINK_H 1
| #define HAVE_LINUX_CDROM_H 1
| #define HAVE_LINUX_ERRQUEUE_H 1
| #define HAVE_LINUX_FILTER_H 1
| #define HAVE_LINUX_FS_H 1
| #define HAVE_LINUX_HDREG_H 1
| #define HAVE_LINUX_HIDRAW_H 1
| #define HAVE_LINUX_INPUT_H 1
| #define HAVE_LINUX_IOCTL_H 1
| #define HAVE_LINUX_MAJOR_H 1
| #define HAVE_LINUX_MEMFD_H 1
| #define HAVE_LINUX_PARAM_H 1
| #define HAVE_LINUX_SERIAL_H 1
| #define HAVE_LINUX_TYPES_H 1
| #define HAVE_LINUX_USERFAULTFD_H 1
| #define HAVE_LINUX_WIRELESS_H 1
| #define HAVE_MNTENT_H 1
| #define HAVE_NETDB_H 1
| #define HAVE_NETINET_IN_H 1
| #define HAVE_NETINET_IN_SYSTM_H 1
| #define HAVE_NETINET_TCP_H 1
| #define HAVE_PWD_H 1
| #define HAVE_SCHED_H 1
| #define HAVE_SCSI_SCSI_H 1
| #define HAVE_SCSI_SCSI_IOCTL_H 1
| #define HAVE_SCSI_SG_H 1
| #define HAVE_SYS_AUXV_H 1
| #define HAVE_SYS_EPOLL_H 1
| #define HAVE_SYS_IPC_H 1
| #define HAVE_SYS_MTIO_H 1
| #define HAVE_SYS_PARAM_H 1
| #define HAVE_SYS_PERSONALITY_H 1
| #define HAVE_SYS_PRCTL_H 1
| #define HAVE_SYS_PTRACE_H 1
| #define HAVE_SYS_QUEUE_H 1
| #define HAVE_SYS_RANDOM_H 1
| #define HAVE_SYS_RESOURCE_H 1
| #define HAVE_SYS_SHM_H 1
| #define HAVE_SYS_SIGNAL_H 1
| #define HAVE_SYS_SOCKETVAR_H 1
| #define HAVE_SYS_STATVFS_H 1
| #define HAVE_SYS_SYSCALL_H 1
| #define HAVE_SYS_SYSINFO_H 1
| #define HAVE_SYS_TIMES_H 1
| #define HAVE_SYS_UIO_H 1
| #define HAVE_SYS_USER_H 1
| #define HAVE_SYS_UTSNAME_H 1
| #define HAVE_SYS_XATTR_H 1
| #define HAVE_SYSCALL_H 1
| #define HAVE_UTIME_H 1
| #define HAVE_VALGRIND_MEMCHECK_H 1
| #define HAVE_VALGRIND_VALGRIND_H 1
| #define MAJOR_IN_SYSMACROS 1
| #define HAVE_SYS_MOUNT_H 1
| #define HAVE_SYS_STATFS_H 1
| #define HAVE_SYS_USER_H 1
| #define HAVE_SYS_VFS_H 1
| #define HAVE_NETINET_IP_H 1
| #define HAVE_NET_IF_H 1
| #define HAVE_NET_IF_ARP_H 1
| #define HAVE_NET_ROUTE_H 1
| #define HAVE_NETINET_IF_ETHER_H 1
| #define HAVE_NETINET_IP_ICMP_H 1
| #define HAVE_NETINET_UDP_H 1
| #define HAVE_NETIPX_IPX_H 1
| #define HAVE_SYS_UN_H 1
| #define HAVE_NETINET_ICMP6_H 1
| #define HAVE_LINUX_RTNETLINK_H 1
| #define HAVE_RESOLV_H 1
| #define HAVE_IFADDRS_H 1
| #define HAVE_SYS_UCONTEXT_H 1
| #define HAVE_LINUX_VIDEODEV2_H 1
| #define _GNU_SOURCE 1
| #define SONAME_LIBX11 "libX11.so.6"
| #define SONAME_LIBXEXT "libXext.so.6"
| #define HAVE_X11_EXTENSIONS_SHAPE_H 1
| #define HAVE_X11_EXTENSIONS_XINPUT2_H 1
| #define HAVE_X11_EXTENSIONS_XSHM_H 1
| #define HAVE_X11_EXTENSIONS_XFIXES_H 1
| #define HAVE_X11_EXTENSIONS_XRANDR_H 1
| #define HAVE_X11_EXTENSIONS_XRENDER_H 1
| #define HAVE_X11_EXTENSIONS_XF86VMPROTO_H 1
| #define SONAME_LIBXCURSOR "libXcursor.so.1"
| #define SONAME_LIBXI "libXi.so.6"
| #define HAVE_LIBXXSHM 1
| #define HAVE_LIBXSHAPE 1
| #define SONAME_LIBXRENDER "libXrender.so.1"
| #define HAVE_XRENDERSETPICTURETRANSFORM 1
| #define HAVE_XRENDERCREATELINEARGRADIENT 1
| #define SONAME_LIBXRANDR "libXrandr.so.2"
| #define HAVE_XRRGETPROVIDERRESOURCES 1
| #define SONAME_LIBXFIXES "libXfixes.so.3"
| #define HAVE_XICCALLBACK_CALLBACK 1
| #define HAVE_XEVENT_XCOOKIE 1
| #define HAVE_SYS_INOTIFY_H 1
| #define HAVE_RESOLV 1
| #define HAVE_FT2BUILD_H 1
| #define SONAME_LIBFREETYPE "libfreetype.so.6"
| #define SONAME_LIBFONTCONFIG "libfontconfig.so.1"
| #define SONAME_LIBODBC "libodbc.so"
| #define HAVE_WINE_PRELOADER 1
| #define HAVE_DLADDR1 1
| #define HAVE_DLINFO 1
| #define HAVE_EPOLL_CREATE 1
| #define HAVE_EPOLL_PWAIT2 1
| #define HAVE_FSTATFS 1
| #define HAVE_FUTIMENS 1
| #define HAVE_FUTIMES 1
| #define HAVE_FUTIMESAT 1
| #define HAVE_GETADDRINFO 1
| #define HAVE_GETAUXVAL 1
| #define HAVE_GETIFADDRS 1
| #define HAVE_GETRANDOM 1
| #define HAVE_MEMFD_CREATE 1
| #define HAVE_PIPE2 1
| #define HAVE_POSIX_FADVISE 1
| #define HAVE_POSIX_FALLOCATE 1
| #define HAVE_PRCTL 1
| #define HAVE_PROCESS_VM_READV 1
| #define HAVE_PROCESS_VM_WRITEV 1
| #define HAVE_SCHED_GETCPU 1
| #define HAVE_SCHED_YIELD 1
| #define HAVE_SIGPROCMASK 1
| #define HAVE_SYSINFO 1
| #define HAVE_TCDRAIN 1
| #define HAVE_CLOCK_GETTIME 1
| #define HAVE_SCHED_SETAFFINITY 1
| #define HAVE_LINUX_GETHOSTBYNAME_R_6 1
| #define HAVE_SG_IO_HDR_T_INTERFACE_ID 1
| #define HAVE_SIGINFO_T_SI_FD 1
| #define HAVE_STRUCT_MTGET_MT_GSTAT 1
| #define HAVE_STRUCT_MTGET_MT_BLKNO 1
| #define HAVE_STRUCT_STAT_ST_MTIM 1
| #define HAVE_STRUCT_STAT_ST_CTIM 1
| #define HAVE_STRUCT_STAT_ST_ATIM 1
| #define HAVE_STRUCT_SOCKADDR_IN6_SIN6_SCOPE_ID 1
| #define HAVE_STRUCT___RES_STATE__U__EXT_NSCOUNT6 1
| #define HAVE_STRUCT_IN6_PKTINFO_IPI6_ADDR 1
| /* end confdefs.h.  */
| #include <sys/types.h>
| #ifdef HAVE_NETINET_IN_H
| #include <netinet/in.h>
| #endif
| #ifdef HAVE_NETINET_IP_VAR_H
| #include <netinet/ip_var.h>
| #endif
| #ifdef HAVE_NETINET_UDP_H
| #include <netinet/udp.h>
| #endif
| #ifdef HAVE_NETINET_UDP_VAR_H
| #include <netinet/udp_var.h>
| #endif
| 
| int
| main (void)
| {
| static struct udpstat ac_aggr;
| if (ac_aggr.udps_ipackets)
| return 0;
|   ;
|   return 0;
| }
configure:21996: gcc -m64 -c -g -O2 -U_FORTIFY_SOURCE -D_FORTIFY_SOURCE=0  conftest.c >&5
conftest.c: In function 'main':
conftest.c:180:23: error: storage size of 'ac_aggr' isn't known
  180 | static struct udpstat ac_aggr;
      |                       ^~~~~~~
configure:21996: $? = 1
configure: failed program was:
| /* confdefs.h */
| #define PACKAGE_NAME "Wine"
| #define PACKAGE_TARNAME "wine"
| #define PACKAGE_VERSION "11.15"
| #define PACKAGE_STRING "Wine 11.15"
| #define PACKAGE_BUGREPORT "wine-devel@winehq.org"
| #define PACKAGE_URL "https://www.winehq.org"
| #define EXEEXT ""
| #define HAVE_STDIO_H 1
| #define HAVE_STDLIB_H 1
| #define HAVE_STRING_H 1
| #define HAVE_INTTYPES_H 1
| #define HAVE_STDINT_H 1
| #define HAVE_STRINGS_H 1
| #define HAVE_SYS_STAT_H 1
| #define HAVE_SYS_TYPES_H 1
| #define HAVE_UNISTD_H 1
| #define STDC_HEADERS 1
| #define HAVE_ARPA_INET_H 1
| #define HAVE_ARPA_NAMESER_H 1
| #define HAVE_ASM_TERMBITS_H 1
| #define HAVE_ASM_TYPES_H 1
| #define HAVE_ELF_H 1
| #define HAVE_LINK_H 1
| #define HAVE_LINUX_CDROM_H 1
| #define HAVE_LINUX_ERRQUEUE_H 1
| #define HAVE_LINUX_FILTER_H 1
| #define HAVE_LINUX_FS_H 1
| #define HAVE_LINUX_HDREG_H 1
| #define HAVE_LINUX_HIDRAW_H 1
| #define HAVE_LINUX_INPUT_H 1
| #define HAVE_LINUX_IOCTL_H 1
| #define HAVE_LINUX_MAJOR_H 1
| #define HAVE_LINUX_MEMFD_H 1
| #define HAVE_LINUX_PARAM_H 1
| #define HAVE_LINUX_SERIAL_H 1
| #define HAVE_LINUX_TYPES_H 1
| #define HAVE_LINUX_USERFAULTFD_H 1
| #define HAVE_LINUX_WIRELESS_H 1
| #define HAVE_MNTENT_H 1
| #define HAVE_NETDB_H 1
| #define HAVE_NETINET_IN_H 1
| #define HAVE_NETINET_IN_SYSTM_H 1
| #define HAVE_NETINET_TCP_H 1
| #define HAVE_PWD_H 1
| #define HAVE_SCHED_H 1
| #define HAVE_SCSI_SCSI_H 1
| #define HAVE_SCSI_SCSI_IOCTL_H 1
| #define HAVE_SCSI_SG_H 1
| #define HAVE_SYS_AUXV_H 1
| #define HAVE_SYS_EPOLL_H 1
| #define HAVE_SYS_IPC_H 1
| #define HAVE_SYS_MTIO_H 1
| #define HAVE_SYS_PARAM_H 1
| #define HAVE_SYS_PERSONALITY_H 1
| #define HAVE_SYS_PRCTL_H 1
| #define HAVE_SYS_PTRACE_H 1
| #define HAVE_SYS_QUEUE_H 1
| #define HAVE_SYS_RANDOM_H 1
| #define HAVE_SYS_RESOURCE_H 1
| #define HAVE_SYS_SHM_H 1
| #define HAVE_SYS_SIGNAL_H 1
| #define HAVE_SYS_SOCKETVAR_H 1
| #define HAVE_SYS_STATVFS_H 1
| #define HAVE_SYS_SYSCALL_H 1
| #define HAVE_SYS_SYSINFO_H 1
| #define HAVE_SYS_TIMES_H 1
| #define HAVE_SYS_UIO_H 1
| #define HAVE_SYS_USER_H 1
| #define HAVE_SYS_UTSNAME_H 1
| #define HAVE_SYS_XATTR_H 1
| #define HAVE_SYSCALL_H 1
| #define HAVE_UTIME_H 1
| #define HAVE_VALGRIND_MEMCHECK_H 1
| #define HAVE_VALGRIND_VALGRIND_H 1
| #define MAJOR_IN_SYSMACROS 1
| #define HAVE_SYS_MOUNT_H 1
| #define HAVE_SYS_STATFS_H 1
| #define HAVE_SYS_USER_H 1
| #define HAVE_SYS_VFS_H 1
| #define HAVE_NETINET_IP_H 1
| #define HAVE_NET_IF_H 1
| #define HAVE_NET_IF_ARP_H 1
| #define HAVE_NET_ROUTE_H 1
| #define HAVE_NETINET_IF_ETHER_H 1
| #define HAVE_NETINET_IP_ICMP_H 1
| #define HAVE_NETINET_UDP_H 1
| #define HAVE_NETIPX_IPX_H 1
| #define HAVE_SYS_UN_H 1
| #define HAVE_NETINET_ICMP6_H 1
| #define HAVE_LINUX_RTNETLINK_H 1
| #define HAVE_RESOLV_H 1
| #define HAVE_IFADDRS_H 1
| #define HAVE_SYS_UCONTEXT_H 1
| #define HAVE_LINUX_VIDEODEV2_H 1
| #define _GNU_SOURCE 1
| #define SONAME_LIBX11 "libX11.so.6"
| #define SONAME_LIBXEXT "libXext.so.6"
| #define HAVE_X11_EXTENSIONS_SHAPE_H 1
| #define HAVE_X11_EXTENSIONS_XINPUT2_H 1
| #define HAVE_X11_EXTENSIONS_XSHM_H 1
| #define HAVE_X11_EXTENSIONS_XFIXES_H 1
| #define HAVE_X11_EXTENSIONS_XRANDR_H 1
| #define HAVE_X11_EXTENSIONS_XRENDER_H 1
| #define HAVE_X11_EXTENSIONS_XF86VMPROTO_H 1
| #define SONAME_LIBXCURSOR "libXcursor.so.1"
| #define SONAME_LIBXI "libXi.so.6"
| #define HAVE_LIBXXSHM 1
| #define HAVE_LIBXSHAPE 1
| #define SONAME_LIBXRENDER "libXrender.so.1"
| #define HAVE_XRENDERSETPICTURETRANSFORM 1
| #define HAVE_XRENDERCREATELINEARGRADIENT 1
| #define SONAME_LIBXRANDR "libXrandr.so.2"
| #define HAVE_XRRGETPROVIDERRESOURCES 1
| #define SONAME_LIBXFIXES "libXfixes.so.3"
| #define HAVE_XICCALLBACK_CALLBACK 1
| #define HAVE_XEVENT_XCOOKIE 1
| #define HAVE_SYS_INOTIFY_H 1
| #define HAVE_RESOLV 1
| #define HAVE_FT2BUILD_H 1
| #define SONAME_LIBFREETYPE "libfreetype.so.6"
| #define SONAME_LIBFONTCONFIG "libfontconfig.so.1"
| #define SONAME_LIBODBC "libodbc.so"
| #define HAVE_WINE_PRELOADER 1
| #define HAVE_DLADDR1 1
| #define HAVE_DLINFO 1
| #define HAVE_EPOLL_CREATE 1
| #define HAVE_EPOLL_PWAIT2 1
| #define HAVE_FSTATFS 1
| #define HAVE_FUTIMENS 1
| #define HAVE_FUTIMES 1
| #define HAVE_FUTIMESAT 1
| #define HAVE_GETADDRINFO 1
| #define HAVE_GETAUXVAL 1
| #define HAVE_GETIFADDRS 1
| #define HAVE_GETRANDOM 1
| #define HAVE_MEMFD_CREATE 1
| #define HAVE_PIPE2 1
| #define HAVE_POSIX_FADVISE 1
| #define HAVE_POSIX_FALLOCATE 1
| #define HAVE_PRCTL 1
| #define HAVE_PROCESS_VM_READV 1
| #define HAVE_PROCESS_VM_WRITEV 1
| #define HAVE_SCHED_GETCPU 1
| #define HAVE_SCHED_YIELD 1
| #define HAVE_SIGPROCMASK 1
| #define HAVE_SYSINFO 1
| #define HAVE_TCDRAIN 1
| #define HAVE_CLOCK_GETTIME 1
| #define HAVE_SCHED_SETAFFINITY 1
| #define HAVE_LINUX_GETHOSTBYNAME_R_6 1
| #define HAVE_SG_IO_HDR_T_INTERFACE_ID 1
| #define HAVE_SIGINFO_T_SI_FD 1
| #define HAVE_STRUCT_MTGET_MT_GSTAT 1
| #define HAVE_STRUCT_MTGET_MT_BLKNO 1
| #define HAVE_STRUCT_STAT_ST_MTIM 1
| #define HAVE_STRUCT_STAT_ST_CTIM 1
| #define HAVE_STRUCT_STAT_ST_ATIM 1
| #define HAVE_STRUCT_SOCKADDR_IN6_SIN6_SCOPE_ID 1
| #define HAVE_STRUCT___RES_STATE__U__EXT_NSCOUNT6 1
| #define HAVE_STRUCT_IN6_PKTINFO_IPI6_ADDR 1
| /* end confdefs.h.  */
| #include <sys/types.h>
| #ifdef HAVE_NETINET_IN_H
| #include <netinet/in.h>
| #endif
| #ifdef HAVE_NETINET_IP_VAR_H
| #include <netinet/ip_var.h>
| #endif
| #ifdef HAVE_NETINET_UDP_H
| #include <netinet/udp.h>
| #endif
| #ifdef HAVE_NETINET_UDP_VAR_H
| #include <netinet/udp_var.h>
| #endif
| 
| int
| main (void)
| {
| static struct udpstat ac_aggr;
| if (sizeof ac_aggr.udps_ipackets)
| return 0;
|   ;
|   return 0;
| }
configure:21996: result: no
configure:22019: checking for struct ifreq.ifr_hwaddr
configure:22019: gcc -m64 -c -g -O2 -U_FORTIFY_SOURCE -D_FORTIFY_SOURCE=0  conftest.c >&5
conftest.c: In function 'main':
conftest.c:172:5: error: used struct type value where scalar is required
  172 | if (ac_aggr.ifr_hwaddr)
      |     ^~~~~~~
configure:22019: $? = 1
configure: failed program was:
| /* confdefs.h */
| #define PACKAGE_NAME "Wine"
| #define PACKAGE_TARNAME "wine"
| #define PACKAGE_VERSION "11.15"
| #define PACKAGE_STRING "Wine 11.15"
| #define PACKAGE_BUGREPORT "wine-devel@winehq.org"
| #define PACKAGE_URL "https://www.winehq.org"
| #define EXEEXT ""
| #define HAVE_STDIO_H 1
| #define HAVE_STDLIB_H 1
| #define HAVE_STRING_H 1
| #define HAVE_INTTYPES_H 1
| #define HAVE_STDINT_H 1
| #define HAVE_STRINGS_H 1
| #define HAVE_SYS_STAT_H 1
| #define HAVE_SYS_TYPES_H 1
| #define HAVE_UNISTD_H 1
| #define STDC_HEADERS 1
| #define HAVE_ARPA_INET_H 1
| #define HAVE_ARPA_NAMESER_H 1
| #define HAVE_ASM_TERMBITS_H 1
| #define HAVE_ASM_TYPES_H 1
| #define HAVE_ELF_H 1
| #define HAVE_LINK_H 1
| #define HAVE_LINUX_CDROM_H 1
| #define HAVE_LINUX_ERRQUEUE_H 1
| #define HAVE_LINUX_FILTER_H 1
| #define HAVE_LINUX_FS_H 1
| #define HAVE_LINUX_HDREG_H 1
| #define HAVE_LINUX_HIDRAW_H 1
| #define HAVE_LINUX_INPUT_H 1
| #define HAVE_LINUX_IOCTL_H 1
| #define HAVE_LINUX_MAJOR_H 1
| #define HAVE_LINUX_MEMFD_H 1
| #define HAVE_LINUX_PARAM_H 1
| #define HAVE_LINUX_SERIAL_H 1
| #define HAVE_LINUX_TYPES_H 1
| #define HAVE_LINUX_USERFAULTFD_H 1
| #define HAVE_LINUX_WIRELESS_H 1
| #define HAVE_MNTENT_H 1
| #define HAVE_NETDB_H 1
| #define HAVE_NETINET_IN_H 1
| #define HAVE_NETINET_IN_SYSTM_H 1
| #define HAVE_NETINET_TCP_H 1
| #define HAVE_PWD_H 1
| #define HAVE_SCHED_H 1
| #define HAVE_SCSI_SCSI_H 1
| #define HAVE_SCSI_SCSI_IOCTL_H 1
| #define HAVE_SCSI_SG_H 1
| #define HAVE_SYS_AUXV_H 1
| #define HAVE_SYS_EPOLL_H 1
| #define HAVE_SYS_IPC_H 1
| #define HAVE_SYS_MTIO_H 1
| #define HAVE_SYS_PARAM_H 1
| #define HAVE_SYS_PERSONALITY_H 1
| #define HAVE_SYS_PRCTL_H 1
| #define HAVE_SYS_PTRACE_H 1
| #define HAVE_SYS_QUEUE_H 1
| #define HAVE_SYS_RANDOM_H 1
| #define HAVE_SYS_RESOURCE_H 1
| #define HAVE_SYS_SHM_H 1
| #define HAVE_SYS_SIGNAL_H 1
| #define HAVE_SYS_SOCKETVAR_H 1
| #define HAVE_SYS_STATVFS_H 1
| #define HAVE_SYS_SYSCALL_H 1
| #define HAVE_SYS_SYSINFO_H 1
| #define HAVE_SYS_TIMES_H 1
| #define HAVE_SYS_UIO_H 1
| #define HAVE_SYS_USER_H 1
| #define HAVE_SYS_UTSNAME_H 1
| #define HAVE_SYS_XATTR_H 1
| #define HAVE_SYSCALL_H 1
| #define HAVE_UTIME_H 1
| #define HAVE_VALGRIND_MEMCHECK_H 1
| #define HAVE_VALGRIND_VALGRIND_H 1
| #define MAJOR_IN_SYSMACROS 1
| #define HAVE_SYS_MOUNT_H 1
| #define HAVE_SYS_STATFS_H 1
| #define HAVE_SYS_USER_H 1
| #define HAVE_SYS_VFS_H 1
| #define HAVE_NETINET_IP_H 1
| #define HAVE_NET_IF_H 1
| #define HAVE_NET_IF_ARP_H 1
| #define HAVE_NET_ROUTE_H 1
| #define HAVE_NETINET_IF_ETHER_H 1
| #define HAVE_NETINET_IP_ICMP_H 1
| #define HAVE_NETINET_UDP_H 1
| #define HAVE_NETIPX_IPX_H 1
| #define HAVE_SYS_UN_H 1
| #define HAVE_NETINET_ICMP6_H 1
| #define HAVE_LINUX_RTNETLINK_H 1
| #define HAVE_RESOLV_H 1
| #define HAVE_IFADDRS_H 1
| #define HAVE_SYS_UCONTEXT_H 1
| #define HAVE_LINUX_VIDEODEV2_H 1
| #define _GNU_SOURCE 1
| #define SONAME_LIBX11 "libX11.so.6"
| #define SONAME_LIBXEXT "libXext.so.6"
| #define HAVE_X11_EXTENSIONS_SHAPE_H 1
| #define HAVE_X11_EXTENSIONS_XINPUT2_H 1
| #define HAVE_X11_EXTENSIONS_XSHM_H 1
| #define HAVE_X11_EXTENSIONS_XFIXES_H 1
| #define HAVE_X11_EXTENSIONS_XRANDR_H 1
| #define HAVE_X11_EXTENSIONS_XRENDER_H 1
| #define HAVE_X11_EXTENSIONS_XF86VMPROTO_H 1
| #define SONAME_LIBXCURSOR "libXcursor.so.1"
| #define SONAME_LIBXI "libXi.so.6"
| #define HAVE_LIBXXSHM 1
| #define HAVE_LIBXSHAPE 1
| #define SONAME_LIBXRENDER "libXrender.so.1"
| #define HAVE_XRENDERSETPICTURETRANSFORM 1
| #define HAVE_XRENDERCREATELINEARGRADIENT 1
| #define SONAME_LIBXRANDR "libXrandr.so.2"
| #define HAVE_XRRGETPROVIDERRESOURCES 1
| #define SONAME_LIBXFIXES "libXfixes.so.3"
| #define HAVE_XICCALLBACK_CALLBACK 1
| #define HAVE_XEVENT_XCOOKIE 1
| #define HAVE_SYS_INOTIFY_H 1
| #define HAVE_RESOLV 1
| #define HAVE_FT2BUILD_H 1
| #define SONAME_LIBFREETYPE "libfreetype.so.6"
| #define SONAME_LIBFONTCONFIG "libfontconfig.so.1"
| #define SONAME_LIBODBC "libodbc.so"
| #define HAVE_WINE_PRELOADER 1
| #define HAVE_DLADDR1 1
| #define HAVE_DLINFO 1
| #define HAVE_EPOLL_CREATE 1
| #define HAVE_EPOLL_PWAIT2 1
| #define HAVE_FSTATFS 1
| #define HAVE_FUTIMENS 1
| #define HAVE_FUTIMES 1
| #define HAVE_FUTIMESAT 1
| #define HAVE_GETADDRINFO 1
| #define HAVE_GETAUXVAL 1
| #define HAVE_GETIFADDRS 1
| #define HAVE_GETRANDOM 1
| #define HAVE_MEMFD_CREATE 1
| #define HAVE_PIPE2 1
| #define HAVE_POSIX_FADVISE 1
| #define HAVE_POSIX_FALLOCATE 1
| #define HAVE_PRCTL 1
| #define HAVE_PROCESS_VM_READV 1
| #define HAVE_PROCESS_VM_WRITEV 1
| #define HAVE_SCHED_GETCPU 1
| #define HAVE_SCHED_YIELD 1
| #define HAVE_SIGPROCMASK 1
| #define HAVE_SYSINFO 1
| #define HAVE_TCDRAIN 1
| #define HAVE_CLOCK_GETTIME 1
| #define HAVE_SCHED_SETAFFINITY 1
| #define HAVE_LINUX_GETHOSTBYNAME_R_6 1
| #define HAVE_SG_IO_HDR_T_INTERFACE_ID 1
| #define HAVE_SIGINFO_T_SI_FD 1
| #define HAVE_STRUCT_MTGET_MT_GSTAT 1
| #define HAVE_STRUCT_MTGET_MT_BLKNO 1
| #define HAVE_STRUCT_STAT_ST_MTIM 1
| #define HAVE_STRUCT_STAT_ST_CTIM 1
| #define HAVE_STRUCT_STAT_ST_ATIM 1
| #define HAVE_STRUCT_SOCKADDR_IN6_SIN6_SCOPE_ID 1
| #define HAVE_STRUCT___RES_STATE__U__EXT_NSCOUNT6 1
| #define HAVE_STRUCT_IN6_PKTINFO_IPI6_ADDR 1
| /* end confdefs.h.  */
| #include <sys/types.h>
| #ifdef HAVE_NET_IF_H
| # include <net/if.h>
| #endif
| 
| int
| main (void)
| {
| static struct ifreq ac_aggr;
| if (ac_aggr.ifr_hwaddr)
| return 0;
|   ;
|   return 0;
| }
configure:22019: gcc -m64 -c -g -O2 -U_FORTIFY_SOURCE -D_FORTIFY_SOURCE=0  conftest.c >&5
configure:22019: $? = 0
configure:22019: result: yes
configure:22033: checking for struct sysinfo.totalram
configure:22033: gcc -m64 -c -g -O2 -U_FORTIFY_SOURCE -D_FORTIFY_SOURCE=0  conftest.c >&5
configure:22033: $? = 0
configure:22033: result: yes
configure:22044: checking for struct sysinfo.mem_unit
configure:22044: gcc -m64 -c -g -O2 -U_FORTIFY_SOURCE -D_FORTIFY_SOURCE=0  conftest.c >&5
configure:22044: $? = 0
configure:22044: result: yes
configure:22057: checking for __builtin_popcount
configure:22074: gcc -m64 -o conftest -g -O2 -U_FORTIFY_SOURCE -D_FORTIFY_SOURCE=0   conftest.c  >&5
configure:22074: $? = 0
configure:22085: result: yes
configure:22094: checking for __clear_cache
configure:22111: gcc -m64 -o conftest -g -O2 -U_FORTIFY_SOURCE -D_FORTIFY_SOURCE=0   conftest.c  >&5
configure:22111: $? = 0
configure:22122: result: yes
configure:22168: checking whether we need to define __x86_64__
configure:22187: gcc -m64 -c -g -O2 -U_FORTIFY_SOURCE -D_FORTIFY_SOURCE=0  conftest.c >&5
conftest.c:169:2: error: #error no
  169 | #error no
      |  ^~~~~
configure:22187: $? = 1
configure: failed program was:
| /* confdefs.h */
| #define PACKAGE_NAME "Wine"
| #define PACKAGE_TARNAME "wine"
| #define PACKAGE_VERSION "11.15"
| #define PACKAGE_STRING "Wine 11.15"
| #define PACKAGE_BUGREPORT "wine-devel@winehq.org"
| #define PACKAGE_URL "https://www.winehq.org"
| #define EXEEXT ""
| #define HAVE_STDIO_H 1
| #define HAVE_STDLIB_H 1
| #define HAVE_STRING_H 1
| #define HAVE_INTTYPES_H 1
| #define HAVE_STDINT_H 1
| #define HAVE_STRINGS_H 1
| #define HAVE_SYS_STAT_H 1
| #define HAVE_SYS_TYPES_H 1
| #define HAVE_UNISTD_H 1
| #define STDC_HEADERS 1
| #define HAVE_ARPA_INET_H 1
| #define HAVE_ARPA_NAMESER_H 1
| #define HAVE_ASM_TERMBITS_H 1
| #define HAVE_ASM_TYPES_H 1
| #define HAVE_ELF_H 1
| #define HAVE_LINK_H 1
| #define HAVE_LINUX_CDROM_H 1
| #define HAVE_LINUX_ERRQUEUE_H 1
| #define HAVE_LINUX_FILTER_H 1
| #define HAVE_LINUX_FS_H 1
| #define HAVE_LINUX_HDREG_H 1
| #define HAVE_LINUX_HIDRAW_H 1
| #define HAVE_LINUX_INPUT_H 1
| #define HAVE_LINUX_IOCTL_H 1
| #define HAVE_LINUX_MAJOR_H 1
| #define HAVE_LINUX_MEMFD_H 1
| #define HAVE_LINUX_PARAM_H 1
| #define HAVE_LINUX_SERIAL_H 1
| #define HAVE_LINUX_TYPES_H 1
| #define HAVE_LINUX_USERFAULTFD_H 1
| #define HAVE_LINUX_WIRELESS_H 1
| #define HAVE_MNTENT_H 1
| #define HAVE_NETDB_H 1
| #define HAVE_NETINET_IN_H 1
| #define HAVE_NETINET_IN_SYSTM_H 1
| #define HAVE_NETINET_TCP_H 1
| #define HAVE_PWD_H 1
| #define HAVE_SCHED_H 1
| #define HAVE_SCSI_SCSI_H 1
| #define HAVE_SCSI_SCSI_IOCTL_H 1
| #define HAVE_SCSI_SG_H 1
| #define HAVE_SYS_AUXV_H 1
| #define HAVE_SYS_EPOLL_H 1
| #define HAVE_SYS_IPC_H 1
| #define HAVE_SYS_MTIO_H 1
| #define HAVE_SYS_PARAM_H 1
| #define HAVE_SYS_PERSONALITY_H 1
| #define HAVE_SYS_PRCTL_H 1
| #define HAVE_SYS_PTRACE_H 1
| #define HAVE_SYS_QUEUE_H 1
| #define HAVE_SYS_RANDOM_H 1
| #define HAVE_SYS_RESOURCE_H 1
| #define HAVE_SYS_SHM_H 1
| #define HAVE_SYS_SIGNAL_H 1
| #define HAVE_SYS_SOCKETVAR_H 1
| #define HAVE_SYS_STATVFS_H 1
| #define HAVE_SYS_SYSCALL_H 1
| #define HAVE_SYS_SYSINFO_H 1
| #define HAVE_SYS_TIMES_H 1
| #define HAVE_SYS_UIO_H 1
| #define HAVE_SYS_USER_H 1
| #define HAVE_SYS_UTSNAME_H 1
| #define HAVE_SYS_XATTR_H 1
| #define HAVE_SYSCALL_H 1
| #define HAVE_UTIME_H 1
| #define HAVE_VALGRIND_MEMCHECK_H 1
| #define HAVE_VALGRIND_VALGRIND_H 1
| #define MAJOR_IN_SYSMACROS 1
| #define HAVE_SYS_MOUNT_H 1
| #define HAVE_SYS_STATFS_H 1
| #define HAVE_SYS_USER_H 1
| #define HAVE_SYS_VFS_H 1
| #define HAVE_NETINET_IP_H 1
| #define HAVE_NET_IF_H 1
| #define HAVE_NET_IF_ARP_H 1
| #define HAVE_NET_ROUTE_H 1
| #define HAVE_NETINET_IF_ETHER_H 1
| #define HAVE_NETINET_IP_ICMP_H 1
| #define HAVE_NETINET_UDP_H 1
| #define HAVE_NETIPX_IPX_H 1
| #define HAVE_SYS_UN_H 1
| #define HAVE_NETINET_ICMP6_H 1
| #define HAVE_LINUX_RTNETLINK_H 1
| #define HAVE_RESOLV_H 1
| #define HAVE_IFADDRS_H 1
| #define HAVE_SYS_UCONTEXT_H 1
| #define HAVE_LINUX_VIDEODEV2_H 1
| #define _GNU_SOURCE 1
| #define SONAME_LIBX11 "libX11.so.6"
| #define SONAME_LIBXEXT "libXext.so.6"
| #define HAVE_X11_EXTENSIONS_SHAPE_H 1
| #define HAVE_X11_EXTENSIONS_XINPUT2_H 1
| #define HAVE_X11_EXTENSIONS_XSHM_H 1
| #define HAVE_X11_EXTENSIONS_XFIXES_H 1
| #define HAVE_X11_EXTENSIONS_XRANDR_H 1
| #define HAVE_X11_EXTENSIONS_XRENDER_H 1
| #define HAVE_X11_EXTENSIONS_XF86VMPROTO_H 1
| #define SONAME_LIBXCURSOR "libXcursor.so.1"
| #define SONAME_LIBXI "libXi.so.6"
| #define HAVE_LIBXXSHM 1
| #define HAVE_LIBXSHAPE 1
| #define SONAME_LIBXRENDER "libXrender.so.1"
| #define HAVE_XRENDERSETPICTURETRANSFORM 1
| #define HAVE_XRENDERCREATELINEARGRADIENT 1
| #define SONAME_LIBXRANDR "libXrandr.so.2"
| #define HAVE_XRRGETPROVIDERRESOURCES 1
| #define SONAME_LIBXFIXES "libXfixes.so.3"
| #define HAVE_XICCALLBACK_CALLBACK 1
| #define HAVE_XEVENT_XCOOKIE 1
| #define HAVE_SYS_INOTIFY_H 1
| #define HAVE_RESOLV 1
| #define HAVE_FT2BUILD_H 1
| #define SONAME_LIBFREETYPE "libfreetype.so.6"
| #define SONAME_LIBFONTCONFIG "libfontconfig.so.1"
| #define SONAME_LIBODBC "libodbc.so"
| #define HAVE_WINE_PRELOADER 1
| #define HAVE_DLADDR1 1
| #define HAVE_DLINFO 1
| #define HAVE_EPOLL_CREATE 1
| #define HAVE_EPOLL_PWAIT2 1
| #define HAVE_FSTATFS 1
| #define HAVE_FUTIMENS 1
| #define HAVE_FUTIMES 1
| #define HAVE_FUTIMESAT 1
| #define HAVE_GETADDRINFO 1
| #define HAVE_GETAUXVAL 1
| #define HAVE_GETIFADDRS 1
| #define HAVE_GETRANDOM 1
| #define HAVE_MEMFD_CREATE 1
| #define HAVE_PIPE2 1
| #define HAVE_POSIX_FADVISE 1
| #define HAVE_POSIX_FALLOCATE 1
| #define HAVE_PRCTL 1
| #define HAVE_PROCESS_VM_READV 1
| #define HAVE_PROCESS_VM_WRITEV 1
| #define HAVE_SCHED_GETCPU 1
| #define HAVE_SCHED_YIELD 1
| #define HAVE_SIGPROCMASK 1
| #define HAVE_SYSINFO 1
| #define HAVE_TCDRAIN 1
| #define HAVE_CLOCK_GETTIME 1
| #define HAVE_SCHED_SETAFFINITY 1
| #define HAVE_LINUX_GETHOSTBYNAME_R_6 1
| #define HAVE_SG_IO_HDR_T_INTERFACE_ID 1
| #define HAVE_SIGINFO_T_SI_FD 1
| #define HAVE_STRUCT_MTGET_MT_GSTAT 1
| #define HAVE_STRUCT_MTGET_MT_BLKNO 1
| #define HAVE_STRUCT_STAT_ST_MTIM 1
| #define HAVE_STRUCT_STAT_ST_CTIM 1
| #define HAVE_STRUCT_STAT_ST_ATIM 1
| #define HAVE_STRUCT_SOCKADDR_IN6_SIN6_SCOPE_ID 1
| #define HAVE_STRUCT___RES_STATE__U__EXT_NSCOUNT6 1
| #define HAVE_STRUCT_IN6_PKTINFO_IPI6_ADDR 1
| #define HAVE_STRUCT_IFREQ_IFR_HWADDR 1
| #define HAVE_STRUCT_SYSINFO_TOTALRAM 1
| #define HAVE_STRUCT_SYSINFO_MEM_UNIT 1
| #define HAVE___BUILTIN_POPCOUNT 1
| #define HAVE___CLEAR_CACHE 1
| /* end confdefs.h.  */
| #ifdef __x86_64__
| #error no
| #endif
| int
| main (void)
| {
| 
|   ;
|   return 0;
| }
configure:22197: result: no
configure:23814: creating ./config.status

## ---------------------- ##
## Running config.status. ##
## ---------------------- ##

This file was extended by Wine config.status 11.15, which was
generated by GNU Autoconf 2.73.  Invocation command line was

  CONFIG_FILES    = 
  CONFIG_HEADERS  = 
  CONFIG_LINKS    = 
  CONFIG_COMMANDS = 
  $ ./config.status 

on vm

config.status:: creating include/config.h
config.status:: include/config.h is unchanged
config.status:: executing include/stamp-h commands
config.status:: executing tools/makedep commands
config.status:: executing Makefile commands
configure:25076: EGL 64-bit development files not found
configure:25076: libXxf86vm 64-bit development files not found, XFree86 Vidmode won't be supported.
configure:25076: libxinerama 64-bit development files not found, multi-monitor setups won't be supported.
configure:25076: libxcomposite 64-bit development files not found, Xcomposite won't be supported.
configure:25076: Wayland 64-bit development files not found, the Wayland driver won't be supported.
configure:25076: OpenCL 64-bit development files not found, OpenCL won't be supported.
configure:25076: pcap 64-bit development files not found, wpcap won't be supported.
configure:25076: libpcsclite not found, smart cards won't be supported.
configure:25076: libdbus 64-bit development files not found, no dynamic device support.
configure:25076: libsane 64-bit development files not found, scanners won't be supported.
configure:25076: libusb-1.0 64-bit development files not found (or too old), USB devices won't be supported.
configure:25076: libv4l2 64-bit development files not found.
configure:25076: libva-drm 64-bit development files not found, VA video acceleration won't be supported.
configure:25076: libgphoto2 64-bit development files not found, digital cameras won't be supported.
configure:25076: libgphoto2_port 64-bit development files not found, digital cameras won't be auto-detected.
configure:25076: libpulse 64-bit development files not found or too old, Pulse won't be supported.
configure:25076: FFmpeg 64-bit development files not found.
configure:25076: gstreamer-1.0 base plugins 64-bit development files not found, GStreamer won't be supported.
configure:25076: libasound 64-bit development files not found, Alsa won't be supported.
configure:25076: OSS sound system found but too old (OSSv4 needed), OSS won't be supported.
configure:25076: libudev 64-bit development files not found, plug and play won't be supported.
configure:25076: libSDL2 64-bit development files not found, SDL2 won't be supported.
configure:25076: libcapi20 64-bit development files not found, ISDN won't be supported.
configure:25076: libcups 64-bit development files not found, CUPS won't be supported.
configure:25076: libkrb5 64-bit development files not found (or too old), Kerberos won't be supported.
configure:25076: libnetapi not found, Samba NetAPI won't be supported.
configure:25076: libvulkan and libMoltenVK 64-bit development files not found, Vulkan won't be supported.
configure:25090: WARNING: gettext tools not found (or too old), translations won't be built.
configure:25090: WARNING: No OpenGL library found on this system.
OpenGL and Direct3D won't be supported.
configure:25090: WARNING: libgnutls 64-bit development files not found, no schannel support.
configure:25090: WARNING: No sound system was found. Windows applications will be silent.

## ---------------- ##
## Cache variables. ##
## ---------------- ##

ac_cv_build=x86_64-pc-linux-gnu
ac_cv_c_cfi_support=yes
ac_cv_c_compiler_gnu=yes
ac_cv_c_fortify_enabled=yes
ac_cv_cflags__Wdeclaration_after_statement=yes
ac_cv_cflags__Wempty_body=yes
ac_cv_cflags__Werror_ignored_optimization_argument=no
ac_cv_cflags__Werror_unknown_warning_option=no
ac_cv_cflags__Werror_unused_command_line_argument=no
ac_cv_cflags__Wignored_qualifiers=yes
ac_cv_cflags__Winit_self=yes
ac_cv_cflags__Wl___export_dynamic=yes
ac_cv_cflags__Wlogical_op=yes
ac_cv_cflags__Wno_format=yes
ac_cv_cflags__Wpacked_not_aligned=yes
ac_cv_cflags__Wpointer_arith=yes
ac_cv_cflags__Wshift_overflow_2=yes
ac_cv_cflags__Wstrict_prototypes=yes
ac_cv_cflags__Wtype_limits=yes
ac_cv_cflags__Wunused_but_set_parameter=yes
ac_cv_cflags__Wvla=yes
ac_cv_cflags__Wwrite_strings=yes
ac_cv_cflags__fcf_protection_none=yes
ac_cv_cflags__flarge_source_files__Wmisleading_indentation=yes
ac_cv_cflags__fno_builtin=yes
ac_cv_cflags__fno_stack_protector=yes
ac_cv_cflags__fno_strict_aliasing=yes
ac_cv_cflags__fshort_wchar=yes
ac_cv_cflags__fvisibility_hidden=yes
ac_cv_cflags__gdwarf_4=yes
ac_cv_cflags__mlong_double_64=yes
ac_cv_cflags__static_pie=yes
ac_cv_cpp_def___x86_64__=no
ac_cv_cxx_compiler_gnu=yes
ac_cv_env_ALSA_CFLAGS_set=
ac_cv_env_ALSA_CFLAGS_value=
ac_cv_env_ALSA_LIBS_set=
ac_cv_env_ALSA_LIBS_value=
ac_cv_env_CAPI20_CFLAGS_set=
ac_cv_env_CAPI20_CFLAGS_value=
ac_cv_env_CAPI20_LIBS_set=
ac_cv_env_CAPI20_LIBS_value=
ac_cv_env_CAPSTONE_PE_CFLAGS_set=
ac_cv_env_CAPSTONE_PE_CFLAGS_value=
ac_cv_env_CAPSTONE_PE_LIBS_set=
ac_cv_env_CAPSTONE_PE_LIBS_value=
ac_cv_env_CCC_set=
ac_cv_env_CCC_value=
ac_cv_env_CC_set=
ac_cv_env_CC_value=
ac_cv_env_CFLAGS_set=
ac_cv_env_CFLAGS_value=
ac_cv_env_CPPFLAGS_set=
ac_cv_env_CPPFLAGS_value=
ac_cv_env_CPP_set=
ac_cv_env_CPP_value=
ac_cv_env_CUPS_CFLAGS_set=
ac_cv_env_CUPS_CFLAGS_value=
ac_cv_env_CUPS_LIBS_set=
ac_cv_env_CUPS_LIBS_value=
ac_cv_env_CXXABI_PE_CFLAGS_set=
ac_cv_env_CXXABI_PE_CFLAGS_value=
ac_cv_env_CXXABI_PE_LIBS_set=
ac_cv_env_CXXABI_PE_LIBS_value=
ac_cv_env_CXXFLAGS_set=
ac_cv_env_CXXFLAGS_value=
ac_cv_env_CXX_PE_CFLAGS_set=
ac_cv_env_CXX_PE_CFLAGS_value=
ac_cv_env_CXX_PE_LIBS_set=
ac_cv_env_CXX_PE_LIBS_value=
ac_cv_env_CXX_set=
ac_cv_env_CXX_value=
ac_cv_env_DBUS_CFLAGS_set=
ac_cv_env_DBUS_CFLAGS_value=
ac_cv_env_DBUS_LIBS_set=
ac_cv_env_DBUS_LIBS_value=
ac_cv_env_EGL_CFLAGS_set=
ac_cv_env_EGL_CFLAGS_value=
ac_cv_env_EGL_LIBS_set=
ac_cv_env_EGL_LIBS_value=
ac_cv_env_FAUDIO_PE_CFLAGS_set=
ac_cv_env_FAUDIO_PE_CFLAGS_value=
ac_cv_env_FAUDIO_PE_LIBS_set=
ac_cv_env_FAUDIO_PE_LIBS_value=
ac_cv_env_FFMPEG_CFLAGS_set=
ac_cv_env_FFMPEG_CFLAGS_value=
ac_cv_env_FFMPEG_LIBS_set=
ac_cv_env_FFMPEG_LIBS_value=
ac_cv_env_FFMPEG_PE_CFLAGS_set=
ac_cv_env_FFMPEG_PE_CFLAGS_value=
ac_cv_env_FFMPEG_PE_LIBS_set=
ac_cv_env_FFMPEG_PE_LIBS_value=
ac_cv_env_FLUIDSYNTH_PE_CFLAGS_set=
ac_cv_env_FLUIDSYNTH_PE_CFLAGS_value=
ac_cv_env_FLUIDSYNTH_PE_LIBS_set=
ac_cv_env_FLUIDSYNTH_PE_LIBS_value=
ac_cv_env_FONTCONFIG_CFLAGS_set=
ac_cv_env_FONTCONFIG_CFLAGS_value=
ac_cv_env_FONTCONFIG_LIBS_set=
ac_cv_env_FONTCONFIG_LIBS_value=
ac_cv_env_FREETYPE_CFLAGS_set=
ac_cv_env_FREETYPE_CFLAGS_value=
ac_cv_env_FREETYPE_LIBS_set=
ac_cv_env_FREETYPE_LIBS_value=
ac_cv_env_GNUTLS_CFLAGS_set=
ac_cv_env_GNUTLS_CFLAGS_value=
ac_cv_env_GNUTLS_LIBS_set=
ac_cv_env_GNUTLS_LIBS_value=
ac_cv_env_GPHOTO2_CFLAGS_set=
ac_cv_env_GPHOTO2_CFLAGS_value=
ac_cv_env_GPHOTO2_LIBS_set=
ac_cv_env_GPHOTO2_LIBS_value=
ac_cv_env_GPHOTO2_PORT_CFLAGS_set=
ac_cv_env_GPHOTO2_PORT_CFLAGS_value=
ac_cv_env_GPHOTO2_PORT_LIBS_set=
ac_cv_env_GPHOTO2_PORT_LIBS_value=
ac_cv_env_GSM_PE_CFLAGS_set=
ac_cv_env_GSM_PE_CFLAGS_value=
ac_cv_env_GSM_PE_LIBS_set=
ac_cv_env_GSM_PE_LIBS_value=
ac_cv_env_GSSAPI_CFLAGS_set=
ac_cv_env_GSSAPI_CFLAGS_value=
ac_cv_env_GSSAPI_LIBS_set=
ac_cv_env_GSSAPI_LIBS_value=
ac_cv_env_GSTREAMER_CFLAGS_set=
ac_cv_env_GSTREAMER_CFLAGS_value=
ac_cv_env_GSTREAMER_LIBS_set=
ac_cv_env_GSTREAMER_LIBS_value=
ac_cv_env_HWLOC_CFLAGS_set=
ac_cv_env_HWLOC_CFLAGS_value=
ac_cv_env_HWLOC_LIBS_set=
ac_cv_env_HWLOC_LIBS_value=
ac_cv_env_ICUCOMMON_PE_CFLAGS_set=
ac_cv_env_ICUCOMMON_PE_CFLAGS_value=
ac_cv_env_ICUCOMMON_PE_LIBS_set=
ac_cv_env_ICUCOMMON_PE_LIBS_value=
ac_cv_env_ICUI18N_PE_CFLAGS_set=
ac_cv_env_ICUI18N_PE_CFLAGS_value=
ac_cv_env_ICUI18N_PE_LIBS_set=
ac_cv_env_ICUI18N_PE_LIBS_value=
ac_cv_env_INOTIFY_CFLAGS_set=
ac_cv_env_INOTIFY_CFLAGS_value=
ac_cv_env_INOTIFY_LIBS_set=
ac_cv_env_INOTIFY_LIBS_value=
ac_cv_env_JPEG_PE_CFLAGS_set=
ac_cv_env_JPEG_PE_CFLAGS_value=
ac_cv_env_JPEG_PE_LIBS_set=
ac_cv_env_JPEG_PE_LIBS_value=
ac_cv_env_JXR_PE_CFLAGS_set=
ac_cv_env_JXR_PE_CFLAGS_value=
ac_cv_env_JXR_PE_LIBS_set=
ac_cv_env_JXR_PE_LIBS_value=
ac_cv_env_KRB5_CFLAGS_set=
ac_cv_env_KRB5_CFLAGS_value=
ac_cv_env_KRB5_LIBS_set=
ac_cv_env_KRB5_LIBS_value=
ac_cv_env_LCMS2_PE_CFLAGS_set=
ac_cv_env_LCMS2_PE_CFLAGS_value=
ac_cv_env_LCMS2_PE_LIBS_set=
ac_cv_env_LCMS2_PE_LIBS_value=
ac_cv_env_LDAP_PE_CFLAGS_set=
ac_cv_env_LDAP_PE_CFLAGS_value=
ac_cv_env_LDAP_PE_LIBS_set=
ac_cv_env_LDAP_PE_LIBS_value=
ac_cv_env_LDFLAGS_set=
ac_cv_env_LDFLAGS_value=
ac_cv_env_LIBS_set=
ac_cv_env_LIBS_value=
ac_cv_env_MPG123_PE_CFLAGS_set=
ac_cv_env_MPG123_PE_CFLAGS_value=
ac_cv_env_MPG123_PE_LIBS_set=
ac_cv_env_MPG123_PE_LIBS_value=
ac_cv_env_MUSL_PE_CFLAGS_set=
ac_cv_env_MUSL_PE_CFLAGS_value=
ac_cv_env_MUSL_PE_LIBS_set=
ac_cv_env_MUSL_PE_LIBS_value=
ac_cv_env_NETAPI_CFLAGS_set=
ac_cv_env_NETAPI_CFLAGS_value=
ac_cv_env_NETAPI_LIBS_set=
ac_cv_env_NETAPI_LIBS_value=
ac_cv_env_OBJCFLAGS_set=
ac_cv_env_OBJCFLAGS_value=
ac_cv_env_OBJC_set=
ac_cv_env_OBJC_value=
ac_cv_env_OPENCL_CFLAGS_set=
ac_cv_env_OPENCL_CFLAGS_value=
ac_cv_env_OPENCL_LIBS_set=
ac_cv_env_OPENCL_LIBS_value=
ac_cv_env_PCAP_CFLAGS_set=
ac_cv_env_PCAP_CFLAGS_value=
ac_cv_env_PCAP_LIBS_set=
ac_cv_env_PCAP_LIBS_value=
ac_cv_env_PCSCLITE_CFLAGS_set=
ac_cv_env_PCSCLITE_CFLAGS_value=
ac_cv_env_PCSCLITE_LIBS_set=
ac_cv_env_PCSCLITE_LIBS_value=
ac_cv_env_PNG_PE_CFLAGS_set=
ac_cv_env_PNG_PE_CFLAGS_value=
ac_cv_env_PNG_PE_LIBS_set=
ac_cv_env_PNG_PE_LIBS_value=
ac_cv_env_PULSE_CFLAGS_set=
ac_cv_env_PULSE_CFLAGS_value=
ac_cv_env_PULSE_LIBS_set=
ac_cv_env_PULSE_LIBS_value=
ac_cv_env_SANE_CFLAGS_set=
ac_cv_env_SANE_CFLAGS_value=
ac_cv_env_SANE_LIBS_set=
ac_cv_env_SANE_LIBS_value=
ac_cv_env_SDL2_CFLAGS_set=
ac_cv_env_SDL2_CFLAGS_value=
ac_cv_env_SDL2_LIBS_set=
ac_cv_env_SDL2_LIBS_value=
ac_cv_env_SQLITE3_PE_CFLAGS_set=
ac_cv_env_SQLITE3_PE_CFLAGS_value=
ac_cv_env_SQLITE3_PE_LIBS_set=
ac_cv_env_SQLITE3_PE_LIBS_value=
ac_cv_env_SYMCRYPT_PE_CFLAGS_set=
ac_cv_env_SYMCRYPT_PE_CFLAGS_value=
ac_cv_env_SYMCRYPT_PE_LIBS_set=
ac_cv_env_SYMCRYPT_PE_LIBS_value=
ac_cv_env_TIFF_PE_CFLAGS_set=
ac_cv_env_TIFF_PE_CFLAGS_value=
ac_cv_env_TIFF_PE_LIBS_set=
ac_cv_env_TIFF_PE_LIBS_value=
ac_cv_env_UDEV_CFLAGS_set=
ac_cv_env_UDEV_CFLAGS_value=
ac_cv_env_UDEV_LIBS_set=
ac_cv_env_UDEV_LIBS_value=
ac_cv_env_UNWIND_PE_CFLAGS_set=
ac_cv_env_UNWIND_PE_CFLAGS_value=
ac_cv_env_UNWIND_PE_LIBS_set=
ac_cv_env_UNWIND_PE_LIBS_value=
ac_cv_env_USB_CFLAGS_set=
ac_cv_env_USB_CFLAGS_value=
ac_cv_env_USB_LIBS_set=
ac_cv_env_USB_LIBS_value=
ac_cv_env_VA_CFLAGS_set=
ac_cv_env_VA_CFLAGS_value=
ac_cv_env_VA_LIBS_set=
ac_cv_env_VA_LIBS_value=
ac_cv_env_VKD3D_PE_CFLAGS_set=
ac_cv_env_VKD3D_PE_CFLAGS_value=
ac_cv_env_VKD3D_PE_LIBS_set=
ac_cv_env_VKD3D_PE_LIBS_value=
ac_cv_env_WAYLAND_CLIENT_CFLAGS_set=
ac_cv_env_WAYLAND_CLIENT_CFLAGS_value=
ac_cv_env_WAYLAND_CLIENT_LIBS_set=
ac_cv_env_WAYLAND_CLIENT_LIBS_value=
ac_cv_env_WAYLAND_EGL_CFLAGS_set=
ac_cv_env_WAYLAND_EGL_CFLAGS_value=
ac_cv_env_WAYLAND_EGL_LIBS_set=
ac_cv_env_WAYLAND_EGL_LIBS_value=
ac_cv_env_XKBCOMMON_CFLAGS_set=
ac_cv_env_XKBCOMMON_CFLAGS_value=
ac_cv_env_XKBCOMMON_LIBS_set=
ac_cv_env_XKBCOMMON_LIBS_value=
ac_cv_env_XKBREGISTRY_CFLAGS_set=
ac_cv_env_XKBREGISTRY_CFLAGS_value=
ac_cv_env_XKBREGISTRY_LIBS_set=
ac_cv_env_XKBREGISTRY_LIBS_value=
ac_cv_env_XMKMF_set=
ac_cv_env_XMKMF_value=
ac_cv_env_XML2_PE_CFLAGS_set=
ac_cv_env_XML2_PE_CFLAGS_value=
ac_cv_env_XML2_PE_LIBS_set=
ac_cv_env_XML2_PE_LIBS_value=
ac_cv_env_XSLT_PE_CFLAGS_set=
ac_cv_env_XSLT_PE_CFLAGS_value=
ac_cv_env_XSLT_PE_LIBS_set=
ac_cv_env_XSLT_PE_LIBS_value=
ac_cv_env_ZLIB_PE_CFLAGS_set=
ac_cv_env_ZLIB_PE_CFLAGS_value=
ac_cv_env_ZLIB_PE_LIBS_set=
ac_cv_env_ZLIB_PE_LIBS_value=
ac_cv_env_build_alias_set=
ac_cv_env_build_alias_value=
ac_cv_env_host_alias_set=
ac_cv_env_host_alias_value=
ac_cv_env_target_alias_set=
ac_cv_env_target_alias_value=
ac_cv_func_SCardEstablishContext=no
ac_cv_func_clGetPlatformInfo=no
ac_cv_func_dladdr1=yes
ac_cv_func_dlinfo=yes
ac_cv_func_epoll_create=yes
ac_cv_func_epoll_pwait2=yes
ac_cv_func_fstatfs=yes
ac_cv_func_futimens=yes
ac_cv_func_futimes=yes
ac_cv_func_futimesat=yes
ac_cv_func_getaddrinfo=yes
ac_cv_func_getattrlist=no
ac_cv_func_getauxval=yes
ac_cv_func_getifaddrs=yes
ac_cv_func_getrandom=yes
ac_cv_func_inotify_add_watch=no
ac_cv_func_kqueue=no
ac_cv_func_memfd_create=yes
ac_cv_func_pcap_init=no
ac_cv_func_pipe2=yes
ac_cv_func_port_create=no
ac_cv_func_posix_fadvise=yes
ac_cv_func_posix_fallocate=yes
ac_cv_func_prctl=yes
ac_cv_func_process_vm_readv=yes
ac_cv_func_process_vm_writev=yes
ac_cv_func_pthread_create=yes
ac_cv_func_pthread_getthreadid_np=no
ac_cv_func_sched_getcpu=yes
ac_cv_func_sched_yield=yes
ac_cv_func_setproctitle=no
ac_cv_func_setprogname=no
ac_cv_func_sigprocmask=yes
ac_cv_func_snd_pcm_hw_params_get_access_mask=no
ac_cv_func_sysinfo=yes
ac_cv_func_tcdrain=yes
ac_cv_func_thr_kill2=no
ac_cv_have___builtin_popcount=yes
ac_cv_have___clear_cache=yes
ac_cv_have_res_getservers=no
ac_cv_have_resolv=-lresolv
ac_cv_have_x='have_x=yes	ac_x_includes='\'''\''	ac_x_libraries='\'''\'''
ac_cv_header_CL_cl_h=no
ac_cv_header_OpenCL_opencl_h=no
ac_cv_header_SDL_h=no
ac_cv_header_X11_Xcursor_Xcursor_h=yes
ac_cv_header_X11_extensions_XInput2_h=yes
ac_cv_header_X11_extensions_XInput_h=yes
ac_cv_header_X11_extensions_XShm_h=yes
ac_cv_header_X11_extensions_Xcomposite_h=no
ac_cv_header_X11_extensions_Xfixes_h=yes
ac_cv_header_X11_extensions_Xinerama_h=no
ac_cv_header_X11_extensions_Xrandr_h=yes
ac_cv_header_X11_extensions_Xrender_h=yes
ac_cv_header_X11_extensions_shape_h=yes
ac_cv_header_X11_extensions_xf86vmode_h=no
ac_cv_header_X11_extensions_xf86vmproto_h=yes
ac_cv_header_arpa_inet_h=yes
ac_cv_header_arpa_nameser_h=yes
ac_cv_header_asm_hwcap_h=no
ac_cv_header_asm_termbits_h=yes
ac_cv_header_asm_types_h=yes
ac_cv_header_asm_user_h=no
ac_cv_header_bluetooth_bluetooth_h=no
ac_cv_header_bluetooth_rfcomm_h=no
ac_cv_header_cups_cups_h=no
ac_cv_header_cups_ppd_h=no
ac_cv_header_dev_evdev_input_h=no
ac_cv_header_elf_h=yes
ac_cv_header_fontconfig_fontconfig_h=yes
ac_cv_header_ft2build_h=yes
ac_cv_header_gettext_po_h=no
ac_cv_header_gnutls_gnutls_h=no
ac_cv_header_gphoto2_camera_h=no
ac_cv_header_gphoto2_port_h=no
ac_cv_header_ifaddrs_h=yes
ac_cv_header_inttypes_h=yes
ac_cv_header_libprocstat_h=no
ac_cv_header_libudev_h=no
ac_cv_header_libusb_h=no
ac_cv_header_link_h=yes
ac_cv_header_linux_cdrom_h=yes
ac_cv_header_linux_errqueue_h=yes
ac_cv_header_linux_filter_h=yes
ac_cv_header_linux_fs_h=yes
ac_cv_header_linux_hdreg_h=yes
ac_cv_header_linux_hidraw_h=yes
ac_cv_header_linux_input_h=yes
ac_cv_header_linux_ioctl_h=yes
ac_cv_header_linux_ipx_h=no
ac_cv_header_linux_irda_h=no
ac_cv_header_linux_major_h=yes
ac_cv_header_linux_memfd_h=yes
ac_cv_header_linux_ntsync_h=no
ac_cv_header_linux_param_h=yes
ac_cv_header_linux_rtnetlink_h=yes
ac_cv_header_linux_serial_h=yes
ac_cv_header_linux_types_h=yes
ac_cv_header_linux_ucdrom_h=no
ac_cv_header_linux_userfaultfd_h=yes
ac_cv_header_linux_videodev2_h=yes
ac_cv_header_linux_wireless_h=yes
ac_cv_header_lwp_h=no
ac_cv_header_mach_mach_h=no
ac_cv_header_mach_o_loader_h=no
ac_cv_header_machine_cpu_h=no
ac_cv_header_machine_sysarch_h=no
ac_cv_header_mntent_h=yes
ac_cv_header_net_if_arp_h=yes
ac_cv_header_net_if_dl_h=no
ac_cv_header_net_if_h=yes
ac_cv_header_net_if_types_h=no
ac_cv_header_net_route_h=yes
ac_cv_header_netdb_h=yes
ac_cv_header_netinet6_ip6_var_h=no
ac_cv_header_netinet_icmp6_h=yes
ac_cv_header_netinet_icmp_var_h=no
ac_cv_header_netinet_if_ether_h=yes
ac_cv_header_netinet_in_h=yes
ac_cv_header_netinet_in_pcb_h=no
ac_cv_header_netinet_in_systm_h=yes
ac_cv_header_netinet_ip_h=yes
ac_cv_header_netinet_ip_icmp_h=yes
ac_cv_header_netinet_ip_var_h=no
ac_cv_header_netinet_tcp_fsm_h=no
ac_cv_header_netinet_tcp_h=yes
ac_cv_header_netinet_tcp_var_h=no
ac_cv_header_netinet_udp_h=yes
ac_cv_header_netinet_udp_var_h=no
ac_cv_header_netipx_ipx_h=yes
ac_cv_header_pcap_pcap_h=no
ac_cv_header_port_h=no
ac_cv_header_pthread_np_h=no
ac_cv_header_pwd_h=yes
ac_cv_header_resolv_h=yes
ac_cv_header_sched_h=yes
ac_cv_header_scsi_scsi_h=yes
ac_cv_header_scsi_scsi_ioctl_h=yes
ac_cv_header_scsi_sg_h=yes
ac_cv_header_stdint_h=yes
ac_cv_header_stdio_h=yes
ac_cv_header_stdlib_h=yes
ac_cv_header_string_h=yes
ac_cv_header_strings_h=yes
ac_cv_header_sys_attr_h=no
ac_cv_header_sys_auxv_h=yes
ac_cv_header_sys_cdio_h=no
ac_cv_header_sys_conf_h=no
ac_cv_header_sys_epoll_h=yes
ac_cv_header_sys_event_h=no
ac_cv_header_sys_extattr_h=no
ac_cv_header_sys_filio_h=no
ac_cv_header_sys_inotify_h=yes
ac_cv_header_sys_ipc_h=yes
ac_cv_header_sys_link_h=no
ac_cv_header_sys_mkdev_h=no
ac_cv_header_sys_modem_h=no
ac_cv_header_sys_mount_h=yes
ac_cv_header_sys_mtio_h=yes
ac_cv_header_sys_param_h=yes
ac_cv_header_sys_personality_h=yes
ac_cv_header_sys_prctl_h=yes
ac_cv_header_sys_ptrace_h=yes
ac_cv_header_sys_queue_h=yes
ac_cv_header_sys_random_h=yes
ac_cv_header_sys_resource_h=yes
ac_cv_header_sys_scsiio_h=no
ac_cv_header_sys_shm_h=yes
ac_cv_header_sys_signal_h=yes
ac_cv_header_sys_socketvar_h=yes
ac_cv_header_sys_sockio_h=no
ac_cv_header_sys_soundcard_h=yes
ac_cv_header_sys_stat_h=yes
ac_cv_header_sys_statfs_h=yes
ac_cv_header_sys_statvfs_h=yes
ac_cv_header_sys_strtio_h=no
ac_cv_header_sys_syscall_h=yes
ac_cv_header_sys_sysctl_h=no
ac_cv_header_sys_sysinfo_h=yes
ac_cv_header_sys_sysmacros_h=yes
ac_cv_header_sys_thr_h=no
ac_cv_header_sys_times_h=yes
ac_cv_header_sys_types_h=yes
ac_cv_header_sys_ucontext_h=yes
ac_cv_header_sys_uio_h=yes
ac_cv_header_sys_un_h=yes
ac_cv_header_sys_user_h=yes
ac_cv_header_sys_utsname_h=yes
ac_cv_header_sys_vfs_h=yes
ac_cv_header_sys_vnode_h=no
ac_cv_header_sys_xattr_h=yes
ac_cv_header_syscall_h=yes
ac_cv_header_unistd_h=yes
ac_cv_header_utime_h=yes
ac_cv_header_va_va_drm_h=no
ac_cv_header_valgrind_memcheck_h=yes
ac_cv_header_valgrind_valgrind_h=yes
ac_cv_host=x86_64-pc-linux-gnu
ac_cv_i386_cflags__Wabsolute_value=yes
ac_cv_i386_cflags__Wdeclaration_after_statement=yes
ac_cv_i386_cflags__Wempty_body=yes
ac_cv_i386_cflags__Wenum_enum_conversion=yes
ac_cv_i386_cflags__Werror_ignored_optimization_argument=yes
ac_cv_i386_cflags__Werror_unknown_warning_option=yes
ac_cv_i386_cflags__Werror_unsupported_floating_point_opt=yes
ac_cv_i386_cflags__Werror_unused_command_line_argument=yes
ac_cv_i386_cflags__Wignored_qualifiers=yes
ac_cv_i386_cflags__Winit_self=yes
ac_cv_i386_cflags__Wl___disable_stdcall_fixup=no
ac_cv_i386_cflags__Wl__debug_dwarf=yes
ac_cv_i386_cflags__Wlogical_op=no
ac_cv_i386_cflags__Wmicrosoft_enum_forward_reference=yes
ac_cv_i386_cflags__Wpacked_not_aligned=no
ac_cv_i386_cflags__Wpointer_arith=yes
ac_cv_i386_cflags__Wshift_overflow_2=no
ac_cv_i386_cflags__Wstrict_prototypes=yes
ac_cv_i386_cflags__Wtype_limits=yes
ac_cv_i386_cflags__Wunused_but_set_parameter=yes
ac_cv_i386_cflags__Wvla=yes
ac_cv_i386_cflags__Wwrite_strings=yes
ac_cv_i386_cflags__fasync_exceptions__DMIN_CLANG_VERSION_19=no
ac_cv_i386_cflags__ffp_exception_behavior_maytrap=yes
ac_cv_i386_cflags__ffunction_sections=yes
ac_cv_i386_cflags__flarge_source_files__Wmisleading_indentation=no
ac_cv_i386_cflags__fms_hotpatch__DMIN_CLANG_VERSION_18=yes
ac_cv_i386_cflags__fno_omit_frame_pointer=yes
ac_cv_i386_cflags__fno_strict_aliasing=yes
ac_cv_i386_cflags__gdwarf_4=yes
ac_cv_i386_cflags__mlong_double_64=yes
ac_cv_i386_cflags__mpreferred_stack_boundary_2=no
ac_cv_i386_cflags__msse2=yes
ac_cv_i386_cflags__target_i686_windows__fuse_ld_lld__Wl__subsystem_console__Wl__WX___no_default_config=yes
ac_cv_i386_crosscc_c99=
ac_cv_i386_crosscxx_cxx17=-std=gnu++17
ac_cv_lib_Xext_XShapeQueryExtension=yes
ac_cv_lib_Xext_XShmQueryExtension=yes
ac_cv_lib_Xrender_XRenderCreateLinearGradient=yes
ac_cv_lib_Xrender_XRenderSetPictureTransform=yes
ac_cv_lib_i386_i386_set_ldt=no
ac_cv_lib_soname_EGL=
ac_cv_lib_soname_GL=
ac_cv_lib_soname_MoltenVK=
ac_cv_lib_soname_X11=libX11.so.6
ac_cv_lib_soname_Xcursor=libXcursor.so.1
ac_cv_lib_soname_Xext=libXext.so.6
ac_cv_lib_soname_Xfixes=libXfixes.so.3
ac_cv_lib_soname_Xi=libXi.so.6
ac_cv_lib_soname_Xrandr=libXrandr.so.2
ac_cv_lib_soname_Xrender=libXrender.so.1
ac_cv_lib_soname_Xxf86vm=
ac_cv_lib_soname_fontconfig=libfontconfig.so.1
ac_cv_lib_soname_freetype=libfreetype.so.6
ac_cv_lib_soname_odbc=
ac_cv_lib_soname_v4l2=
ac_cv_lib_soname_vulkan=
ac_cv_mabi_ms=yes
ac_cv_member_XEvent_xcookie=yes
ac_cv_member_XICCallback_callback=yes
ac_cv_member_oss_sysinfo_numaudioengines=no
ac_cv_member_sg_io_hdr_t_interface_id=yes
ac_cv_member_siginfo_t_si_fd=yes
ac_cv_member_struct___res_state__u__ext_nscount6=yes
ac_cv_member_struct_icmp6stat_icp6s_error=no
ac_cv_member_struct_icmpstat_icps_error=no
ac_cv_member_struct_ifreq_ifr_hwaddr=yes
ac_cv_member_struct_in6_pktinfo_ipi6_addr=yes
ac_cv_member_struct_ip6stat_ip6s_total=no
ac_cv_member_struct_ip_stats_ips_total=no
ac_cv_member_struct_ipstat_ips_total=no
ac_cv_member_struct_mtget_mt_blkno=yes
ac_cv_member_struct_mtget_mt_blksiz=no
ac_cv_member_struct_mtget_mt_gstat=yes
ac_cv_member_struct_sockaddr_in6_sin6_scope_id=yes
ac_cv_member_struct_sockaddr_un_sun_len=no
ac_cv_member_struct_stat___st_birthtim=no
ac_cv_member_struct_stat___st_birthtime=no
ac_cv_member_struct_stat_st_atim=yes
ac_cv_member_struct_stat_st_atimespec=no
ac_cv_member_struct_stat_st_birthtim=no
ac_cv_member_struct_stat_st_birthtime=no
ac_cv_member_struct_stat_st_birthtimespec=no
ac_cv_member_struct_stat_st_ctim=yes
ac_cv_member_struct_stat_st_ctimespec=no
ac_cv_member_struct_stat_st_mtim=yes
ac_cv_member_struct_stat_st_mtimespec=no
ac_cv_member_struct_sysinfo_mem_unit=yes
ac_cv_member_struct_sysinfo_totalram=yes
ac_cv_member_struct_tcp_stats_tcps_connattempt=no
ac_cv_member_struct_tcpstat_tcps_connattempt=no
ac_cv_member_struct_udpstat_udps_ipackets=no
ac_cv_objext=o
ac_cv_path_LDD=/usr/bin/ldd
ac_cv_prog_BISON=bison
ac_cv_prog_CPP='gcc -m64 -E'
ac_cv_prog_FLEX=flex
ac_cv_prog_PKG_CONFIG=pkg-config
ac_cv_prog_ac_ct_CC=gcc
ac_cv_prog_ac_ct_CPPBIN=cpp
ac_cv_prog_ac_ct_CXX=g++
ac_cv_prog_ac_ct_LD=ld
ac_cv_prog_ac_ct_READELF=readelf
ac_cv_prog_ac_ct_STRIP=strip
ac_cv_prog_cc_c11=
ac_cv_prog_cc_c23=no
ac_cv_prog_cc_g=yes
ac_cv_prog_cc_stdc=
ac_cv_prog_cxx_g=yes
ac_cv_prog_i386_CC=clang
ac_cv_prog_x86_64_CC=clang
ac_cv_search_clock_gettime='none required'
ac_cv_search_dlopen='none required'
ac_cv_sys_largefile_opts='none needed'
ac_cv_sys_year2038_opts='none needed'
ac_cv_wl_z_defs=yes
ac_cv_x86_64_cflags__Wabsolute_value=yes
ac_cv_x86_64_cflags__Wdeclaration_after_statement=yes
ac_cv_x86_64_cflags__Wempty_body=yes
ac_cv_x86_64_cflags__Wenum_enum_conversion=yes
ac_cv_x86_64_cflags__Werror_ignored_optimization_argument=yes
ac_cv_x86_64_cflags__Werror_unknown_warning_option=yes
ac_cv_x86_64_cflags__Werror_unsupported_floating_point_opt=yes
ac_cv_x86_64_cflags__Werror_unused_command_line_argument=yes
ac_cv_x86_64_cflags__Wformat_overflow=yes
ac_cv_x86_64_cflags__Wignored_qualifiers=yes
ac_cv_x86_64_cflags__Winit_self=yes
ac_cv_x86_64_cflags__Wl__debug_dwarf=yes
ac_cv_x86_64_cflags__Wlogical_op=no
ac_cv_x86_64_cflags__Wmicrosoft_enum_forward_reference=yes
ac_cv_x86_64_cflags__Wnonnull=yes
ac_cv_x86_64_cflags__Wpacked_not_aligned=no
ac_cv_x86_64_cflags__Wpointer_arith=yes
ac_cv_x86_64_cflags__Wshift_overflow_2=no
ac_cv_x86_64_cflags__Wstrict_prototypes=yes
ac_cv_x86_64_cflags__Wtype_limits=yes
ac_cv_x86_64_cflags__Wunused_but_set_parameter=yes
ac_cv_x86_64_cflags__Wvla=yes
ac_cv_x86_64_cflags__Wwrite_strings=yes
ac_cv_x86_64_cflags__fasync_exceptions__DMIN_CLANG_VERSION_19=no
ac_cv_x86_64_cflags__ffp_exception_behavior_maytrap=yes
ac_cv_x86_64_cflags__ffunction_sections=yes
ac_cv_x86_64_cflags__flarge_source_files__Wmisleading_indentation=no
ac_cv_x86_64_cflags__fms_hotpatch__DMIN_CLANG_VERSION_18=yes
ac_cv_x86_64_cflags__fno_strict_aliasing=yes
ac_cv_x86_64_cflags__gdwarf_4=yes
ac_cv_x86_64_cflags__mcmodel_small=yes
ac_cv_x86_64_cflags__mcx16=yes
ac_cv_x86_64_cflags__mlong_double_64=yes
ac_cv_x86_64_cflags__target_x86_64_windows__fuse_ld_lld__Wl__subsystem_console__Wl__WX___no_default_config=yes
ac_cv_x86_64_crosscc_c99=
ac_cv_x86_64_crosscxx_cxx17=-std=gnu++17
ac_cv_x86_64_seh_support=yes
as_wine_cv_crosscc_c99=ac_cv_x86_64_crosscc_c99
as_wine_cv_crosscxx_cxx17=ac_cv_x86_64_crosscxx_cxx17
as_wine_cv_seh_support=ac_cv_x86_64_seh_support
wine_cv_64bit_compare_swap='none needed'
wine_cv_have_sched_setaffinity=yes
wine_cv_linux_gethostbyname_r_6=yes
wine_cv_recent_bison=yes
wine_cv_recent_flex=yes
wine_cv_xattr_extra_args=no

## ----------------- ##
## Output variables. ##
## ----------------- ##

	dlls/acledit \
	dlls/aclui \
	dlls/activeds \
	dlls/activeds.tlb \
	dlls/activeds/tests \
	dlls/actxprxy \
	dlls/adsldp \
	dlls/adsldp/tests \
	dlls/adsldpc \
	dlls/advapi32 \
	dlls/advapi32/tests \
	dlls/advpack \
	dlls/advpack/tests \
	dlls/aero.msstyles \
	dlls/amsi \
	dlls/amstream \
	dlls/amstream/tests \
	dlls/apisetschema \
	dlls/apphelp \
	dlls/apphelp/tests \
	dlls/appwiz.cpl \
	dlls/appxdeploymentclient \
	dlls/atl \
	dlls/atl/tests \
	dlls/atl100 \
	dlls/atl100/tests \
	dlls/atl110 \
	dlls/atl110/tests \
	dlls/atl80 \
	dlls/atl80/tests \
	dlls/atl90 \
	dlls/atlthunk \
	dlls/atlthunk/tests \
	dlls/atmlib \
	dlls/authz \
	dlls/avicap32 \
	dlls/avifil32 \
	dlls/avifil32/tests \
	dlls/avifile.dll16 \
	dlls/avrt \
	dlls/aygshell \
	dlls/bcp47langs \
	dlls/bcp47langs/tests \
	dlls/bcrypt \
	dlls/bcrypt/tests \
	dlls/bcryptprimitives \
	dlls/bluetoothapis \
	dlls/bluetoothapis/tests \
	dlls/browseui \
	dlls/browseui/tests \
	dlls/bthprops.cpl \
	dlls/cabinet \
	dlls/cabinet/tests \
	dlls/capi2032 \
	dlls/cards \
	dlls/cdosys \
	dlls/cfgmgr32 \
	dlls/cfgmgr32/tests \
	dlls/chakra \
	dlls/cldapi \
	dlls/clusapi \
	dlls/cng.sys \
	dlls/colorcnv \
	dlls/combase \
	dlls/combase/tests \
	dlls/comcat \
	dlls/comcat/tests \
	dlls/comctl32 \
	dlls/comctl32/tests \
	dlls/comctl32_v6 \
	dlls/comdlg32 \
	dlls/comdlg32/tests \
	dlls/coml2 \
	dlls/comm.drv16 \
	dlls/commctrl \
	dlls/commdlg.dll16 \
	dlls/compobj.dll16 \
	dlls/compstui \
	dlls/compstui/tests \
	dlls/comsvcs \
	dlls/comsvcs/tests \
	dlls/concrt140 \
	dlls/concrt140/tests \
	dlls/connect \
	dlls/coredll \
	dlls/coremessaging \
	dlls/coremessaging/tests \
	dlls/credui \
	dlls/credui/tests \
	dlls/crtdll \
	dlls/crypt32 \
	dlls/crypt32/tests \
	dlls/cryptbase \
	dlls/cryptdlg \
	dlls/cryptdll \
	dlls/cryptext \
	dlls/cryptext/tests \
	dlls/cryptnet \
	dlls/cryptnet/tests \
	dlls/cryptowinrt \
	dlls/cryptowinrt/tests \
	dlls/cryptsp \
	dlls/cryptui \
	dlls/cryptui/tests \
	dlls/cryptxml \
	dlls/cryptxml/tests \
	dlls/ctapi32 \
	dlls/ctl3d.dll16 \
	dlls/ctl3d32 \
	dlls/ctl3dv2.dll16 \
	dlls/d2d1 \
	dlls/d2d1/tests \
	dlls/d3d10 \
	dlls/d3d10/tests \
	dlls/d3d10_1 \
	dlls/d3d10_1/tests \
	dlls/d3d10core \
	dlls/d3d10core/tests \
	dlls/d3d11 \
	dlls/d3d11/tests \
	dlls/d3d12 \
	dlls/d3d12/tests \
	dlls/d3d12core \
	dlls/d3d8 \
	dlls/d3d8/tests \
	dlls/d3d8thk \
	dlls/d3d9 \
	dlls/d3d9/tests \
	dlls/d3dcompiler_33 \
	dlls/d3dcompiler_34 \
	dlls/d3dcompiler_35 \
	dlls/d3dcompiler_36 \
	dlls/d3dcompiler_37 \
	dlls/d3dcompiler_38 \
	dlls/d3dcompiler_39 \
	dlls/d3dcompiler_40 \
	dlls/d3dcompiler_41 \
	dlls/d3dcompiler_42 \
	dlls/d3dcompiler_42/tests \
	dlls/d3dcompiler_43 \
	dlls/d3dcompiler_43/tests \
	dlls/d3dcompiler_46 \
	dlls/d3dcompiler_46/tests \
	dlls/d3dcompiler_47 \
	dlls/d3dcompiler_47/tests \
	dlls/d3dim \
	dlls/d3dim700 \
	dlls/d3drm \
	dlls/d3drm/tests \
	dlls/d3dx10_33 \
	dlls/d3dx10_33/tests \
	dlls/d3dx10_34 \
	dlls/d3dx10_34/tests \
	dlls/d3dx10_35 \
	dlls/d3dx10_35/tests \
	dlls/d3dx10_36 \
	dlls/d3dx10_36/tests \
	dlls/d3dx10_37 \
	dlls/d3dx10_37/tests \
	dlls/d3dx10_38 \
	dlls/d3dx10_38/tests \
	dlls/d3dx10_39 \
	dlls/d3dx10_39/tests \
	dlls/d3dx10_40 \
	dlls/d3dx10_40/tests \
	dlls/d3dx10_41 \
	dlls/d3dx10_41/tests \
	dlls/d3dx10_42 \
	dlls/d3dx10_42/tests \
	dlls/d3dx10_43 \
	dlls/d3dx10_43/tests \
	dlls/d3dx11_42 \
	dlls/d3dx11_42/tests \
	dlls/d3dx11_43 \
	dlls/d3dx11_43/tests \
	dlls/d3dx9_24 \
	dlls/d3dx9_25 \
	dlls/d3dx9_26 \
	dlls/d3dx9_27 \
	dlls/d3dx9_28 \
	dlls/d3dx9_29 \
	dlls/d3dx9_30 \
	dlls/d3dx9_31 \
	dlls/d3dx9_32 \
	dlls/d3dx9_33 \
	dlls/d3dx9_34 \
	dlls/d3dx9_35 \
	dlls/d3dx9_35/tests \
	dlls/d3dx9_36 \
	dlls/d3dx9_36/tests \
	dlls/d3dx9_37 \
	dlls/d3dx9_38 \
	dlls/d3dx9_39 \
	dlls/d3dx9_40 \
	dlls/d3dx9_41 \
	dlls/d3dx9_42 \
	dlls/d3dx9_42/tests \
	dlls/d3dx9_43 \
	dlls/d3dx9_43/tests \
	dlls/d3dxof \
	dlls/d3dxof/tests \
	dlls/dataexchange \
	dlls/dataexchange/tests \
	dlls/davclnt \
	dlls/dbgeng \
	dlls/dbgeng/tests \
	dlls/dbghelp \
	dlls/dbghelp/tests \
	dlls/dciman32 \
	dlls/dcomp \
	dlls/ddeml.dll16 \
	dlls/ddraw \
	dlls/ddraw/tests \
	dlls/ddrawex \
	dlls/ddrawex/tests \
	dlls/desk.cpl \
	dlls/devenum \
	dlls/devenum/tests \
	dlls/dhcpcsvc \
	dlls/dhcpcsvc/tests \
	dlls/dhcpcsvc6 \
	dlls/dhtmled.ocx \
	dlls/diasymreader \
	dlls/difxapi \
	dlls/dinput \
	dlls/dinput/tests \
	dlls/dinput8 \
	dlls/directmanipulation \
	dlls/directmanipulation/tests \
	dlls/dispdib.dll16 \
	dlls/dispex \
	dlls/dispex/tests \
	dlls/display.drv16 \
	dlls/dmband \
	dlls/dmband/tests \
	dlls/dmcompos \
	dlls/dmcompos/tests \
	dlls/dmime \
	dlls/dmime/tests \
	dlls/dmloader \
	dlls/dmloader/tests \
	dlls/dmscript \
	dlls/dmscript/tests \
	dlls/dmstyle \
	dlls/dmstyle/tests \
	dlls/dmsynth \
	dlls/dmsynth/tests \
	dlls/dmusic \
	dlls/dmusic/tests \
	dlls/dmusic32 \
	dlls/dnsapi \
	dlls/dnsapi/tests \
	dlls/dplay \
	dlls/dplayx \
	dlls/dplayx/tests \
	dlls/dpnaddr \
	dlls/dpnet \
	dlls/dpnet/tests \
	dlls/dpnhpast \
	dlls/dpnhupnp \
	dlls/dpnlobby \
	dlls/dpvoice \
	dlls/dpvoice/tests \
	dlls/dpwsockx \
	dlls/drmclien \
	dlls/dsdmo \
	dlls/dsdmo/tests \
	dlls/dsound \
	dlls/dsound/tests \
	dlls/dsquery \
	dlls/dsrole \
	dlls/dssenh \
	dlls/dssenh/tests \
	dlls/dsuiext \
	dlls/dswave \
	dlls/dswave/tests \
	dlls/dwmapi \
	dlls/dwmapi/tests \
	dlls/dwrite \
	dlls/dwrite/tests \
	dlls/dx8vb \
	dlls/dxcore \
	dlls/dxcore/tests \
	dlls/dxdiagn \
	dlls/dxdiagn/tests \
	dlls/dxgi \
	dlls/dxgi/tests \
	dlls/dxtrans \
	dlls/dxva2 \
	dlls/dxva2/tests \
	dlls/esent \
	dlls/evr \
	dlls/evr/tests \
	dlls/explorerframe \
	dlls/explorerframe/tests \
	dlls/faultrep \
	dlls/faultrep/tests \
	dlls/feclient \
	dlls/fltlib \
	dlls/fltmgr.sys \
	dlls/fntcache \
	dlls/fontsub \
	dlls/fusion \
	dlls/fusion/tests \
	dlls/fwpuclnt \
	dlls/gameinput \
	dlls/gameux \
	dlls/gameux/tests \
	dlls/gamingtcui \
	dlls/gdi.exe16 \
	dlls/gdi32 \
	dlls/gdi32/tests \
	dlls/gdiplus \
	dlls/gdiplus/tests \
	dlls/geolocation \
	dlls/geolocation/tests \
	dlls/glu32 \
	dlls/glu32/tests \
	dlls/gphoto2.ds \
	dlls/gpkcsp \
	dlls/graphicscapture \
	dlls/graphicscapture/tests \
	dlls/hal \
	dlls/hhctrl.ocx \
	dlls/hid \
	dlls/hid/tests \
	dlls/hidclass.sys \
	dlls/hidparse.sys \
	dlls/hlink \
	dlls/hlink/tests \
	dlls/hnetcfg \
	dlls/hnetcfg/tests \
	dlls/hrtfapo \
	dlls/http.sys \
	dlls/httpapi \
	dlls/httpapi/tests \
	dlls/hvsimanagementapi \
	dlls/hvsimanagementapi/tests \
	dlls/ia2comproxy \
	dlls/iccvid \
	dlls/iccvid/tests \
	dlls/icmp \
	dlls/icmui \
	dlls/icmui/tests \
	dlls/icu \
	dlls/icu/tests \
	dlls/icuin \
	dlls/icuuc \
	dlls/ieframe \
	dlls/ieframe/tests \
	dlls/ieproxy \
	dlls/iertutil \
	dlls/iertutil/tests \
	dlls/ifsmgr.vxd \
	dlls/imaadp32.acm \
	dlls/imagehlp \
	dlls/imagehlp/tests \
	dlls/imm.dll16 \
	dlls/imm32 \
	dlls/imm32/tests \
	dlls/inetcomm \
	dlls/inetcomm/tests \
	dlls/inetcpl.cpl \
	dlls/inetmib1 \
	dlls/inetmib1/tests \
	dlls/infosoft \
	dlls/infosoft/tests \
	dlls/initpki \
	dlls/inkobj \
	dlls/inseng \
	dlls/iphlpapi \
	dlls/iphlpapi/tests \
	dlls/iprop \
	dlls/ir50_32 \
	dlls/ir50_32/tests \
	dlls/irprops.cpl \
	dlls/itircl \
	dlls/itss \
	dlls/itss/tests \
	dlls/iyuv_32 \
	dlls/iyuv_32/tests \
	dlls/joy.cpl \
	dlls/jscript \
	dlls/jscript/tests \
	dlls/jsproxy \
	dlls/jsproxy/tests \
	dlls/kerberos \
	dlls/kernel32 \
	dlls/kernel32/tests \
	dlls/kernelbase \
	dlls/kernelbase/tests \
	dlls/keyboard.drv16 \
	dlls/krnl386.exe16 \
	dlls/ksecdd.sys \
	dlls/ksproxy.ax \
	dlls/ksuser \
	dlls/ktmw32 \
	dlls/l3codeca.acm \
	dlls/l3codecx.ax \
	dlls/loadperf \
	dlls/localspl \
	dlls/localspl/tests \
	dlls/localui \
	dlls/localui/tests \
	dlls/lz32 \
	dlls/lz32/tests \
	dlls/lzexpand.dll16 \
	dlls/magnification \
	dlls/mapi32 \
	dlls/mapi32/tests \
	dlls/mapistub \
	dlls/mciavi32 \
	dlls/mcicda \
	dlls/mciqtz32 \
	dlls/mciseq \
	dlls/mciwave \
	dlls/mf \
	dlls/mf/tests \
	dlls/mf3216 \
	dlls/mfasfsrcsnk \
	dlls/mferror \
	dlls/mfh264enc \
	dlls/mfmediaengine \
	dlls/mfmediaengine/tests \
	dlls/mfmp4srcsnk \
	dlls/mfplat \
	dlls/mfplat/tests \
	dlls/mfplay \
	dlls/mfplay/tests \
	dlls/mfreadwrite \
	dlls/mfreadwrite/tests \
	dlls/mfsrcsnk \
	dlls/mfsrcsnk/tests \
	dlls/mgmtapi \
	dlls/midimap \
	dlls/mlang \
	dlls/mlang/tests \
	dlls/mmcndmgr \
	dlls/mmcndmgr/tests \
	dlls/mmdevapi \
	dlls/mmdevapi/tests \
	dlls/mmdevldr.vxd \
	dlls/mmsystem.dll16 \
	dlls/monodebg.vxd \
	dlls/mouhid.sys \
	dlls/mountmgr.sys \
	dlls/mouse.drv16 \
	dlls/mp3dmod \
	dlls/mp3dmod/tests \
	dlls/mpr \
	dlls/mpr/tests \
	dlls/mprapi \
	dlls/msacm.dll16 \
	dlls/msacm32 \
	dlls/msacm32.drv \
	dlls/msacm32/tests \
	dlls/msado15 \
	dlls/msado15/tests \
	dlls/msadp32.acm \
	dlls/msasn1 \
	dlls/msasn1/tests \
	dlls/msauddecmft \
	dlls/mscat32 \
	dlls/mscms \
	dlls/mscms/tests \
	dlls/mscoree \
	dlls/mscoree/tests \
	dlls/mscorwks \
	dlls/msctf \
	dlls/msctf/tests \
	dlls/msctfmonitor \
	dlls/msctfp \
	dlls/msdaps \
	dlls/msdasql \
	dlls/msdasql/tests \
	dlls/msdelta \
	dlls/msdmo \
	dlls/msdmo/tests \
	dlls/msdrm \
	dlls/msftedit \
	dlls/msftedit/tests \
	dlls/msg711.acm \
	dlls/msgsm32.acm \
	dlls/mshtml \
	dlls/mshtml.tlb \
	dlls/mshtml/tests \
	dlls/msi \
	dlls/msi/tests \
	dlls/msident \
	dlls/msimg32 \
	dlls/msimsg \
	dlls/msimtf \
	dlls/msisip \
	dlls/msisys.ocx \
	dlls/msls31 \
	dlls/msmpeg2vdec \
	dlls/msnet32 \
	dlls/mspatcha \
	dlls/mspatcha/tests \
	dlls/msports \
	dlls/msrle32 \
	dlls/msrle32/tests \
	dlls/msscript.ocx \
	dlls/msscript.ocx/tests \
	dlls/mssign32 \
	dlls/mssip32 \
	dlls/mstask \
	dlls/mstask/tests \
	dlls/msttsengine \
	dlls/msv1_0 \
	dlls/msvcirt \
	dlls/msvcirt/tests \
	dlls/msvcm80 \
	dlls/msvcm90 \
	dlls/msvcp100 \
	dlls/msvcp100/tests \
	dlls/msvcp110 \
	dlls/msvcp110/tests \
	dlls/msvcp120 \
	dlls/msvcp120/tests \
	dlls/msvcp120_app \
	dlls/msvcp140 \
	dlls/msvcp140/tests \
	dlls/msvcp140_1 \
	dlls/msvcp140_1/tests \
	dlls/msvcp140_2 \
	dlls/msvcp140_2/tests \
	dlls/msvcp140_atomic_wait \
	dlls/msvcp140_atomic_wait/tests \
	dlls/msvcp140_codecvt_ids \
	dlls/msvcp60 \
	dlls/msvcp60/tests \
	dlls/msvcp70 \
	dlls/msvcp71 \
	dlls/msvcp80 \
	dlls/msvcp90 \
	dlls/msvcp90/tests \
	dlls/msvcp_win \
	dlls/msvcr100 \
	dlls/msvcr100/tests \
	dlls/msvcr110 \
	dlls/msvcr110/tests \
	dlls/msvcr120 \
	dlls/msvcr120/tests \
	dlls/msvcr120_app \
	dlls/msvcr70 \
	dlls/msvcr70/tests \
	dlls/msvcr71 \
	dlls/msvcr71/tests \
	dlls/msvcr80 \
	dlls/msvcr80/tests \
	dlls/msvcr90 \
	dlls/msvcr90/tests \
	dlls/msvcrt \
	dlls/msvcrt/tests \
	dlls/msvcrt20 \
	dlls/msvcrt40 \
	dlls/msvcrtd \
	dlls/msvcrtd/tests \
	dlls/msvdsp \
	dlls/msvfw32 \
	dlls/msvfw32/tests \
	dlls/msvidc32 \
	dlls/msvideo.dll16 \
	dlls/msvproc \
	dlls/mswsock \
	dlls/msxml \
	dlls/msxml2 \
	dlls/msxml3 \
	dlls/msxml3/tests \
	dlls/msxml4 \
	dlls/msxml4/tests \
	dlls/msxml6 \
	dlls/msxml6/tests \
	dlls/mtxdm \
	dlls/ncrypt \
	dlls/ncrypt/tests \
	dlls/nddeapi \
	dlls/ndfapi \
	dlls/ndis.sys \
	dlls/ndis.sys/tests \
	dlls/netapi32 \
	dlls/netapi32/tests \
	dlls/netcfgx \
	dlls/netcfgx/tests \
	dlls/netio.sys \
	dlls/netprofm \
	dlls/netprofm/tests \
	dlls/netutils \
	dlls/newdev \
	dlls/ninput \
	dlls/ninput/tests \
	dlls/normaliz \
	dlls/npmshtml \
	dlls/npptools \
	dlls/nsi \
	dlls/nsi/tests \
	dlls/nsiproxy.sys \
	dlls/ntdll \
	dlls/ntdll/tests \
	dlls/ntdsapi \
	dlls/ntdsapi/tests \
	dlls/ntoskrnl.exe \
	dlls/ntoskrnl.exe/tests \
	dlls/ntprint \
	dlls/ntprint/tests \
	dlls/objsel \
	dlls/odbc32 \
	dlls/odbc32/tests \
	dlls/odbcbcp \
	dlls/odbccp32 \
	dlls/odbccp32/tests \
	dlls/odbccu32 \
	dlls/ole2.dll16 \
	dlls/ole2conv.dll16 \
	dlls/ole2disp.dll16 \
	dlls/ole2nls.dll16 \
	dlls/ole2prox.dll16 \
	dlls/ole2thk.dll16 \
	dlls/ole32 \
	dlls/ole32/tests \
	dlls/oleacc \
	dlls/oleacc/tests \
	dlls/oleaut32 \
	dlls/oleaut32/tests \
	dlls/olecli.dll16 \
	dlls/olecli32 \
	dlls/oledb32 \
	dlls/oledb32/tests \
	dlls/oledlg \
	dlls/oledlg/tests \
	dlls/olepro32 \
	dlls/olesvr.dll16 \
	dlls/olesvr32 \
	dlls/olethk32 \
	dlls/opcservices \
	dlls/opcservices/tests \
	dlls/opencl \
	dlls/opengl32 \
	dlls/opengl32/tests \
	dlls/packager \
	dlls/packager/tests \
	dlls/pdh \
	dlls/pdh/tests \
	dlls/photometadatahandler \
	dlls/pidgen \
	dlls/powrprof \
	dlls/printui \
	dlls/prntvpt \
	dlls/prntvpt/tests \
	dlls/profapi \
	dlls/propsys \
	dlls/propsys/tests \
	dlls/psapi \
	dlls/psapi/tests \
	dlls/pstorec \
	dlls/pstorec/tests \
	dlls/pwrshplugin \
	dlls/qasf \
	dlls/qasf/tests \
	dlls/qcap \
	dlls/qcap/tests \
	dlls/qdvd \
	dlls/qdvd/tests \
	dlls/qedit \
	dlls/qedit/tests \
	dlls/qmgr \
	dlls/qmgr/tests \
	dlls/qmgrprxy \
	dlls/quartz \
	dlls/quartz/tests \
	dlls/query \
	dlls/qwave \
	dlls/qwave/tests \
	dlls/rasapi16.dll16 \
	dlls/rasapi32 \
	dlls/rasapi32/tests \
	dlls/rasdlg \
	dlls/regapi \
	dlls/resampledmo \
	dlls/resutils \
	dlls/riched20 \
	dlls/riched20/tests \
	dlls/riched32 \
	dlls/riched32/tests \
	dlls/rometadata \
	dlls/rometadata/tests \
	dlls/rpcrt4 \
	dlls/rpcrt4/tests \
	dlls/rsabase \
	dlls/rsaenh \
	dlls/rsaenh/tests \
	dlls/rstrtmgr \
	dlls/rtscom \
	dlls/rtutils \
	dlls/rtworkq \
	dlls/rtworkq/tests \
	dlls/samlib \
	dlls/sane.ds \
	dlls/sapi \
	dlls/sapi/tests \
	dlls/sas \
	dlls/scarddlg \
	dlls/scardsvr \
	dlls/sccbase \
	dlls/schannel \
	dlls/schannel/tests \
	dlls/schedsvc \
	dlls/schedsvc/tests \
	dlls/scrobj \
	dlls/scrobj/tests \
	dlls/scrrun \
	dlls/scrrun/tests \
	dlls/scsiport.sys \
	dlls/sechost \
	dlls/secur32 \
	dlls/secur32/tests \
	dlls/security \
	dlls/sensapi \
	dlls/serialui \
	dlls/serialui/tests \
	dlls/setupapi \
	dlls/setupapi/tests \
	dlls/setupx.dll16 \
	dlls/sfc \
	dlls/sfc_os \
	dlls/shcore \
	dlls/shcore/tests \
	dlls/shdoclc \
	dlls/shdocvw \
	dlls/shdocvw/tests \
	dlls/shell.dll16 \
	dlls/shell32 \
	dlls/shell32/tests \
	dlls/shfolder \
	dlls/shlwapi \
	dlls/shlwapi/tests \
	dlls/slbcsp \
	dlls/slc \
	dlls/slc/tests \
	dlls/snmpapi \
	dlls/snmpapi/tests \
	dlls/softpub \
	dlls/sound.drv16 \
	dlls/spoolss \
	dlls/spoolss/tests \
	dlls/sppc \
	dlls/srclient \
	dlls/srvcli \
	dlls/srvsvc \
	dlls/sspicli \
	dlls/stdole2.tlb \
	dlls/stdole32.tlb \
	dlls/sti \
	dlls/sti/tests \
	dlls/storage.dll16 \
	dlls/stress.dll16 \
	dlls/strmdll \
	dlls/svrapi \
	dlls/sxs \
	dlls/sxs/tests \
	dlls/system.drv16 \
	dlls/t2embed \
	dlls/t2embed/tests \
	dlls/tapi32 \
	dlls/tapi32/tests \
	dlls/taskschd \
	dlls/taskschd/tests \
	dlls/tbs \
	dlls/tdh \
	dlls/tdh/tests \
	dlls/tdi.sys \
	dlls/threadpoolwinrt \
	dlls/threadpoolwinrt/tests \
	dlls/thumbcache \
	dlls/thumbcache/tests \
	dlls/tiptsf \
	dlls/toolhelp.dll16 \
	dlls/traffic \
	dlls/twain.dll16 \
	dlls/twain_32 \
	dlls/twain_32/tests \
	dlls/twaindsm \
	dlls/twinapi.appcore \
	dlls/twinapi.appcore/tests \
	dlls/typelib.dll16 \
	dlls/tzres \
	dlls/ucrtbase \
	dlls/ucrtbase/tests \
	dlls/uianimation \
	dlls/uianimation/tests \
	dlls/uiautomationcore \
	dlls/uiautomationcore/tests \
	dlls/uiribbon \
	dlls/unicows \
	dlls/updspapi \
	dlls/url \
	dlls/urlmon \
	dlls/urlmon/tests \
	dlls/usbd.sys \
	dlls/user.exe16 \
	dlls/user32 \
	dlls/user32/tests \
	dlls/userenv \
	dlls/userenv/tests \
	dlls/usp10 \
	dlls/usp10/tests \
	dlls/utildll \
	dlls/uxtheme \
	dlls/uxtheme/tests \
	dlls/vbscript \
	dlls/vbscript/tests \
	dlls/vccorlib140 \
	dlls/vccorlib140/tests \
	dlls/vcomp \
	dlls/vcomp/tests \
	dlls/vcomp100 \
	dlls/vcomp110 \
	dlls/vcomp110/tests \
	dlls/vcomp120 \
	dlls/vcomp140 \
	dlls/vcomp90 \
	dlls/vcruntime140 \
	dlls/vcruntime140_1 \
	dlls/vdhcp.vxd \
	dlls/vdmdbg \
	dlls/ver.dll16 \
	dlls/version \
	dlls/version/tests \
	dlls/vga \
	dlls/vidreszr \
	dlls/virtdisk \
	dlls/virtdisk/tests \
	dlls/vmm.vxd \
	dlls/vnbt.vxd \
	dlls/vnetbios.vxd \
	dlls/vssapi \
	dlls/vtdapi.vxd \
	dlls/vulkan-1 \
	dlls/vulkan-1/tests \
	dlls/vwin32.vxd \
	dlls/w32skrnl \
	dlls/w32sys.dll16 \
	dlls/wbemdisp \
	dlls/wbemdisp/tests \
	dlls/wbemprox \
	dlls/wbemprox/tests \
	dlls/wdscore \
	dlls/webservices \
	dlls/webservices/tests \
	dlls/websocket \
	dlls/wer \
	dlls/wer/tests \
	dlls/wevtapi \
	dlls/wevtapi/tests \
	dlls/wevtsvc \
	dlls/wiaservc \
	dlls/wiaservc/tests \
	dlls/wimgapi \
	dlls/win32s16.dll16 \
	dlls/win32u \
	dlls/win32u/tests \
	dlls/win87em.dll16 \
	dlls/winaspi.dll16 \
	dlls/winbio \
	dlls/winbrand \
	dlls/windebug.dll16 \
	dlls/windows.applicationmodel \
	dlls/windows.applicationmodel/tests \
	dlls/windows.devices.bluetooth \
	dlls/windows.devices.bluetooth/tests \
	dlls/windows.devices.enumeration \
	dlls/windows.devices.enumeration/tests \
	dlls/windows.devices.radios \
	dlls/windows.devices.radios/tests \
	dlls/windows.devices.usb \
	dlls/windows.devices.usb/tests \
	dlls/windows.gaming.input \
	dlls/windows.gaming.input/tests \
	dlls/windows.gaming.ui.gamebar \
	dlls/windows.gaming.ui.gamebar/tests \
	dlls/windows.globalization \
	dlls/windows.globalization/tests \
	dlls/windows.graphics \
	dlls/windows.graphics/tests \
	dlls/windows.media \
	dlls/windows.media.devices \
	dlls/windows.media.devices/tests \
	dlls/windows.media.mediacontrol \
	dlls/windows.media.mediacontrol/tests \
	dlls/windows.media.playback.backgroundmediaplayer \
	dlls/windows.media.playback.backgroundmediaplayer/tests \
	dlls/windows.media.playback.mediaplayer \
	dlls/windows.media.playback.mediaplayer/tests \
	dlls/windows.media.speech \
	dlls/windows.media.speech/tests \
	dlls/windows.media/tests \
	dlls/windows.networking \
	dlls/windows.networking.connectivity \
	dlls/windows.networking.connectivity/tests \
	dlls/windows.networking.hostname \
	dlls/windows.networking.hostname/tests \
	dlls/windows.perception.stub \
	dlls/windows.perception.stub/tests \
	dlls/windows.security.authentication.onlineid \
	dlls/windows.security.authentication.onlineid/tests \
	dlls/windows.security.credentials.ui.userconsentverifier \
	dlls/windows.security.credentials.ui.userconsentverifier/tests \
	dlls/windows.storage \
	dlls/windows.storage.applicationdata \
	dlls/windows.storage.applicationdata/tests \
	dlls/windows.storage/tests \
	dlls/windows.system.profile.systemid \
	dlls/windows.system.profile.systemid/tests \
	dlls/windows.system.profile.systemmanufacturers \
	dlls/windows.system.profile.systemmanufacturers/tests \
	dlls/windows.ui \
	dlls/windows.ui.core.textinput \
	dlls/windows.ui.core.textinput/tests \
	dlls/windows.ui.xaml \
	dlls/windows.ui.xaml/tests \
	dlls/windows.ui/tests \
	dlls/windows.web \
	dlls/windows.web/tests \
	dlls/windows.xbox \
	dlls/windowscodecs \
	dlls/windowscodecs/tests \
	dlls/windowscodecsext \
	dlls/windowscodecsext/tests \
	dlls/winealsa.drv \
	dlls/wineandroid.drv \
	dlls/winebth.sys \
	dlls/winebus.sys \
	dlls/winecoreaudio.drv \
	dlls/wined3d \
	dlls/winedmo \
	dlls/winegstreamer \
	dlls/winehid.sys \
	dlls/winemac.drv \
	dlls/winemapi \
	dlls/wineoss.drv \
	dlls/wineps.drv \
	dlls/wineps16.drv16 \
	dlls/winepulse.drv \
	dlls/wineusb.sys \
	dlls/winevulkan \
	dlls/winewayland.drv \
	dlls/winex11.drv \
	dlls/winexinput.sys \
	dlls/wing.dll16 \
	dlls/wing32 \
	dlls/wing32/tests \
	dlls/winhttp \
	dlls/winhttp/tests \
	dlls/wininet \
	dlls/wininet/tests \
	dlls/winmm \
	dlls/winmm/tests \
	dlls/winnls.dll16 \
	dlls/winnls32 \
	dlls/winprint \
	dlls/winscard \
	dlls/winscard/tests \
	dlls/winsock.dll16 \
	dlls/winspool.drv \
	dlls/winspool.drv/tests \
	dlls/winsqlite3 \
	dlls/winsqlite3/tests \
	dlls/winsta \
	dlls/wintab.dll16 \
	dlls/wintab32 \
	dlls/wintab32/tests \
	dlls/wintrust \
	dlls/wintrust/tests \
	dlls/wintypes \
	dlls/wintypes/tests \
	dlls/winusb \
	dlls/wkscli \
	dlls/wlanapi \
	dlls/wlanapi/tests \
	dlls/wlanui \
	dlls/wldap32 \
	dlls/wldap32/tests \
	dlls/wldp \
	dlls/wldp/tests \
	dlls/wmadmod \
	dlls/wmasf \
	dlls/wmi \
	dlls/wmilib.sys \
	dlls/wminet_utils \
	dlls/wmiutils \
	dlls/wmiutils/tests \
	dlls/wmp \
	dlls/wmp/tests \
	dlls/wmphoto \
	dlls/wmvcore \
	dlls/wmvcore/tests \
	dlls/wmvdecod \
	dlls/wnaspi32 \
	dlls/wofutil \
	dlls/wow32 \
	dlls/wow64 \
	dlls/wow64cpu \
	dlls/wow64win \
	dlls/wpc \
	dlls/wpc/tests \
	dlls/wpcap \
	dlls/wpcap/tests \
	dlls/ws2 \
	dlls/ws2_32 \
	dlls/ws2_32/tests \
	dlls/wsdapi \
	dlls/wsdapi/tests \
	dlls/wshom.ocx \
	dlls/wshom.ocx/tests \
	dlls/wsnmp32 \
	dlls/wsnmp32/tests \
	dlls/wsock32 \
	dlls/wtsapi32 \
	dlls/wtsapi32/tests \
	dlls/wuapi \
	dlls/wuaueng \
	dlls/x3daudio1_0 \
	dlls/x3daudio1_1 \
	dlls/x3daudio1_2 \
	dlls/x3daudio1_3 \
	dlls/x3daudio1_4 \
	dlls/x3daudio1_5 \
	dlls/x3daudio1_6 \
	dlls/x3daudio1_7 \
	dlls/xactengine2_0 \
	dlls/xactengine2_4 \
	dlls/xactengine2_7 \
	dlls/xactengine2_9 \
	dlls/xactengine3_0 \
	dlls/xactengine3_1 \
	dlls/xactengine3_2 \
	dlls/xactengine3_3 \
	dlls/xactengine3_4 \
	dlls/xactengine3_5 \
	dlls/xactengine3_6 \
	dlls/xactengine3_7 \
	dlls/xactengine3_7/tests \
	dlls/xapofx1_1 \
	dlls/xapofx1_2 \
	dlls/xapofx1_3 \
	dlls/xapofx1_4 \
	dlls/xapofx1_5 \
	dlls/xaudio2_0 \
	dlls/xaudio2_1 \
	dlls/xaudio2_2 \
	dlls/xaudio2_3 \
	dlls/xaudio2_4 \
	dlls/xaudio2_5 \
	dlls/xaudio2_6 \
	dlls/xaudio2_7 \
	dlls/xaudio2_7/tests \
	dlls/xaudio2_8 \
	dlls/xaudio2_8/tests \
	dlls/xaudio2_9 \
	dlls/xinput1_1 \
	dlls/xinput1_2 \
	dlls/xinput1_3 \
	dlls/xinput1_3/tests \
	dlls/xinput1_4 \
	dlls/xinput9_1_0 \
	dlls/xinputuap \
	dlls/xmllite \
	dlls/xmllite/tests \
	dlls/xolehlp \
	dlls/xpsprint \
	dlls/xpssvcs \
	dlls/xtajit64 \
	fonts \
	include \
	libs/adsiid \
	libs/c++ \
	libs/c++abi \
	libs/capstone \
	libs/compiler-rt \
	libs/dmoguids \
	libs/dxerr8 \
	libs/dxerr9 \
	libs/dxguid \
	libs/faudio \
	libs/ffmpeg \
	libs/fluidsynth \
	libs/gsm \
	libs/icucommon \
	libs/icui18n \
	libs/jpeg \
	libs/jxr \
	libs/lcms2 \
	libs/ldap \
	libs/mfuuid \
	libs/mpg123 \
	libs/musl \
	libs/png \
	libs/sqlite3 \
	libs/strmbase \
	libs/strmiids \
	libs/strsafe \
	libs/symcrypt \
	libs/tiff \
	libs/unwind \
	libs/uuid \
	libs/vkd3d \
	libs/wbemuuid \
	libs/winecrt0 \
	libs/wmcodecdspuuid \
	libs/xml2 \
	libs/xslt \
	libs/zlib \
	loader \
	nls \
	po \
	programs/arp \
	programs/aspnet_regiis \
	programs/attrib \
	programs/cabarc \
	programs/cacls \
	programs/certutil \
	programs/chcp.com \
	programs/clock \
	programs/cmd \
	programs/cmd/tests \
	programs/conhost \
	programs/conhost/tests \
	programs/control \
	programs/cscript \
	programs/dism \
	programs/dllhost \
	programs/dplaysvr \
	programs/dpnsvr \
	programs/dpvsetup \
	programs/dxdiag \
	programs/eject \
	programs/expand \
	programs/explorer \
	programs/explorer/tests \
	programs/extrac32 \
	programs/fc \
	programs/fc/tests \
	programs/find \
	programs/find/tests \
	programs/findstr \
	programs/findstr/tests \
	programs/fsutil \
	programs/fsutil/tests \
	programs/hh \
	programs/hostname \
	programs/icacls \
	programs/icinfo \
	programs/iexplore \
	programs/ipconfig \
	programs/klist \
	programs/lodctr \
	programs/makecab \
	programs/mofcomp \
	programs/mshta \
	programs/msidb \
	programs/msiexec \
	programs/msinfo32 \
	programs/net \
	programs/net/tests \
	programs/netsh \
	programs/netstat \
	programs/ngen \
	programs/notepad \
	programs/odbcad32 \
	programs/oleview \
	programs/ping \
	programs/plugplay \
	programs/pnputil \
	programs/powershell \
	programs/presentationfontcache \
	programs/progman \
	programs/reg \
	programs/reg/tests \
	programs/regasm \
	programs/regedit \
	programs/regedit/tests \
	programs/regini \
	programs/regsvcs \
	programs/regsvr32 \
	programs/robocopy \
	programs/rpcss \
	programs/runas \
	programs/rundll.exe16 \
	programs/rundll32 \
	programs/sc \
	programs/sc/tests \
	programs/schtasks \
	programs/schtasks/tests \
	programs/sdbinst \
	programs/secedit \
	programs/servicemodelreg \
	programs/services \
	programs/services/tests \
	programs/setx \
	programs/shutdown \
	programs/sort \
	programs/spoolsv \
	programs/start \
	programs/subst \
	programs/svchost \
	programs/systeminfo \
	programs/taskkill \
	programs/tasklist \
	programs/tasklist/tests \
	programs/taskmgr \
	programs/termsv \
	programs/timeout \
	programs/timeout/tests \
	programs/uninstaller \
	programs/unlodctr \
	programs/view \
	programs/wevtutil \
	programs/where \
	programs/whoami \
	programs/wineboot \
	programs/winebrowser \
	programs/winecfg \
	programs/wineconsole \
	programs/winedbg \
	programs/winedevice \
	programs/winefile \
	programs/winemenubuilder \
	programs/winemine \
	programs/winemsibuilder \
	programs/winepath \
	programs/winetest \
	programs/winevdm \
	programs/winhelp.exe16 \
	programs/winhlp32 \
	programs/winmgmt \
	programs/winoldap.mod16 \
	programs/winver \
	programs/wmic \
	programs/wmplayer \
	programs/wordpad \
	programs/write \
	programs/wscript \
	programs/wscript/tests \
	programs/wuauserv \
	programs/wusa \
	programs/xcopy \
	programs/xcopy/tests \
	server \
	tools \
	tools/sfnt2fon \
	tools/widl \
	tools/wine \
	tools/winebuild \
	tools/winedump \
	tools/winegcc \
	tools/winemaker \
	tools/wmc \
	tools/wrc'
ALSA_CFLAGS=''
ALSA_LIBS=''
ANDROID_HOME=''
APPKIT_LIBS=''
APPLICATIONSERVICES_LIBS=''
BISON='bison'
CAPI20_CFLAGS=''
CAPI20_LIBS=''
CAPSTONE_PE_CFLAGS='-I$(top_srcdir)/libs/capstone/include'
CAPSTONE_PE_LIBS='capstone'
CC='gcc -m64'
CFLAGS='-g -O2 -U_FORTIFY_SOURCE -D_FORTIFY_SOURCE=0'
CONFIGURE_TARGETS=' TAGS tags config.log'
CONVERT=''
COREAUDIO_LIBS=''
COREFOUNDATION_LIBS=''
CORESERVICES_LIBS=''
CORETEXT_LIBS=''
CPP='gcc -m64 -E'
CPPBIN='cpp'
CPPFLAGS=''
CUPS_CFLAGS=''
CUPS_LIBS=''
CXX='g++ -m64'
CXXABI_PE_CFLAGS='-I$(top_srcdir)/libs/c++abi/include'
CXXABI_PE_LIBS='c++abi $(UNWIND_PE_LIBS) c++'
CXXFLAGS='-g -O2'
CXX_PE_CFLAGS=''
CXX_PE_LIBS='c++ $(CXXABI_PE_LIBS) msvcp140 vcruntime140'
DBUS_CFLAGS=''
DBUS_LIBS=''
DEFS='-DHAVE_CONFIG_H'
DISABLED_SUBDIRS=' dlls/capi2032 dlls/gphoto2.ds dlls/opencl dlls/sane.ds dlls/winealsa.drv dlls/wineandroid.drv dlls/winecoreaudio.drv dlls/winegstreamer dlls/winemac.drv dlls/wineoss.drv dlls/winepulse.drv dlls/wineusb.sys dlls/winewayland.drv dlls/winscard dlls/wpcap libs/c++abi libs/unwind po'
DISKARBITRATION_LIBS=''
DLLEXT='.so'
DLLFLAGS=' -fPIC -fasynchronous-unwind-tables'
ECHO_C=''
ECHO_N='-n'
ECHO_T=''
EGL_CFLAGS=''
EGL_LIBS='-lEGL'
EXEEXT=''
EXTERNAL_SUBDIRS='libs/capstone libs/c++ libs/c++abi libs/faudio libs/ffmpeg libs/fluidsynth libs/gsm libs/icucommon libs/icui18n libs/jpeg libs/jxr libs/lcms2 libs/ldap libs/mpg123 libs/musl libs/png libs/sqlite3 libs/symcrypt libs/tiff libs/unwind libs/vkd3d libs/xml2 libs/xslt libs/zlib libs/compiler-rt'
EXTRACFLAGS=' -Wall -pipe -fcf-protection=none -fvisibility=hidden -fno-stack-protector -fno-strict-aliasing -Wdeclaration-after-statement -Wempty-body -Wignored-qualifiers -Winit-self -Wlogical-op -Wno-packed-not-aligned -Wpointer-arith -Wshift-overflow=2 -Wstrict-prototypes -Wtype-limits -Wunused-but-set-parameter -Wvla -Wwrite-strings -Wno-misleading-indentation -gdwarf-4'
FAUDIO_PE_CFLAGS='-I$(top_srcdir)/libs/faudio/include'
FAUDIO_PE_LIBS='faudio mfplat mfreadwrite mfuuid propsys'
FFMPEG_CFLAGS=''
FFMPEG_LIBS=''
FFMPEG_PE_CFLAGS='-I$(top_srcdir)/libs/ffmpeg'
FFMPEG_PE_LIBS='ffmpeg bcrypt'
FLEX='flex'
FLUIDSYNTH_PE_CFLAGS='-I$(top_srcdir)/libs/fluidsynth/include'
FLUIDSYNTH_PE_LIBS='fluidsynth'
FONTCONFIG_CFLAGS='-I/usr/include/freetype2 -I/usr/include/libpng16 '
FONTCONFIG_LIBS='-lfontconfig -lfreetype '
FONTFORGE=''
FREETYPE_CFLAGS='-I/usr/include/freetype2 -I/usr/include/libpng16 '
FREETYPE_LIBS='-lfreetype '
GETTEXTPO_LIBS=''
GNUTLS_CFLAGS=''
GNUTLS_LIBS='-lgnutls'
GPHOTO2_CFLAGS=''
GPHOTO2_LIBS='-lgphoto2'
GPHOTO2_PORT_CFLAGS=''
GPHOTO2_PORT_LIBS=''
GRADLE=''
GSM_PE_CFLAGS='-I$(top_srcdir)/libs/gsm/inc'
GSM_PE_LIBS='gsm'
GSSAPI_CFLAGS=''
GSSAPI_LIBS=''
GSTREAMER_CFLAGS=''
GSTREAMER_LIBS=''
HOST_ARCH='x86_64'
HWLOC_CFLAGS=''
HWLOC_LIBS=''
I386_LIBS=''
ICOTOOL=''
ICUCOMMON_PE_CFLAGS='-I$(top_srcdir)/libs/icucommon'
ICUCOMMON_PE_LIBS='icucommon'
ICUI18N_PE_CFLAGS=''
ICUI18N_PE_LIBS='icui18n'
INOTIFY_CFLAGS=''
INOTIFY_LIBS=''
IOKIT_LIBS=''
JPEG_PE_CFLAGS='-I$(top_srcdir)/libs/jpeg'
JPEG_PE_LIBS='jpeg'
JXR_PE_CFLAGS='-I$(top_srcdir)/libs/jxr/jxrgluelib -I$(top_srcdir)/libs/jxr/image/sys'
JXR_PE_LIBS='jxr'
KRB5_CFLAGS=''
KRB5_LIBS=''
LCMS2_PE_CFLAGS='-I$(top_srcdir)/libs/lcms2/include'
LCMS2_PE_LIBS='lcms2'
LD='ld'
LDAP_PE_CFLAGS='-I$(top_srcdir)/libs/ldap/include'
LDAP_PE_LIBS='ldap'
LDD='/usr/bin/ldd'
LDDLLFLAGS='-fPIC -fasynchronous-unwind-tables'
LDEXECFLAGS=''
LDFLAGS=''
LIBOBJS=''
LIBS=''
LN_S='ln -s'
LTLIBOBJS=''
MINGW_PKG_CONFIG=''
MPG123_PE_CFLAGS='-I$(top_srcdir)/libs/mpg123/src/include'
MPG123_PE_LIBS='mpg123'
MSGFMT='false'
MSVCRTFLAGS='-D_WIN32 -mlong-double-64 -fno-builtin -fshort-wchar -Wno-format -mabi=ms'
MUSL_PE_CFLAGS=''
MUSL_PE_LIBS='musl'
NASM='false'
NETAPI_CFLAGS=''
NETAPI_LIBS=''
OBJC=''
OBJCFLAGS=''
OBJEXT='o'
OPENCL_CFLAGS=''
OPENCL_LIBS='-lOpenCL'
OPENGL_LIBS=''
OSS4_CFLAGS=''
OSS4_LIBS=''
OTOOL='otool'
PACKAGE_BUGREPORT='wine-devel@winehq.org'
PACKAGE_NAME='Wine'
PACKAGE_STRING='Wine 11.15'
PACKAGE_TARNAME='wine'
PACKAGE_URL='https://www.winehq.org'
PACKAGE_VERSION='11.15'
PATH_SEPARATOR=':'
PCAP_CFLAGS=''
PCAP_LIBS=''
PCSCLITE_CFLAGS=''
PCSCLITE_LIBS=''
PE_ARCHS=' i386 x86_64'
PKG_CONFIG='pkg-config'
PNG_PE_CFLAGS='-I$(top_srcdir)/libs/png'
PNG_PE_LIBS='png $(ZLIB_PE_LIBS)'
PROCSTAT_LIBS=''
PTHREAD_LIBS=''
PULSE_CFLAGS=''
PULSE_LIBS=''
READELF='readelf'
RESOLV_LIBS='-lresolv'
RSVG=''
RT_LIBS=''
RUNTESTFLAGS='-q -P wine'
SANE_CFLAGS=''
SANE_LIBS=''
SARIF_CONVERTER=''
SDL2_CFLAGS=''
SDL2_LIBS='-lSDL2'
SECURITY_LIBS=''
SED_CMD='LC_ALL=C sed -e '\''s,@bindir@,${bindir},g'\'' -e '\''s,@PACKAGE_STRING@,Wine 11.15,g'\'' -e '\''s,@PACKAGE_VERSION@,11.15,g'\'''
SHELL='/bin/sh'
SQLITE3_PE_CFLAGS=''
SQLITE3_PE_LIBS='sqlite3'
STRIP='strip'
SUBDIRS=' \
SYMCRYPT_PE_CFLAGS='-I$(top_srcdir)/libs/symcrypt/inc'
SYMCRYPT_PE_LIBS='symcrypt'
SYSTEMCONFIGURATION_LIBS=''
TAGSFLAGS='--langmap='\''c:+.idl.l.rh,make:(Make*.in)'\'''
TARGETFLAGS=' -m64'
TIFF_PE_CFLAGS='-I$(top_srcdir)/libs/tiff/libtiff'
TIFF_PE_LIBS='tiff $(ZLIB_PE_LIBS)'
TOP_INSTALL_DEV=' include'
TOP_INSTALL_LIB=' fonts loader/wine.inf nls programs/msidb/msidb programs/msiexec/msiexec programs/notepad/notepad programs/regedit/regedit programs/regsvr32/regsvr32 programs/wineboot/wineboot programs/winecfg/winecfg programs/wineconsole/wineconsole programs/winedbg/winedbg programs/winefile/winefile programs/winemine/winemine programs/winepath/winepath server/wineserver loader/wine.desktop'
UDEV_CFLAGS=''
UDEV_LIBS=''
UNIXDLLFLAGS='-fPIC -fasynchronous-unwind-tables'
UNIXLDFLAGS='-shared -Wl,-Bsymbolic -Wl,-soname,$(UNIXLIB) -Wl,-z,defs'
UNWIND_PE_CFLAGS='-I$(top_srcdir)/libs/unwind/include'
UNWIND_PE_LIBS='unwind'
USB_CFLAGS=''
USB_LIBS=''
VA_CFLAGS=''
VA_LIBS='-lva-drm -lva'
VKD3D_PE_CFLAGS='-I$(top_srcdir)/libs/vkd3d/include'
VKD3D_PE_LIBS='vkd3d'
WAYLAND_CLIENT_CFLAGS=''
WAYLAND_CLIENT_LIBS=''
WAYLAND_EGL_CFLAGS=''
WAYLAND_EGL_LIBS=''
WAYLAND_SCANNER=''
WINELOADER_DEPENDS=''
WINELOADER_LDFLAGS='-Wl,--export-dynamic -pie'
WINELOADER_PROGRAMS='wine wine-preloader'
WINEPRELOADER_LDFLAGS='-nostartfiles -nodefaultlibs -static-pie'
XKBCOMMON_CFLAGS=''
XKBCOMMON_LIBS=''
XKBREGISTRY_CFLAGS=''
XKBREGISTRY_LIBS=''
XMKMF=''
XML2_PE_CFLAGS='-I$(top_srcdir)/libs/xml2/include -DLIBXML_STATIC'
XML2_PE_LIBS='xml2'
XSLT_PE_CFLAGS='-I$(top_srcdir)/libs/xslt/libxslt -I$(top_srcdir)/libs/xslt -DLIBXSLT_STATIC'
XSLT_PE_LIBS='xslt'
X_CFLAGS=''
X_LIBS=' -lXext -lX11'
ZLIB_PE_CFLAGS='-I$(top_srcdir)/libs/zlib -DFAR= -DZ_SOLO'
ZLIB_PE_LIBS='z'
aarch64_CC=''
aarch64_CFLAGS=''
aarch64_CXX=''
aarch64_CXXFLAGS=''
aarch64_DEBUG=''
aarch64_DELAYLOADFLAG=''
aarch64_DISABLED_SUBDIRS=''
aarch64_EXTRACFLAGS=''
aarch64_EXTRACXXFLAGS=''
aarch64_LDFLAGS=''
aarch64_STRIP=''
aarch64_TARGET=''
ac_ct_CC='gcc'
ac_ct_CXX='g++'
ac_ct_OBJC=''
arm64ec_CC=''
arm64ec_CFLAGS=''
arm64ec_CXX=''
arm64ec_CXXFLAGS=''
arm64ec_DEBUG=''
arm64ec_DELAYLOADFLAG=''
arm64ec_DISABLED_SUBDIRS=''
arm64ec_EXTRACFLAGS=''
arm64ec_EXTRACXXFLAGS=''
arm64ec_LDFLAGS=''
arm64ec_STRIP=''
arm64ec_TARGET=''
arm_CC=''
arm_CFLAGS=''
arm_CXX=''
arm_CXXFLAGS=''
arm_DEBUG=''
arm_DELAYLOADFLAG=''
arm_DISABLED_SUBDIRS=''
arm_EXTRACFLAGS=''
arm_EXTRACXXFLAGS=''
arm_LDFLAGS=''
arm_STRIP=''
arm_TARGET=''
bindir='${exec_prefix}/bin'
build='x86_64-pc-linux-gnu'
build_alias=''
build_cpu='x86_64'
build_os='linux-gnu'
build_vendor='pc'
datadir='${datarootdir}'
datarootdir='${prefix}/share'
docdir='${datarootdir}/doc/${PACKAGE_TARNAME}'
dvidir='${docdir}'
exec_prefix='${prefix}'
host='x86_64-pc-linux-gnu'
host_alias=''
host_cpu='x86_64'
host_os='linux-gnu'
host_vendor='pc'
htmldir='${docdir}'
i386_CC='clang'
i386_CFLAGS='-g -O2'
i386_CXX='clang -std=gnu++17'
i386_CXXFLAGS='-g -O2'
i386_DEBUG='dwarf'
i386_DELAYLOADFLAG='-Wl,-delayload,'
i386_DISABLED_SUBDIRS=' dlls/vcruntime140_1 dlls/wow64 dlls/wow64cpu dlls/wow64win dlls/xtajit64 programs/conhost programs/plugplay programs/rpcss programs/services programs/spoolsv programs/termsv programs/wineboot programs/winemenubuilder programs/wuauserv'
i386_EXTRACFLAGS='-D__WINE_PE_BUILD -Wall -target i686-windows -fuse-ld=lld --no-default-config -fno-strict-aliasing -Wempty-body -Wignored-qualifiers -Winit-self -Wno-microsoft-enum-forward-reference -Wtype-limits -Wunused-but-set-parameter -Wvla -Wwrite-strings -Wpointer-arith -ffunction-sections -ffp-exception-behavior=maytrap -fms-hotpatch -fno-omit-frame-pointer -mlong-double-64 -msse2 -gdwarf-4 -Wdeclaration-after-statement -Wstrict-prototypes -Wabsolute-value'
i386_EXTRACXXFLAGS='-D__WINE_PE_BUILD -Wall -target i686-windows -fuse-ld=lld --no-default-config -fno-strict-aliasing -Wempty-body -Wignored-qualifiers -Winit-self -Wno-microsoft-enum-forward-reference -Wtype-limits -Wunused-but-set-parameter -Wvla -Wwrite-strings -Wpointer-arith -ffunction-sections -ffp-exception-behavior=maytrap -fms-hotpatch -fno-omit-frame-pointer -mlong-double-64 -msse2 -gdwarf-4'
i386_LDFLAGS=' --no-default-config -fms-hotpatch -Wl,-debug:dwarf -Wl,--build-id'
i386_STRIP='llvm-strip'
i386_TARGET='i686-windows'
includedir='${prefix}/include'
infodir='${datarootdir}/info'
libdir='${exec_prefix}/lib'
libexecdir='${exec_prefix}/libexec'
localedir='${datarootdir}/locale'
localstatedir='${prefix}/var'
mandir='${datarootdir}/man'
oldincludedir='/usr/include'
pdfdir='${docdir}'
prefix='/usr/local'
program_transform_name='s,x,x,'
psdir='${docdir}'
runstatedir='${localstatedir}/run'
sbindir='${exec_prefix}/sbin'
sharedstatedir='${prefix}/com'
srcdir='.'
sysconfdir='${prefix}/etc'
system_dllpath=''
target_alias=''
toolsdir=''
toolsext=''
wine64dir=''
x86_64_CC='clang'
x86_64_CFLAGS='-g -O2'
x86_64_CXX='clang -std=gnu++17'
x86_64_CXXFLAGS='-g -O2'
x86_64_DEBUG='dwarf'
x86_64_DELAYLOADFLAG='-Wl,-delayload,'
x86_64_DISABLED_SUBDIRS=' dlls/avifile.dll16 dlls/comm.drv16 dlls/commdlg.dll16 dlls/compobj.dll16 dlls/ctl3d.dll16 dlls/ctl3dv2.dll16 dlls/ddeml.dll16 dlls/dispdib.dll16 dlls/display.drv16 dlls/gdi.exe16 dlls/ifsmgr.vxd dlls/imm.dll16 dlls/keyboard.drv16 dlls/krnl386.exe16 dlls/lzexpand.dll16 dlls/mmdevldr.vxd dlls/mmsystem.dll16 dlls/monodebg.vxd dlls/mouse.drv16 dlls/msacm.dll16 dlls/msvideo.dll16 dlls/ole2.dll16 dlls/ole2conv.dll16 dlls/ole2disp.dll16 dlls/ole2nls.dll16 dlls/ole2prox.dll16 dlls/ole2thk.dll16 dlls/olecli.dll16 dlls/olesvr.dll16 dlls/rasapi16.dll16 dlls/setupx.dll16 dlls/shell.dll16 dlls/sound.drv16 dlls/storage.dll16 dlls/stress.dll16 dlls/system.drv16 dlls/toolhelp.dll16 dlls/twain.dll16 dlls/twain_32 dlls/typelib.dll16 dlls/user.exe16 dlls/vdhcp.vxd dlls/ver.dll16 dlls/vmm.vxd dlls/vnbt.vxd dlls/vnetbios.vxd dlls/vtdapi.vxd dlls/vwin32.vxd dlls/w32skrnl dlls/w32sys.dll16 dlls/win32s16.dll16 dlls/win87em.dll16 dlls/winaspi.dll16 dlls/windebug.dll16 dlls/wineps16.drv16 dlls/wing.dll16 dlls/winnls.dll16 dlls/winsock.dll16 dlls/wintab.dll16 dlls/wow32 dlls/xtajit64 programs/rundll.exe16 programs/winevdm programs/winhelp.exe16 programs/winoldap.mod16'
x86_64_EXTRACFLAGS='-D__WINE_PE_BUILD -Wall -target x86_64-windows -fuse-ld=lld --no-default-config -fno-strict-aliasing -Wempty-body -Wignored-qualifiers -Winit-self -Wno-microsoft-enum-forward-reference -Wtype-limits -Wunused-but-set-parameter -Wvla -Wwrite-strings -Wpointer-arith -ffunction-sections -ffp-exception-behavior=maytrap -fms-hotpatch -Wformat-overflow -Wnonnull -mlong-double-64 -mcx16 -mcmodel=small -gdwarf-4 -Wdeclaration-after-statement -Wstrict-prototypes -Wabsolute-value'
x86_64_EXTRACXXFLAGS='-D__WINE_PE_BUILD -Wall -target x86_64-windows -fuse-ld=lld --no-default-config -fno-strict-aliasing -Wempty-body -Wignored-qualifiers -Winit-self -Wno-microsoft-enum-forward-reference -Wtype-limits -Wunused-but-set-parameter -Wvla -Wwrite-strings -Wpointer-arith -ffunction-sections -ffp-exception-behavior=maytrap -fms-hotpatch -Wformat-overflow -Wnonnull -mlong-double-64 -mcx16 -mcmodel=small -gdwarf-4'
x86_64_LDFLAGS=' --no-default-config -fms-hotpatch -Wl,-debug:dwarf -Wl,--build-id'
x86_64_STRIP='llvm-strip'
x86_64_TARGET='x86_64-windows'

## ----------- ##
## confdefs.h. ##
## ----------- ##

/* confdefs.h */
#define PACKAGE_NAME "Wine"
#define PACKAGE_TARNAME "wine"
#define PACKAGE_VERSION "11.15"
#define PACKAGE_STRING "Wine 11.15"
#define PACKAGE_BUGREPORT "wine-devel@winehq.org"
#define PACKAGE_URL "https://www.winehq.org"
#define EXEEXT ""
#define HAVE_STDIO_H 1
#define HAVE_STDLIB_H 1
#define HAVE_STRING_H 1
#define HAVE_INTTYPES_H 1
#define HAVE_STDINT_H 1
#define HAVE_STRINGS_H 1
#define HAVE_SYS_STAT_H 1
#define HAVE_SYS_TYPES_H 1
#define HAVE_UNISTD_H 1
#define STDC_HEADERS 1
#define HAVE_ARPA_INET_H 1
#define HAVE_ARPA_NAMESER_H 1
#define HAVE_ASM_TERMBITS_H 1
#define HAVE_ASM_TYPES_H 1
#define HAVE_ELF_H 1
#define HAVE_LINK_H 1
#define HAVE_LINUX_CDROM_H 1
#define HAVE_LINUX_ERRQUEUE_H 1
#define HAVE_LINUX_FILTER_H 1
#define HAVE_LINUX_FS_H 1
#define HAVE_LINUX_HDREG_H 1
#define HAVE_LINUX_HIDRAW_H 1
#define HAVE_LINUX_INPUT_H 1
#define HAVE_LINUX_IOCTL_H 1
#define HAVE_LINUX_MAJOR_H 1
#define HAVE_LINUX_MEMFD_H 1
#define HAVE_LINUX_PARAM_H 1
#define HAVE_LINUX_SERIAL_H 1
#define HAVE_LINUX_TYPES_H 1
#define HAVE_LINUX_USERFAULTFD_H 1
#define HAVE_LINUX_WIRELESS_H 1
#define HAVE_MNTENT_H 1
#define HAVE_NETDB_H 1
#define HAVE_NETINET_IN_H 1
#define HAVE_NETINET_IN_SYSTM_H 1
#define HAVE_NETINET_TCP_H 1
#define HAVE_PWD_H 1
#define HAVE_SCHED_H 1
#define HAVE_SCSI_SCSI_H 1
#define HAVE_SCSI_SCSI_IOCTL_H 1
#define HAVE_SCSI_SG_H 1
#define HAVE_SYS_AUXV_H 1
#define HAVE_SYS_EPOLL_H 1
#define HAVE_SYS_IPC_H 1
#define HAVE_SYS_MTIO_H 1
#define HAVE_SYS_PARAM_H 1
#define HAVE_SYS_PERSONALITY_H 1
#define HAVE_SYS_PRCTL_H 1
#define HAVE_SYS_PTRACE_H 1
#define HAVE_SYS_QUEUE_H 1
#define HAVE_SYS_RANDOM_H 1
#define HAVE_SYS_RESOURCE_H 1
#define HAVE_SYS_SHM_H 1
#define HAVE_SYS_SIGNAL_H 1
#define HAVE_SYS_SOCKETVAR_H 1
#define HAVE_SYS_STATVFS_H 1
#define HAVE_SYS_SYSCALL_H 1
#define HAVE_SYS_SYSINFO_H 1
#define HAVE_SYS_TIMES_H 1
#define HAVE_SYS_UIO_H 1
#define HAVE_SYS_USER_H 1
#define HAVE_SYS_UTSNAME_H 1
#define HAVE_SYS_XATTR_H 1
#define HAVE_SYSCALL_H 1
#define HAVE_UTIME_H 1
#define HAVE_VALGRIND_MEMCHECK_H 1
#define HAVE_VALGRIND_VALGRIND_H 1
#define MAJOR_IN_SYSMACROS 1
#define HAVE_SYS_MOUNT_H 1
#define HAVE_SYS_STATFS_H 1
#define HAVE_SYS_USER_H 1
#define HAVE_SYS_VFS_H 1
#define HAVE_NETINET_IP_H 1
#define HAVE_NET_IF_H 1
#define HAVE_NET_IF_ARP_H 1
#define HAVE_NET_ROUTE_H 1
#define HAVE_NETINET_IF_ETHER_H 1
#define HAVE_NETINET_IP_ICMP_H 1
#define HAVE_NETINET_UDP_H 1
#define HAVE_NETIPX_IPX_H 1
#define HAVE_SYS_UN_H 1
#define HAVE_NETINET_ICMP6_H 1
#define HAVE_LINUX_RTNETLINK_H 1
#define HAVE_RESOLV_H 1
#define HAVE_IFADDRS_H 1
#define HAVE_SYS_UCONTEXT_H 1
#define HAVE_LINUX_VIDEODEV2_H 1
#define _GNU_SOURCE 1
#define SONAME_LIBX11 "libX11.so.6"
#define SONAME_LIBXEXT "libXext.so.6"
#define HAVE_X11_EXTENSIONS_SHAPE_H 1
#define HAVE_X11_EXTENSIONS_XINPUT2_H 1
#define HAVE_X11_EXTENSIONS_XSHM_H 1
#define HAVE_X11_EXTENSIONS_XFIXES_H 1
#define HAVE_X11_EXTENSIONS_XRANDR_H 1
#define HAVE_X11_EXTENSIONS_XRENDER_H 1
#define HAVE_X11_EXTENSIONS_XF86VMPROTO_H 1
#define SONAME_LIBXCURSOR "libXcursor.so.1"
#define SONAME_LIBXI "libXi.so.6"
#define HAVE_LIBXXSHM 1
#define HAVE_LIBXSHAPE 1
#define SONAME_LIBXRENDER "libXrender.so.1"
#define HAVE_XRENDERSETPICTURETRANSFORM 1
#define HAVE_XRENDERCREATELINEARGRADIENT 1
#define SONAME_LIBXRANDR "libXrandr.so.2"
#define HAVE_XRRGETPROVIDERRESOURCES 1
#define SONAME_LIBXFIXES "libXfixes.so.3"
#define HAVE_XICCALLBACK_CALLBACK 1
#define HAVE_XEVENT_XCOOKIE 1
#define HAVE_SYS_INOTIFY_H 1
#define HAVE_RESOLV 1
#define HAVE_FT2BUILD_H 1
#define SONAME_LIBFREETYPE "libfreetype.so.6"
#define SONAME_LIBFONTCONFIG "libfontconfig.so.1"
#define SONAME_LIBODBC "libodbc.so"
#define HAVE_WINE_PRELOADER 1
#define HAVE_DLADDR1 1
#define HAVE_DLINFO 1
#define HAVE_EPOLL_CREATE 1
#define HAVE_EPOLL_PWAIT2 1
#define HAVE_FSTATFS 1
#define HAVE_FUTIMENS 1
#define HAVE_FUTIMES 1
#define HAVE_FUTIMESAT 1
#define HAVE_GETADDRINFO 1
#define HAVE_GETAUXVAL 1
#define HAVE_GETIFADDRS 1
#define HAVE_GETRANDOM 1
#define HAVE_MEMFD_CREATE 1
#define HAVE_PIPE2 1
#define HAVE_POSIX_FADVISE 1
#define HAVE_POSIX_FALLOCATE 1
#define HAVE_PRCTL 1
#define HAVE_PROCESS_VM_READV 1
#define HAVE_PROCESS_VM_WRITEV 1
#define HAVE_SCHED_GETCPU 1
#define HAVE_SCHED_YIELD 1
#define HAVE_SIGPROCMASK 1
#define HAVE_SYSINFO 1
#define HAVE_TCDRAIN 1
#define HAVE_CLOCK_GETTIME 1
#define HAVE_SCHED_SETAFFINITY 1
#define HAVE_LINUX_GETHOSTBYNAME_R_6 1
#define HAVE_SG_IO_HDR_T_INTERFACE_ID 1
#define HAVE_SIGINFO_T_SI_FD 1
#define HAVE_STRUCT_MTGET_MT_GSTAT 1
#define HAVE_STRUCT_MTGET_MT_BLKNO 1
#define HAVE_STRUCT_STAT_ST_MTIM 1
#define HAVE_STRUCT_STAT_ST_CTIM 1
#define HAVE_STRUCT_STAT_ST_ATIM 1
#define HAVE_STRUCT_SOCKADDR_IN6_SIN6_SCOPE_ID 1
#define HAVE_STRUCT___RES_STATE__U__EXT_NSCOUNT6 1
#define HAVE_STRUCT_IN6_PKTINFO_IPI6_ADDR 1
#define HAVE_STRUCT_IFREQ_IFR_HWADDR 1
#define HAVE_STRUCT_SYSINFO_TOTALRAM 1
#define HAVE_STRUCT_SYSINFO_MEM_UNIT 1
#define HAVE___BUILTIN_POPCOUNT 1
#define HAVE___CLEAR_CACHE 1

configure: exit 
